id,date,user,pc,activity
1,2025-01-01 09:43:00,U0001,PC0001,Logon
2,2025-01-01 17:34:42.248516,U0001,PC0001,Logoff
3,2025-01-01 09:12:00,U0002,PC0002,Logon
4,2025-01-01 18:43:22.907483,U0002,PC0002,Logoff
5,2025-01-01 08:25:00,U0003,PC0003,Logon
6,2025-01-01 16:10:57.106955,U0003,PC0003,Logoff
7,2025-01-01 09:00:00,U0004,PC0004,Logon
8,2025-01-01 17:46:02.765025,U0004,PC0004,Logoff
9,2025-01-01 08:20:00,U0005,PC0005,Logon
10,2025-01-01 16:52:33.216157,U0005,PC0005,Logoff
11,2025-01-01 08:50:00,U0006,PC0006,Logon
12,2025-01-01 16:22:03.372887,U0006,PC0006,Logoff
13,2025-01-01 09:59:00,U0007,PC0007,Logon
14,2025-01-01 16:04:12.191119,U0007,PC0007,Logoff
15,2025-01-01 08:58:00,U0008,PC0008,Logon
16,2025-01-01 16:24:15.764895,U0008,PC0008,Logoff
17,2025-01-01 08:26:00,U0009,PC0009,Logon
18,2025-01-01 16:44:51.290397,U0009,PC0009,Logoff
19,2025-01-01 08:47:00,U0010,PC0010,Logon
20,2025-01-01 15:22:15.706675,U0010,PC0010,Logoff
21,2025-01-01 09:29:00,U0011,PC0011,Logon
22,2025-01-01 17:15:27.205318,U0011,PC0011,Logoff
23,2025-01-01 09:31:00,U0012,PC0012,Logon
24,2025-01-01 16:05:30.906530,U0012,PC0012,Logoff
25,2025-01-01 08:43:00,U0013,PC0013,Logon
26,2025-01-01 16:49:39.321323,U0013,PC0013,Logoff
27,2025-01-01 08:14:00,U0014,PC0014,Logon
28,2025-01-01 16:36:32.512866,U0014,PC0014,Logoff
29,2025-01-01 08:46:00,U0015,PC0015,Logon
30,2025-01-01 16:28:29.902501,U0015,PC0015,Logoff
31,2025-01-01 08:19:00,U0016,PC0016,Logon
32,2025-01-01 18:10:08.201464,U0016,PC0016,Logoff
33,2025-01-01 08:52:00,U0017,PC0017,Logon
34,2025-01-01 15:48:32.240656,U0017,PC0017,Logoff
35,2025-01-01 09:31:00,U0018,PC0018,Logon
36,2025-01-01 16:17:44.962860,U0018,PC0018,Logoff
37,2025-01-01 09:35:00,U0019,PC0019,Logon
38,2025-01-01 15:37:25.187554,U0019,PC0019,Logoff
39,2025-01-01 08:50:00,U0020,PC0020,Logon
40,2025-01-01 17:01:48.700449,U0020,PC0020,Logoff
41,2025-01-01 09:07:00,U0021,PC0021,Logon
42,2025-01-01 17:17:16.925812,U0021,PC0021,Logoff
43,2025-01-01 08:57:00,U0022,PC0022,Logon
44,2025-01-01 16:38:56.026696,U0022,PC0022,Logoff
45,2025-01-01 08:22:00,U0023,PC0023,Logon
46,2025-01-01 15:38:48.560850,U0023,PC0023,Logoff
47,2025-01-01 08:14:00,U0024,PC0024,Logon
48,2025-01-01 17:17:25.640014,U0024,PC0024,Logoff
49,2025-01-01 09:53:00,U0025,PC0025,Logon
50,2025-01-01 16:07:13.055441,U0025,PC0025,Logoff
51,2025-01-01 09:00:00,U0026,PC0026,Logon
52,2025-01-01 16:36:53.703791,U0026,PC0026,Logoff
53,2025-01-01 08:28:00,U0027,PC0027,Logon
54,2025-01-01 17:04:42.034640,U0027,PC0027,Logoff
55,2025-01-01 09:01:00,U0028,PC0028,Logon
56,2025-01-01 17:56:52.608429,U0028,PC0028,Logoff
57,2025-01-01 23:29:00,U0029,PC0029,Logon
58,2025-01-02 07:10:26.835447,U0029,PC0029,Logoff
59,2025-01-01 09:03:00,U0030,PC0030,Logon
60,2025-01-01 18:01:31.962458,U0030,PC0030,Logoff
61,2025-01-01 08:09:00,U0031,PC0031,Logon
62,2025-01-01 15:57:51.627684,U0031,PC0031,Logoff
63,2025-01-01 08:32:00,U0032,PC0032,Logon
64,2025-01-01 15:20:13.656153,U0032,PC0032,Logoff
65,2025-01-01 09:19:00,U0033,PC0033,Logon
66,2025-01-01 18:40:22.464103,U0033,PC0033,Logoff
67,2025-01-01 08:19:00,U0034,PC0034,Logon
68,2025-01-01 17:19:12.718432,U0034,PC0034,Logoff
69,2025-01-01 09:56:00,U0035,PC0035,Logon
70,2025-01-01 17:17:17.568883,U0035,PC0035,Logoff
71,2025-01-01 09:01:00,U0036,PC0036,Logon
72,2025-01-01 18:33:16.931639,U0036,PC0036,Logoff
73,2025-01-01 08:39:00,U0037,PC0037,Logon
74,2025-01-01 18:12:52.717161,U0037,PC0037,Logoff
75,2025-01-01 07:08:00,U0038,PC0038,Logon
76,2025-01-01 15:57:18.849016,U0038,PC0038,Logoff
77,2025-01-01 09:12:00,U0039,PC0039,Logon
78,2025-01-01 16:54:03.573538,U0039,PC0039,Logoff
79,2025-01-01 09:55:00,U0040,PC0040,Logon
80,2025-01-01 15:55:44.751907,U0040,PC0040,Logoff
81,2025-01-01 08:55:00,U0041,PC0041,Logon
82,2025-01-01 17:16:25.605257,U0041,PC0041,Logoff
83,2025-01-01 09:39:00,U0042,PC0042,Logon
84,2025-01-01 17:07:54.227214,U0042,PC0042,Logoff
85,2025-01-01 08:37:00,U0043,PC0043,Logon
86,2025-01-01 16:06:53.674643,U0043,PC0043,Logoff
87,2025-01-01 09:46:00,U0044,PC0044,Logon
88,2025-01-01 18:05:43.503995,U0044,PC0044,Logoff
89,2025-01-01 08:45:00,U0045,PC0045,Logon
90,2025-01-01 17:15:47.762759,U0045,PC0045,Logoff
91,2025-01-01 09:01:00,U0046,PC0046,Logon
92,2025-01-01 17:59:07.121966,U0046,PC0046,Logoff
93,2025-01-01 08:45:00,U0047,PC0047,Logon
94,2025-01-01 16:25:20.416272,U0047,PC0047,Logoff
95,2025-01-01 08:23:00,U0048,PC0048,Logon
96,2025-01-01 14:55:11.346187,U0048,PC0048,Logoff
97,2025-01-01 09:24:00,U0049,PC0049,Logon
98,2025-01-01 17:39:39.798980,U0049,PC0049,Logoff
99,2025-01-01 09:49:00,U0050,PC0050,Logon
100,2025-01-01 17:34:55.486320,U0050,PC0050,Logoff
101,2025-01-01 08:48:00,U0051,LAB015,Logon
102,2025-01-01 16:22:45.676838,U0051,LAB015,Logoff
103,2025-01-01 08:44:00,U0052,PC0052,Logon
104,2025-01-01 15:55:51.801831,U0052,PC0052,Logoff
105,2025-01-01 08:19:00,U0053,PC0053,Logon
106,2025-01-01 16:43:14.583085,U0053,PC0053,Logoff
107,2025-01-01 09:09:00,U0054,PC0054,Logon
108,2025-01-01 17:19:28.480126,U0054,PC0054,Logoff
109,2025-01-01 09:48:00,U0055,PC0055,Logon
110,2025-01-01 17:43:31.994703,U0055,PC0055,Logoff
111,2025-01-01 08:37:00,U0056,PC0056,Logon
112,2025-01-01 16:35:24.550048,U0056,PC0056,Logoff
113,2025-01-01 09:38:00,U0057,PC0057,Logon
114,2025-01-01 20:05:47.671605,U0057,PC0057,Logoff
115,2025-01-01 08:40:00,U0058,PC0058,Logon
116,2025-01-01 16:58:05.570432,U0058,PC0058,Logoff
117,2025-01-01 08:22:00,U0059,PC0059,Logon
118,2025-01-01 15:11:52.759065,U0059,PC0059,Logoff
119,2025-01-01 09:30:00,U0060,PC0060,Logon
120,2025-01-01 18:15:06.958918,U0060,PC0060,Logoff
121,2025-01-01 09:25:00,U0061,PC0061,Logon
122,2025-01-01 16:30:26.205163,U0061,PC0061,Logoff
123,2025-01-01 09:18:00,U0062,PC0062,Logon
124,2025-01-01 15:53:53.336174,U0062,PC0062,Logoff
125,2025-01-01 09:30:00,U0063,PC0063,Logon
126,2025-01-01 19:41:25.640253,U0063,PC0063,Logoff
127,2025-01-01 08:57:00,U0064,PC0064,Logon
128,2025-01-01 16:23:01.328173,U0064,PC0064,Logoff
129,2025-01-01 09:44:00,U0065,PC0065,Logon
130,2025-01-01 17:13:47.487645,U0065,PC0065,Logoff
131,2025-01-01 08:35:00,U0066,PC0066,Logon
132,2025-01-01 16:39:06.826709,U0066,PC0066,Logoff
133,2025-01-01 08:00:00,U0067,PC0067,Logon
134,2025-01-01 16:28:24.932750,U0067,PC0067,Logoff
135,2025-01-01 08:43:00,U0068,PC0068,Logon
136,2025-01-01 18:15:59.763858,U0068,PC0068,Logoff
137,2025-01-01 08:27:00,U0069,PC0069,Logon
138,2025-01-01 16:07:40.578542,U0069,PC0069,Logoff
139,2025-01-01 09:45:00,U0070,PC0070,Logon
140,2025-01-01 16:31:08.888461,U0070,PC0070,Logoff
141,2025-01-01 09:41:00,U0071,PC0071,Logon
142,2025-01-01 18:59:25.713915,U0071,PC0071,Logoff
143,2025-01-01 08:10:00,U0072,PC0072,Logon
144,2025-01-01 16:21:04.681891,U0072,PC0072,Logoff
145,2025-01-01 09:55:00,U0073,PC0073,Logon
146,2025-01-01 18:41:54.562338,U0073,PC0073,Logoff
147,2025-01-01 08:57:00,U0074,PC0074,Logon
148,2025-01-01 15:37:46.356193,U0074,PC0074,Logoff
149,2025-01-01 09:11:00,U0075,PC0075,Logon
150,2025-01-01 17:28:49.144824,U0075,PC0075,Logoff
151,2025-01-01 09:22:00,U0076,PC0076,Logon
152,2025-01-01 17:42:47.213554,U0076,PC0076,Logoff
153,2025-01-01 08:14:00,U0077,PC0077,Logon
154,2025-01-01 16:27:56.113310,U0077,PC0077,Logoff
155,2025-01-01 09:41:00,U0078,PC0078,Logon
156,2025-01-01 16:58:08.334895,U0078,PC0078,Logoff
157,2025-01-01 09:09:00,U0079,PC0079,Logon
158,2025-01-01 17:37:25.798515,U0079,PC0079,Logoff
159,2025-01-01 08:19:00,U0080,PC0080,Logon
160,2025-01-01 16:58:23.592991,U0080,PC0080,Logoff
161,2025-01-02 22:20:00,U0001,PC0001,Logon
162,2025-01-03 07:07:13.504573,U0001,PC0001,Logoff
163,2025-01-02 09:46:00,U0002,LAB011,Logon
164,2025-01-02 16:56:45.543654,U0002,LAB011,Logoff
165,2025-01-02 09:35:00,U0003,PC0003,Logon
166,2025-01-02 17:59:46.011337,U0003,PC0003,Logoff
167,2025-01-02 09:35:00,U0004,PC0004,Logon
168,2025-01-02 19:28:48.454738,U0004,PC0004,Logoff
169,2025-01-02 08:22:00,U0005,PC0005,Logon
170,2025-01-02 15:36:46.549808,U0005,PC0005,Logoff
171,2025-01-02 08:19:00,U0006,PC0006,Logon
172,2025-01-02 15:30:03.082974,U0006,PC0006,Logoff
173,2025-01-02 08:04:00,U0007,PC0007,Logon
174,2025-01-02 16:24:28.147109,U0007,PC0007,Logoff
175,2025-01-02 09:56:00,U0008,PC0008,Logon
176,2025-01-02 18:45:37.859697,U0008,PC0008,Logoff
177,2025-01-02 09:01:00,U0009,PC0009,Logon
178,2025-01-02 18:28:12.722678,U0009,PC0009,Logoff
179,2025-01-02 08:11:00,U0010,PC0010,Logon
180,2025-01-02 18:54:12.609000,U0010,PC0010,Logoff
181,2025-01-02 09:31:00,U0011,PC0011,Logon
182,2025-01-02 16:39:34.232797,U0011,PC0011,Logoff
183,2025-01-02 08:41:00,U0012,PC0012,Logon
184,2025-01-02 17:09:56.900695,U0012,PC0012,Logoff
185,2025-01-02 08:58:00,U0013,PC0013,Logon
186,2025-01-02 17:40:50.401779,U0013,PC0013,Logoff
187,2025-01-02 09:04:00,U0014,PC0014,Logon
188,2025-01-02 16:59:37.815914,U0014,PC0014,Logoff
189,2025-01-02 08:33:00,U0015,PC0015,Logon
190,2025-01-02 15:02:06.549991,U0015,PC0015,Logoff
191,2025-01-02 08:53:00,U0016,PC0016,Logon
192,2025-01-02 17:44:23.035660,U0016,PC0016,Logoff
193,2025-01-02 09:06:00,U0017,PC0017,Logon
194,2025-01-02 15:51:15.340397,U0017,PC0017,Logoff
195,2025-01-02 09:27:00,U0018,PC0018,Logon
196,2025-01-02 17:50:07.142567,U0018,PC0018,Logoff
197,2025-01-02 08:50:00,U0019,PC0019,Logon
198,2025-01-02 16:59:13.410381,U0019,PC0019,Logoff
199,2025-01-02 09:06:00,U0020,PC0020,Logon
200,2025-01-02 15:57:25.306928,U0020,PC0020,Logoff
201,2025-01-02 09:18:00,U0021,PC0021,Logon
202,2025-01-02 17:51:38.824295,U0021,PC0021,Logoff
203,2025-01-02 09:40:00,U0022,PC0022,Logon
204,2025-01-02 18:43:13.687387,U0022,PC0022,Logoff
205,2025-01-02 08:03:00,U0023,PC0023,Logon
206,2025-01-02 15:06:43.829856,U0023,PC0023,Logoff
207,2025-01-02 09:24:00,U0024,PC0024,Logon
208,2025-01-02 17:54:49.629423,U0024,PC0024,Logoff
209,2025-01-02 09:14:00,U0025,PC0025,Logon
210,2025-01-02 21:05:09.833366,U0025,PC0025,Logoff
211,2025-01-02 09:04:00,U0026,PC0026,Logon
212,2025-01-02 18:12:08.036305,U0026,PC0026,Logoff
213,2025-01-02 09:56:00,U0027,PC0027,Logon
214,2025-01-02 18:35:05.008505,U0027,PC0027,Logoff
215,2025-01-02 08:58:00,U0028,PC0028,Logon
216,2025-01-02 17:43:32.289194,U0028,PC0028,Logoff
217,2025-01-02 08:08:00,U0029,PC0029,Logon
218,2025-01-02 15:53:47.453016,U0029,PC0029,Logoff
219,2025-01-02 08:50:00,U0030,PC0030,Logon
220,2025-01-02 16:54:54.746902,U0030,PC0030,Logoff
221,2025-01-02 10:40:00,U0031,PC0031,Logon
222,2025-01-02 16:47:57.845307,U0031,PC0031,Logoff
223,2025-01-02 09:03:00,U0032,PC0032,Logon
224,2025-01-02 15:26:14.222864,U0032,PC0032,Logoff
225,2025-01-02 08:39:00,U0033,PC0033,Logon
226,2025-01-02 17:44:20.222149,U0033,PC0033,Logoff
227,2025-01-02 09:33:00,U0034,PC0034,Logon
228,2025-01-02 16:28:20.118799,U0034,PC0034,Logoff
229,2025-01-02 08:11:00,U0035,PC0035,Logon
230,2025-01-02 16:51:46.551896,U0035,PC0035,Logoff
231,2025-01-02 08:23:00,U0036,PC0036,Logon
232,2025-01-02 16:35:59.250922,U0036,PC0036,Logoff
233,2025-01-02 09:49:00,U0037,PC0037,Logon
234,2025-01-02 17:09:54.238749,U0037,PC0037,Logoff
235,2025-01-02 10:38:00,U0038,PC0038,Logon
236,2025-01-02 19:16:02.108480,U0038,PC0038,Logoff
237,2025-01-02 07:41:00,U0039,PC0039,Logon
238,2025-01-02 15:52:11.235533,U0039,PC0039,Logoff
239,2025-01-02 08:01:00,U0040,PC0040,Logon
240,2025-01-02 16:52:08.760005,U0040,PC0040,Logoff
241,2025-01-02 08:06:00,U0041,PC0041,Logon
242,2025-01-02 15:59:06.948811,U0041,PC0041,Logoff
243,2025-01-02 09:35:00,U0042,PC0042,Logon
244,2025-01-02 18:26:56.718699,U0042,PC0042,Logoff
245,2025-01-02 08:15:00,U0043,LAB017,Logon
246,2025-01-02 15:54:55.795551,U0043,LAB017,Logoff
247,2025-01-02 08:09:00,U0044,PC0044,Logon
248,2025-01-02 15:29:48.014763,U0044,PC0044,Logoff
249,2025-01-02 09:10:00,U0045,PC0045,Logon
250,2025-01-02 17:34:17.934159,U0045,PC0045,Logoff
251,2025-01-02 08:16:00,U0046,PC0046,Logon
252,2025-01-02 17:11:04.303009,U0046,PC0046,Logoff
253,2025-01-02 10:15:00,U0047,PC0047,Logon
254,2025-01-02 19:16:56.874938,U0047,PC0047,Logoff
255,2025-01-02 08:27:00,U0048,PC0048,Logon
256,2025-01-02 15:57:56.757338,U0048,PC0048,Logoff
257,2025-01-02 09:53:00,U0049,PC0049,Logon
258,2025-01-02 17:10:32.389924,U0049,PC0049,Logoff
259,2025-01-02 09:36:00,U0050,PC0050,Logon
260,2025-01-02 18:22:28.682592,U0050,PC0050,Logoff
261,2025-01-02 08:18:00,U0051,PC0051,Logon
262,2025-01-02 16:14:25.708718,U0051,PC0051,Logoff
263,2025-01-02 07:51:00,U0052,PC0052,Logon
264,2025-01-02 14:49:32.204491,U0052,PC0052,Logoff
265,2025-01-02 08:22:00,U0053,PC0053,Logon
266,2025-01-02 15:07:07.980545,U0053,PC0053,Logoff
267,2025-01-02 22:30:00,U0054,PC0054,Logon
268,2025-01-03 05:04:11.491039,U0054,PC0054,Logoff
269,2025-01-02 08:03:00,U0055,PC0055,Logon
270,2025-01-02 16:10:50.666078,U0055,PC0055,Logoff
271,2025-01-02 09:26:00,U0056,PC0056,Logon
272,2025-01-02 15:59:50.896256,U0056,PC0056,Logoff
273,2025-01-02 09:29:00,U0057,PC0057,Logon
274,2025-01-02 17:29:36.839020,U0057,PC0057,Logoff
275,2025-01-02 08:38:00,U0058,PC0058,Logon
276,2025-01-02 17:05:43.572507,U0058,PC0058,Logoff
277,2025-01-02 09:14:00,U0059,PC0059,Logon
278,2025-01-02 16:37:59.219242,U0059,PC0059,Logoff
279,2025-01-02 09:35:00,U0060,LAB004,Logon
280,2025-01-02 17:11:52.871051,U0060,LAB004,Logoff
281,2025-01-02 09:22:00,U0061,PC0061,Logon
282,2025-01-02 18:01:43.670428,U0061,PC0061,Logoff
283,2025-01-02 09:11:00,U0062,PC0062,Logon
284,2025-01-02 15:56:43.864204,U0062,PC0062,Logoff
285,2025-01-02 10:57:00,U0063,PC0063,Logon
286,2025-01-02 16:59:52.483922,U0063,PC0063,Logoff
287,2025-01-02 08:04:00,U0064,PC0064,Logon
288,2025-01-02 16:39:17.941943,U0064,PC0064,Logoff
289,2025-01-02 09:19:00,U0065,PC0065,Logon
290,2025-01-02 16:41:38.281729,U0065,PC0065,Logoff
291,2025-01-02 08:43:00,U0066,PC0066,Logon
292,2025-01-02 16:13:25.196635,U0066,PC0066,Logoff
293,2025-01-02 08:45:00,U0067,LAB001,Logon
294,2025-01-02 17:35:58.567549,U0067,LAB001,Logoff
295,2025-01-02 09:49:00,U0068,PC0068,Logon
296,2025-01-02 17:07:25.525457,U0068,PC0068,Logoff
297,2025-01-02 09:04:00,U0069,PC0069,Logon
298,2025-01-02 17:22:26.278275,U0069,PC0069,Logoff
299,2025-01-02 09:45:00,U0070,PC0070,Logon
300,2025-01-02 18:22:46.663831,U0070,PC0070,Logoff
301,2025-01-02 08:40:00,U0071,PC0071,Logon
302,2025-01-02 16:06:23.348255,U0071,PC0071,Logoff
303,2025-01-02 09:12:00,U0072,LAB009,Logon
304,2025-01-02 17:48:37.332956,U0072,LAB009,Logoff
305,2025-01-02 08:58:00,U0073,PC0073,Logon
306,2025-01-02 17:05:02.378580,U0073,PC0073,Logoff
307,2025-01-02 09:37:00,U0074,PC0074,Logon
308,2025-01-02 17:01:30.343000,U0074,PC0074,Logoff
309,2025-01-02 09:36:00,U0075,PC0075,Logon
310,2025-01-02 17:23:52.106451,U0075,PC0075,Logoff
311,2025-01-02 08:21:00,U0076,LAB014,Logon
312,2025-01-02 17:26:55.596667,U0076,LAB014,Logoff
313,2025-01-02 09:28:00,U0077,PC0077,Logon
314,2025-01-02 18:16:48.634690,U0077,PC0077,Logoff
315,2025-01-02 09:45:00,U0078,PC0078,Logon
316,2025-01-02 17:46:15.613830,U0078,PC0078,Logoff
317,2025-01-02 09:45:00,U0079,PC0079,Logon
318,2025-01-02 17:26:23.039676,U0079,PC0079,Logoff
319,2025-01-02 09:54:00,U0080,PC0080,Logon
320,2025-01-02 17:46:11.485004,U0080,PC0080,Logoff
321,2025-01-03 09:29:00,U0001,PC0001,Logon
322,2025-01-03 18:04:42.565292,U0001,PC0001,Logoff
323,2025-01-03 08:29:00,U0002,PC0002,Logon
324,2025-01-03 18:34:32.594192,U0002,PC0002,Logoff
325,2025-01-03 08:32:00,U0003,PC0003,Logon
326,2025-01-03 15:19:08.920994,U0003,PC0003,Logoff
327,2025-01-03 09:03:00,U0004,PC0004,Logon
328,2025-01-03 17:50:29.985698,U0004,PC0004,Logoff
329,2025-01-03 09:50:00,U0005,PC0005,Logon
330,2025-01-03 18:27:42.043833,U0005,PC0005,Logoff
331,2025-01-03 08:09:00,U0006,PC0006,Logon
332,2025-01-03 15:15:09.884263,U0006,PC0006,Logoff
333,2025-01-03 09:52:00,U0007,PC0007,Logon
334,2025-01-03 17:11:22.217839,U0007,PC0007,Logoff
335,2025-01-03 09:14:00,U0008,PC0008,Logon
336,2025-01-03 17:05:10.593427,U0008,PC0008,Logoff
337,2025-01-03 08:38:00,U0009,PC0009,Logon
338,2025-01-03 16:18:43.010970,U0009,PC0009,Logoff
339,2025-01-03 09:08:00,U0010,PC0010,Logon
340,2025-01-03 16:34:10.591610,U0010,PC0010,Logoff
341,2025-01-03 08:38:00,U0011,PC0011,Logon
342,2025-01-03 16:52:37.273961,U0011,PC0011,Logoff
343,2025-01-03 09:54:00,U0012,PC0012,Logon
344,2025-01-03 17:23:35.004569,U0012,PC0012,Logoff
345,2025-01-03 08:56:00,U0013,PC0013,Logon
346,2025-01-03 17:09:55.379774,U0013,PC0013,Logoff
347,2025-01-03 08:31:00,U0014,PC0014,Logon
348,2025-01-03 15:06:33.130412,U0014,PC0014,Logoff
349,2025-01-03 08:13:00,U0015,PC0015,Logon
350,2025-01-03 16:00:11.590254,U0015,PC0015,Logoff
351,2025-01-03 09:30:00,U0016,PC0016,Logon
352,2025-01-03 18:58:31.282381,U0016,PC0016,Logoff
353,2025-01-03 09:20:00,U0017,LAB013,Logon
354,2025-01-03 17:10:24.221292,U0017,LAB013,Logoff
355,2025-01-03 08:06:00,U0018,LAB001,Logon
356,2025-01-03 15:05:50.894287,U0018,LAB001,Logoff
357,2025-01-03 08:30:00,U0019,PC0019,Logon
358,2025-01-03 16:12:40.828900,U0019,PC0019,Logoff
359,2025-01-03 09:34:00,U0020,PC0020,Logon
360,2025-01-03 16:44:21.968603,U0020,PC0020,Logoff
361,2025-01-03 09:52:00,U0021,PC0021,Logon
362,2025-01-03 19:23:57.860087,U0021,PC0021,Logoff
363,2025-01-03 08:42:00,U0022,PC0022,Logon
364,2025-01-03 17:06:06.162200,U0022,PC0022,Logoff
365,2025-01-03 09:45:00,U0023,PC0023,Logon
366,2025-01-03 17:20:55.606301,U0023,PC0023,Logoff
367,2025-01-03 09:45:00,U0024,PC0024,Logon
368,2025-01-03 17:45:45.332643,U0024,PC0024,Logoff
369,2025-01-03 09:07:00,U0025,PC0025,Logon
370,2025-01-03 16:20:37.164778,U0025,PC0025,Logoff
371,2025-01-03 09:57:00,U0026,PC0026,Logon
372,2025-01-03 18:26:52.793848,U0026,PC0026,Logoff
373,2025-01-03 09:52:00,U0027,PC0027,Logon
374,2025-01-03 18:49:33.374974,U0027,PC0027,Logoff
375,2025-01-03 10:28:00,U0028,PC0028,Logon
376,2025-01-03 17:41:57.548774,U0028,PC0028,Logoff
377,2025-01-03 09:56:00,U0029,PC0029,Logon
378,2025-01-03 18:07:00.031221,U0029,PC0029,Logoff
379,2025-01-03 10:09:00,U0030,PC0030,Logon
380,2025-01-03 17:20:30.126173,U0030,PC0030,Logoff
381,2025-01-03 08:28:00,U0031,PC0031,Logon
382,2025-01-03 15:52:02.186476,U0031,PC0031,Logoff
383,2025-01-03 07:22:00,U0032,PC0032,Logon
384,2025-01-03 14:50:27.281922,U0032,PC0032,Logoff
385,2025-01-03 08:22:00,U0033,PC0033,Logon
386,2025-01-03 16:31:01.417631,U0033,PC0033,Logoff
387,2025-01-03 09:39:00,U0034,PC0034,Logon
388,2025-01-03 19:31:34.215021,U0034,PC0034,Logoff
389,2025-01-03 09:52:00,U0035,PC0035,Logon
390,2025-01-03 17:17:23.146840,U0035,PC0035,Logoff
391,2025-01-03 08:25:00,U0036,PC0036,Logon
392,2025-01-03 16:54:30.909017,U0036,PC0036,Logoff
393,2025-01-03 08:40:00,U0037,PC0037,Logon
394,2025-01-03 18:29:53.251557,U0037,PC0037,Logoff
395,2025-01-03 09:56:00,U0038,PC0038,Logon
396,2025-01-03 17:27:50.967652,U0038,PC0038,Logoff
397,2025-01-03 08:23:00,U0039,LAB001,Logon
398,2025-01-03 17:44:13.940547,U0039,LAB001,Logoff
399,2025-01-03 08:24:00,U0040,LAB005,Logon
400,2025-01-03 17:38:16.138723,U0040,LAB005,Logoff
401,2025-01-03 08:40:00,U0041,PC0041,Logon
402,2025-01-03 16:04:02.249917,U0041,PC0041,Logoff
403,2025-01-03 09:14:00,U0042,PC0042,Logon
404,2025-01-03 17:16:49.130138,U0042,PC0042,Logoff
405,2025-01-03 08:14:00,U0043,PC0043,Logon
406,2025-01-03 16:51:22.259756,U0043,PC0043,Logoff
407,2025-01-03 08:20:00,U0044,PC0044,Logon
408,2025-01-03 16:11:27.433854,U0044,PC0044,Logoff
409,2025-01-03 09:25:00,U0045,PC0045,Logon
410,2025-01-03 17:55:51.979803,U0045,PC0045,Logoff
411,2025-01-03 09:35:00,U0046,PC0046,Logon
412,2025-01-03 16:27:31.288469,U0046,PC0046,Logoff
413,2025-01-03 08:07:00,U0047,PC0047,Logon
414,2025-01-03 17:23:39.636559,U0047,PC0047,Logoff
415,2025-01-03 09:07:00,U0048,PC0048,Logon
416,2025-01-03 16:22:05.448468,U0048,PC0048,Logoff
417,2025-01-03 09:49:00,U0049,PC0049,Logon
418,2025-01-03 17:55:56.428683,U0049,PC0049,Logoff
419,2025-01-03 09:10:00,U0050,PC0050,Logon
420,2025-01-03 17:14:03.066533,U0050,PC0050,Logoff
421,2025-01-03 10:59:00,U0051,PC0051,Logon
422,2025-01-03 20:44:19.227033,U0051,PC0051,Logoff
423,2025-01-03 08:09:00,U0052,PC0052,Logon
424,2025-01-03 17:07:17.655423,U0052,PC0052,Logoff
425,2025-01-03 09:42:00,U0053,PC0053,Logon
426,2025-01-03 19:04:07.073607,U0053,PC0053,Logoff
427,2025-01-03 08:41:00,U0054,PC0054,Logon
428,2025-01-03 17:22:09.785256,U0054,PC0054,Logoff
429,2025-01-03 09:44:00,U0055,PC0055,Logon
430,2025-01-03 15:58:28.537849,U0055,PC0055,Logoff
431,2025-01-03 08:10:00,U0056,PC0056,Logon
432,2025-01-03 14:07:38.764160,U0056,PC0056,Logoff
433,2025-01-03 08:57:00,U0057,LAB019,Logon
434,2025-01-03 17:40:03.152121,U0057,LAB019,Logoff
435,2025-01-03 23:01:00,U0058,PC0058,Logon
436,2025-01-04 07:05:26.741210,U0058,PC0058,Logoff
437,2025-01-03 09:44:00,U0059,PC0059,Logon
438,2025-01-03 16:21:11.634750,U0059,PC0059,Logoff
439,2025-01-03 08:33:00,U0060,PC0060,Logon
440,2025-01-03 16:29:40.028284,U0060,PC0060,Logoff
441,2025-01-03 09:50:00,U0061,PC0061,Logon
442,2025-01-03 17:48:02.298907,U0061,PC0061,Logoff
443,2025-01-03 07:45:00,U0062,PC0062,Logon
444,2025-01-03 15:39:39.167858,U0062,PC0062,Logoff
445,2025-01-03 08:40:00,U0063,PC0063,Logon
446,2025-01-03 17:20:10.821176,U0063,PC0063,Logoff
447,2025-01-03 09:45:00,U0064,PC0064,Logon
448,2025-01-03 16:48:36.432769,U0064,PC0064,Logoff
449,2025-01-03 08:31:00,U0065,PC0065,Logon
450,2025-01-03 15:27:26.831321,U0065,PC0065,Logoff
451,2025-01-03 08:05:00,U0066,PC0066,Logon
452,2025-01-03 17:02:18.512354,U0066,PC0066,Logoff
453,2025-01-03 08:17:00,U0067,PC0067,Logon
454,2025-01-03 16:47:14.567456,U0067,PC0067,Logoff
455,2025-01-03 08:36:00,U0068,PC0068,Logon
456,2025-01-03 15:48:25.657804,U0068,PC0068,Logoff
457,2025-01-03 08:11:00,U0069,PC0069,Logon
458,2025-01-03 15:08:53.127639,U0069,PC0069,Logoff
459,2025-01-03 08:17:00,U0070,PC0070,Logon
460,2025-01-03 15:05:07.639587,U0070,PC0070,Logoff
461,2025-01-03 09:26:00,U0071,PC0071,Logon
462,2025-01-03 17:28:06.948787,U0071,PC0071,Logoff
463,2025-01-03 08:40:00,U0072,PC0072,Logon
464,2025-01-03 16:52:50.327679,U0072,PC0072,Logoff
465,2025-01-03 08:30:00,U0073,PC0073,Logon
466,2025-01-03 16:16:44.509442,U0073,PC0073,Logoff
467,2025-01-03 09:42:00,U0074,PC0074,Logon
468,2025-01-03 18:27:27.027756,U0074,PC0074,Logoff
469,2025-01-03 08:23:00,U0075,PC0075,Logon
470,2025-01-03 15:48:27.054334,U0075,PC0075,Logoff
471,2025-01-03 08:28:00,U0076,PC0076,Logon
472,2025-01-03 14:09:53.083807,U0076,PC0076,Logoff
473,2025-01-03 08:03:00,U0077,PC0077,Logon
474,2025-01-03 17:25:00.747363,U0077,PC0077,Logoff
475,2025-01-03 09:50:00,U0078,PC0078,Logon
476,2025-01-03 17:35:03.470258,U0078,PC0078,Logoff
477,2025-01-03 09:41:00,U0079,PC0079,Logon
478,2025-01-03 17:59:40.500556,U0079,PC0079,Logoff
479,2025-01-03 10:41:00,U0080,PC0080,Logon
480,2025-01-03 19:48:10.469681,U0080,PC0080,Logoff
481,2025-01-06 08:25:00,U0001,PC0001,Logon
482,2025-01-06 15:27:40.054414,U0001,PC0001,Logoff
483,2025-01-06 08:58:00,U0002,PC0002,Logon
484,2025-01-06 17:10:12.469089,U0002,PC0002,Logoff
485,2025-01-06 08:48:00,U0003,PC0003,Logon
486,2025-01-06 15:22:39.886645,U0003,PC0003,Logoff
487,2025-01-06 08:00:00,U0004,PC0004,Logon
488,2025-01-06 14:55:06.427187,U0004,PC0004,Logoff
489,2025-01-06 09:47:00,U0005,PC0005,Logon
490,2025-01-06 18:39:53.903125,U0005,PC0005,Logoff
491,2025-01-06 08:45:00,U0006,PC0006,Logon
492,2025-01-06 18:13:47.798900,U0006,PC0006,Logoff
493,2025-01-06 09:14:00,U0007,PC0007,Logon
494,2025-01-06 16:22:19.376875,U0007,PC0007,Logoff
495,2025-01-06 09:24:00,U0008,PC0008,Logon
496,2025-01-06 17:56:20.076157,U0008,PC0008,Logoff
497,2025-01-06 08:39:00,U0009,PC0009,Logon
498,2025-01-06 16:27:34.780759,U0009,PC0009,Logoff
499,2025-01-06 08:51:00,U0010,PC0010,Logon
500,2025-01-06 15:28:01.920969,U0010,PC0010,Logoff
501,2025-01-06 09:20:00,U0011,PC0011,Logon
502,2025-01-06 19:14:33.899906,U0011,PC0011,Logoff
503,2025-01-06 08:21:00,U0012,PC0012,Logon
504,2025-01-06 16:54:46.689252,U0012,PC0012,Logoff
505,2025-01-06 08:12:00,U0013,PC0013,Logon
506,2025-01-06 15:42:46.348618,U0013,PC0013,Logoff
507,2025-01-06 08:19:00,U0014,PC0014,Logon
508,2025-01-06 15:27:09.633229,U0014,PC0014,Logoff
509,2025-01-06 09:41:00,U0015,PC0015,Logon
510,2025-01-06 16:51:08.579581,U0015,PC0015,Logoff
511,2025-01-06 09:48:00,U0016,PC0016,Logon
512,2025-01-06 17:44:59.142806,U0016,PC0016,Logoff
513,2025-01-06 08:49:00,U0017,PC0017,Logon
514,2025-01-06 15:54:32.770817,U0017,PC0017,Logoff
515,2025-01-06 08:59:00,U0018,PC0018,Logon
516,2025-01-06 17:44:19.408413,U0018,PC0018,Logoff
517,2025-01-06 09:25:00,U0019,PC0019,Logon
518,2025-01-06 16:26:20.801119,U0019,PC0019,Logoff
519,2025-01-06 09:29:00,U0020,PC0020,Logon
520,2025-01-06 18:14:04.993644,U0020,PC0020,Logoff
521,2025-01-06 08:39:00,U0021,PC0021,Logon
522,2025-01-06 17:11:36.096693,U0021,PC0021,Logoff
523,2025-01-06 08:47:00,U0022,PC0022,Logon
524,2025-01-06 17:21:14.155207,U0022,PC0022,Logoff
525,2025-01-06 08:42:00,U0023,PC0023,Logon
526,2025-01-06 14:53:42.424438,U0023,PC0023,Logoff
527,2025-01-06 08:02:00,U0024,PC0024,Logon
528,2025-01-06 16:04:53.105808,U0024,PC0024,Logoff
529,2025-01-06 09:16:00,U0025,PC0025,Logon
530,2025-01-06 16:21:44.460150,U0025,PC0025,Logoff
531,2025-01-06 09:17:00,U0026,PC0026,Logon
532,2025-01-06 15:37:18.527776,U0026,PC0026,Logoff
533,2025-01-06 08:14:00,U0027,PC0027,Logon
534,2025-01-06 15:01:20.341681,U0027,PC0027,Logoff
535,2025-01-06 08:51:00,U0028,PC0028,Logon
536,2025-01-06 16:53:50.635217,U0028,PC0028,Logoff
537,2025-01-06 08:19:00,U0029,PC0029,Logon
538,2025-01-06 15:55:55.600041,U0029,PC0029,Logoff
539,2025-01-06 09:37:00,U0030,PC0030,Logon
540,2025-01-06 17:02:23.189270,U0030,PC0030,Logoff
541,2025-01-06 09:28:00,U0031,LAB015,Logon
542,2025-01-06 16:20:13.055323,U0031,LAB015,Logoff
543,2025-01-06 09:58:00,U0032,LAB012,Logon
544,2025-01-06 19:24:29.647034,U0032,LAB012,Logoff
545,2025-01-06 07:18:00,U0033,PC0033,Logon
546,2025-01-06 14:30:11.177080,U0033,PC0033,Logoff
547,2025-01-06 09:13:00,U0034,PC0034,Logon
548,2025-01-06 17:00:49.036610,U0034,PC0034,Logoff
549,2025-01-06 09:25:00,U0035,PC0035,Logon
550,2025-01-06 16:48:45.653328,U0035,PC0035,Logoff
551,2025-01-06 09:51:00,U0036,PC0036,Logon
552,2025-01-06 17:41:39.561953,U0036,PC0036,Logoff
553,2025-01-06 09:23:00,U0037,PC0037,Logon
554,2025-01-06 17:38:15.915036,U0037,PC0037,Logoff
555,2025-01-06 09:22:00,U0038,LAB008,Logon
556,2025-01-06 16:57:17.242922,U0038,LAB008,Logoff
557,2025-01-06 08:52:00,U0039,PC0039,Logon
558,2025-01-06 16:26:02.790524,U0039,PC0039,Logoff
559,2025-01-06 09:54:00,U0040,PC0040,Logon
560,2025-01-06 17:28:44.455869,U0040,PC0040,Logoff
561,2025-01-06 09:23:00,U0041,PC0041,Logon
562,2025-01-06 19:27:31.442875,U0041,PC0041,Logoff
563,2025-01-06 09:02:00,U0042,PC0042,Logon
564,2025-01-06 16:42:26.315284,U0042,PC0042,Logoff
565,2025-01-06 09:16:00,U0043,PC0043,Logon
566,2025-01-06 16:51:30.928657,U0043,PC0043,Logoff
567,2025-01-06 07:40:00,U0044,PC0044,Logon
568,2025-01-06 14:39:30.889281,U0044,PC0044,Logoff
569,2025-01-06 08:34:00,U0045,PC0045,Logon
570,2025-01-06 16:12:54.551457,U0045,PC0045,Logoff
571,2025-01-06 09:35:00,U0046,PC0046,Logon
572,2025-01-06 19:15:35.174324,U0046,PC0046,Logoff
573,2025-01-06 09:24:00,U0047,PC0047,Logon
574,2025-01-06 17:10:51.238096,U0047,PC0047,Logoff
575,2025-01-06 09:48:00,U0048,PC0048,Logon
576,2025-01-06 15:35:19.912888,U0048,PC0048,Logoff
577,2025-01-06 09:49:00,U0049,PC0049,Logon
578,2025-01-06 18:35:15.114698,U0049,PC0049,Logoff
579,2025-01-06 08:14:00,U0050,PC0050,Logon
580,2025-01-06 17:22:37.514556,U0050,PC0050,Logoff
581,2025-01-06 09:18:00,U0051,PC0051,Logon
582,2025-01-06 16:53:04.963510,U0051,PC0051,Logoff
583,2025-01-06 09:10:00,U0052,PC0052,Logon
584,2025-01-06 19:26:14.494288,U0052,PC0052,Logoff
585,2025-01-06 09:11:00,U0053,PC0053,Logon
586,2025-01-06 17:25:53.594111,U0053,PC0053,Logoff
587,2025-01-06 08:22:00,U0054,PC0054,Logon
588,2025-01-06 15:31:00.560270,U0054,PC0054,Logoff
589,2025-01-06 09:15:00,U0055,PC0055,Logon
590,2025-01-06 16:23:38.098227,U0055,PC0055,Logoff
591,2025-01-06 09:47:00,U0056,PC0056,Logon
592,2025-01-06 17:18:20.433192,U0056,PC0056,Logoff
593,2025-01-06 09:32:00,U0057,PC0057,Logon
594,2025-01-06 17:52:01.183579,U0057,PC0057,Logoff
595,2025-01-06 09:34:00,U0058,PC0058,Logon
596,2025-01-06 17:03:23.940964,U0058,PC0058,Logoff
597,2025-01-06 08:55:00,U0059,PC0059,Logon
598,2025-01-06 15:56:16.450623,U0059,PC0059,Logoff
599,2025-01-06 08:24:00,U0060,PC0060,Logon
600,2025-01-06 16:46:38.281775,U0060,PC0060,Logoff
601,2025-01-06 09:13:00,U0061,PC0061,Logon
602,2025-01-06 16:17:40.204833,U0061,PC0061,Logoff
603,2025-01-06 09:08:00,U0062,PC0062,Logon
604,2025-01-06 18:29:20.296292,U0062,PC0062,Logoff
605,2025-01-06 09:12:00,U0063,PC0063,Logon
606,2025-01-06 19:04:36.464925,U0063,PC0063,Logoff
607,2025-01-06 08:48:00,U0064,PC0064,Logon
608,2025-01-06 15:33:19.243068,U0064,PC0064,Logoff
609,2025-01-06 08:04:00,U0065,PC0065,Logon
610,2025-01-06 17:33:45.759521,U0065,PC0065,Logoff
611,2025-01-06 09:11:00,U0066,PC0066,Logon
612,2025-01-06 17:07:39.895185,U0066,PC0066,Logoff
613,2025-01-06 09:35:00,U0067,PC0067,Logon
614,2025-01-06 16:27:28.239430,U0067,PC0067,Logoff
615,2025-01-06 10:39:00,U0068,PC0068,Logon
616,2025-01-06 18:46:45.196255,U0068,PC0068,Logoff
617,2025-01-06 09:07:00,U0069,PC0069,Logon
618,2025-01-06 17:50:32.759846,U0069,PC0069,Logoff
619,2025-01-06 09:04:00,U0070,PC0070,Logon
620,2025-01-06 17:17:25.982487,U0070,PC0070,Logoff
621,2025-01-06 08:45:00,U0071,PC0071,Logon
622,2025-01-06 17:13:17.286086,U0071,PC0071,Logoff
623,2025-01-06 09:04:00,U0072,PC0072,Logon
624,2025-01-06 18:24:43.512166,U0072,PC0072,Logoff
625,2025-01-06 09:59:00,U0073,PC0073,Logon
626,2025-01-06 17:28:19.623565,U0073,PC0073,Logoff
627,2025-01-06 08:20:00,U0074,PC0074,Logon
628,2025-01-06 16:12:27.167088,U0074,PC0074,Logoff
629,2025-01-06 09:31:00,U0075,PC0075,Logon
630,2025-01-06 18:36:39.089466,U0075,PC0075,Logoff
631,2025-01-06 08:49:00,U0076,PC0076,Logon
632,2025-01-06 18:20:46.381150,U0076,PC0076,Logoff
633,2025-01-06 08:50:00,U0077,PC0077,Logon
634,2025-01-06 16:24:23.228148,U0077,PC0077,Logoff
635,2025-01-06 08:10:00,U0078,PC0078,Logon
636,2025-01-06 14:30:42.515981,U0078,PC0078,Logoff
637,2025-01-06 09:32:00,U0079,PC0079,Logon
638,2025-01-06 17:36:23.944682,U0079,PC0079,Logoff
639,2025-01-06 08:12:00,U0080,PC0080,Logon
640,2025-01-06 14:54:17.716421,U0080,PC0080,Logoff
641,2025-01-07 08:26:00,U0001,PC0001,Logon
642,2025-01-07 18:06:08.477491,U0001,PC0001,Logoff
643,2025-01-07 08:38:00,U0002,PC0002,Logon
644,2025-01-07 15:07:48.685369,U0002,PC0002,Logoff
645,2025-01-07 08:46:00,U0003,PC0003,Logon
646,2025-01-07 16:29:38.195149,U0003,PC0003,Logoff
647,2025-01-07 07:00:00,U0004,PC0004,Logon
648,2025-01-07 14:56:44.538481,U0004,PC0004,Logoff
649,2025-01-07 08:07:00,U0005,PC0005,Logon
650,2025-01-07 16:48:46.342913,U0005,PC0005,Logoff
651,2025-01-07 09:21:00,U0006,PC0006,Logon
652,2025-01-07 18:28:35.634106,U0006,PC0006,Logoff
653,2025-01-07 08:03:00,U0007,PC0007,Logon
654,2025-01-07 14:56:36.506729,U0007,PC0007,Logoff
655,2025-01-07 10:24:00,U0008,PC0008,Logon
656,2025-01-07 18:27:33.186362,U0008,PC0008,Logoff
657,2025-01-07 09:12:00,U0009,LAB009,Logon
658,2025-01-07 17:10:33.149686,U0009,LAB009,Logoff
659,2025-01-07 09:54:00,U0010,PC0010,Logon
660,2025-01-07 17:45:20.302517,U0010,PC0010,Logoff
661,2025-01-07 08:26:00,U0011,PC0011,Logon
662,2025-01-07 15:53:11.307812,U0011,PC0011,Logoff
663,2025-01-07 08:53:00,U0012,PC0012,Logon
664,2025-01-07 16:20:23.670824,U0012,PC0012,Logoff
665,2025-01-07 08:17:00,U0013,PC0013,Logon
666,2025-01-07 16:23:23.148820,U0013,PC0013,Logoff
667,2025-01-07 08:55:00,U0014,PC0014,Logon
668,2025-01-07 18:25:14.374759,U0014,PC0014,Logoff
669,2025-01-07 07:35:00,U0015,PC0015,Logon
670,2025-01-07 16:40:29.424667,U0015,PC0015,Logoff
671,2025-01-07 09:48:00,U0016,PC0016,Logon
672,2025-01-07 15:43:35.795163,U0016,PC0016,Logoff
673,2025-01-07 08:28:00,U0017,PC0017,Logon
674,2025-01-07 16:05:42.812882,U0017,PC0017,Logoff
675,2025-01-07 08:24:00,U0018,PC0018,Logon
676,2025-01-07 15:37:19.859925,U0018,PC0018,Logoff
677,2025-01-07 08:54:00,U0019,PC0019,Logon
678,2025-01-07 18:39:08.173596,U0019,PC0019,Logoff
679,2025-01-07 09:53:00,U0020,PC0020,Logon
680,2025-01-07 19:09:17.598342,U0020,PC0020,Logoff
681,2025-01-07 09:56:00,U0021,PC0021,Logon
682,2025-01-07 16:48:15.413624,U0021,PC0021,Logoff
683,2025-01-07 08:23:00,U0022,LAB003,Logon
684,2025-01-07 16:52:21.748420,U0022,LAB003,Logoff
685,2025-01-07 08:30:00,U0023,PC0023,Logon
686,2025-01-07 17:12:46.794349,U0023,PC0023,Logoff
687,2025-01-07 08:18:00,U0024,LAB013,Logon
688,2025-01-07 15:55:30.645093,U0024,LAB013,Logoff
689,2025-01-07 09:17:00,U0025,PC0025,Logon
690,2025-01-07 17:43:39.347921,U0025,PC0025,Logoff
691,2025-01-07 08:28:00,U0026,LAB019,Logon
692,2025-01-07 17:37:33.587292,U0026,LAB019,Logoff
693,2025-01-07 08:48:00,U0027,PC0027,Logon
694,2025-01-07 17:24:57.368185,U0027,PC0027,Logoff
695,2025-01-07 09:54:00,U0028,PC0028,Logon
696,2025-01-07 17:35:25.632818,U0028,PC0028,Logoff
697,2025-01-07 09:21:00,U0029,PC0029,Logon
698,2025-01-07 16:05:55.991125,U0029,PC0029,Logoff
699,2025-01-07 09:32:00,U0030,PC0030,Logon
700,2025-01-07 17:20:54.352309,U0030,PC0030,Logoff
701,2025-01-07 08:58:00,U0031,PC0031,Logon
702,2025-01-07 18:00:56.433213,U0031,PC0031,Logoff
703,2025-01-07 08:54:00,U0032,PC0032,Logon
704,2025-01-07 15:29:29.539333,U0032,PC0032,Logoff
705,2025-01-07 08:33:00,U0033,PC0033,Logon
706,2025-01-07 17:09:21.635825,U0033,PC0033,Logoff
707,2025-01-07 08:32:00,U0034,PC0034,Logon
708,2025-01-07 18:17:17.259055,U0034,PC0034,Logoff
709,2025-01-07 07:16:00,U0035,PC0035,Logon
710,2025-01-07 16:57:47.242926,U0035,PC0035,Logoff
711,2025-01-07 09:56:00,U0036,PC0036,Logon
712,2025-01-07 17:50:11.832797,U0036,PC0036,Logoff
713,2025-01-07 08:35:00,U0037,PC0037,Logon
714,2025-01-07 16:58:56.890012,U0037,PC0037,Logoff
715,2025-01-07 08:24:00,U0038,PC0038,Logon
716,2025-01-07 17:30:11.886775,U0038,PC0038,Logoff
717,2025-01-07 09:03:00,U0039,PC0039,Logon
718,2025-01-07 17:12:01.086341,U0039,PC0039,Logoff
719,2025-01-07 08:13:00,U0040,PC0040,Logon
720,2025-01-07 16:09:34.995755,U0040,PC0040,Logoff
721,2025-01-07 09:51:00,U0041,PC0041,Logon
722,2025-01-07 16:08:23.393786,U0041,PC0041,Logoff
723,2025-01-07 08:12:00,U0042,PC0042,Logon
724,2025-01-07 16:56:35.750738,U0042,PC0042,Logoff
725,2025-01-07 09:12:00,U0043,PC0043,Logon
726,2025-01-07 17:00:57.659989,U0043,PC0043,Logoff
727,2025-01-07 09:06:00,U0044,PC0044,Logon
728,2025-01-07 17:26:51.294139,U0044,PC0044,Logoff
729,2025-01-07 08:27:00,U0045,PC0045,Logon
730,2025-01-07 15:40:18.102989,U0045,PC0045,Logoff
731,2025-01-07 09:27:00,U0046,PC0046,Logon
732,2025-01-07 16:28:17.858001,U0046,PC0046,Logoff
733,2025-01-07 09:40:00,U0047,PC0047,Logon
734,2025-01-07 15:57:50.699025,U0047,PC0047,Logoff
735,2025-01-07 09:04:00,U0048,PC0048,Logon
736,2025-01-07 17:32:21.350937,U0048,PC0048,Logoff
737,2025-01-07 09:15:00,U0049,PC0049,Logon
738,2025-01-07 18:13:57.687542,U0049,PC0049,Logoff
739,2025-01-07 09:20:00,U0050,PC0050,Logon
740,2025-01-07 18:20:51.732234,U0050,PC0050,Logoff
741,2025-01-07 08:38:00,U0051,PC0051,Logon
742,2025-01-07 15:21:13.522920,U0051,PC0051,Logoff
743,2025-01-07 08:12:00,U0052,PC0052,Logon
744,2025-01-07 16:13:33.927781,U0052,PC0052,Logoff
745,2025-01-07 09:34:00,U0053,PC0053,Logon
746,2025-01-07 16:50:27.322273,U0053,PC0053,Logoff
747,2025-01-07 09:05:00,U0054,PC0054,Logon
748,2025-01-07 16:19:40.621444,U0054,PC0054,Logoff
749,2025-01-07 08:27:00,U0055,PC0055,Logon
750,2025-01-07 15:02:36.020051,U0055,PC0055,Logoff
751,2025-01-07 08:31:00,U0056,PC0056,Logon
752,2025-01-07 15:09:53.935420,U0056,PC0056,Logoff
753,2025-01-07 08:05:00,U0057,PC0057,Logon
754,2025-01-07 17:08:13.110468,U0057,PC0057,Logoff
755,2025-01-07 21:45:00,U0058,PC0058,Logon
756,2025-01-08 08:22:56.575433,U0058,PC0058,Logoff
757,2025-01-07 09:33:00,U0059,PC0059,Logon
758,2025-01-07 17:44:05.410045,U0059,PC0059,Logoff
759,2025-01-07 08:54:00,U0060,PC0060,Logon
760,2025-01-07 17:36:01.115566,U0060,PC0060,Logoff
761,2025-01-07 08:54:00,U0061,PC0061,Logon
762,2025-01-07 17:01:19.235333,U0061,PC0061,Logoff
763,2025-01-07 10:07:00,U0062,PC0062,Logon
764,2025-01-07 18:01:14.184361,U0062,PC0062,Logoff
765,2025-01-07 09:55:00,U0063,PC0063,Logon
766,2025-01-07 17:12:48.564870,U0063,PC0063,Logoff
767,2025-01-07 08:58:00,U0064,PC0064,Logon
768,2025-01-07 18:44:14.882288,U0064,PC0064,Logoff
769,2025-01-07 08:11:00,U0065,PC0065,Logon
770,2025-01-07 17:59:44.814809,U0065,PC0065,Logoff
771,2025-01-07 09:53:00,U0066,PC0066,Logon
772,2025-01-07 17:19:15.119607,U0066,PC0066,Logoff
773,2025-01-07 09:24:00,U0067,PC0067,Logon
774,2025-01-07 18:22:21.196019,U0067,PC0067,Logoff
775,2025-01-07 09:18:00,U0068,PC0068,Logon
776,2025-01-07 15:43:47.191008,U0068,PC0068,Logoff
777,2025-01-07 08:28:00,U0069,PC0069,Logon
778,2025-01-07 16:13:08.932912,U0069,PC0069,Logoff
779,2025-01-07 08:54:00,U0070,PC0070,Logon
780,2025-01-07 17:31:14.419551,U0070,PC0070,Logoff
781,2025-01-07 09:50:00,U0071,PC0071,Logon
782,2025-01-07 16:29:52.760309,U0071,PC0071,Logoff
783,2025-01-07 09:44:00,U0072,PC0072,Logon
784,2025-01-07 18:20:38.108683,U0072,PC0072,Logoff
785,2025-01-07 09:28:00,U0073,PC0073,Logon
786,2025-01-07 18:32:50.810612,U0073,PC0073,Logoff
787,2025-01-07 09:44:00,U0074,PC0074,Logon
788,2025-01-07 18:11:33.048285,U0074,PC0074,Logoff
789,2025-01-07 08:29:00,U0075,PC0075,Logon
790,2025-01-07 14:49:20.540639,U0075,PC0075,Logoff
791,2025-01-07 09:21:00,U0076,PC0076,Logon
792,2025-01-07 17:33:27.675674,U0076,PC0076,Logoff
793,2025-01-07 09:14:00,U0077,PC0077,Logon
794,2025-01-07 15:57:23.705127,U0077,PC0077,Logoff
795,2025-01-07 08:19:00,U0078,PC0078,Logon
796,2025-01-07 17:22:11.350272,U0078,PC0078,Logoff
797,2025-01-07 08:09:00,U0079,PC0079,Logon
798,2025-01-07 16:49:53.402511,U0079,PC0079,Logoff
799,2025-01-07 09:54:00,U0080,PC0080,Logon
800,2025-01-07 17:55:47.122102,U0080,PC0080,Logoff
801,2025-01-08 09:19:00,U0001,PC0001,Logon
802,2025-01-08 16:48:02.238978,U0001,PC0001,Logoff
803,2025-01-08 09:12:00,U0002,PC0002,Logon
804,2025-01-08 16:44:15.808961,U0002,PC0002,Logoff
805,2025-01-08 08:58:00,U0003,PC0003,Logon
806,2025-01-08 16:39:26.980356,U0003,PC0003,Logoff
807,2025-01-08 09:19:00,U0004,PC0004,Logon
808,2025-01-08 16:50:16.504962,U0004,PC0004,Logoff
809,2025-01-08 09:09:00,U0005,PC0005,Logon
810,2025-01-08 16:15:19.413712,U0005,PC0005,Logoff
811,2025-01-08 08:53:00,U0006,PC0006,Logon
812,2025-01-08 16:26:36.968190,U0006,PC0006,Logoff
813,2025-01-08 09:06:00,U0007,PC0007,Logon
814,2025-01-08 17:17:47.597195,U0007,PC0007,Logoff
815,2025-01-08 09:32:00,U0008,PC0008,Logon
816,2025-01-08 16:02:51.982657,U0008,PC0008,Logoff
817,2025-01-08 09:24:00,U0009,PC0009,Logon
818,2025-01-08 18:17:22.670864,U0009,PC0009,Logoff
819,2025-01-08 09:36:00,U0010,LAB006,Logon
820,2025-01-08 18:39:55.729350,U0010,LAB006,Logoff
821,2025-01-08 08:52:00,U0011,PC0011,Logon
822,2025-01-08 18:16:33.650785,U0011,PC0011,Logoff
823,2025-01-08 10:19:00,U0012,PC0012,Logon
824,2025-01-08 17:57:13.781182,U0012,PC0012,Logoff
825,2025-01-08 08:03:00,U0013,PC0013,Logon
826,2025-01-08 17:30:12.184118,U0013,PC0013,Logoff
827,2025-01-08 09:08:00,U0014,PC0014,Logon
828,2025-01-08 16:36:37.703902,U0014,PC0014,Logoff
829,2025-01-08 08:55:00,U0015,PC0015,Logon
830,2025-01-08 16:38:05.575408,U0015,PC0015,Logoff
831,2025-01-08 08:21:00,U0016,PC0016,Logon
832,2025-01-08 15:25:52.852993,U0016,PC0016,Logoff
833,2025-01-08 08:35:00,U0017,PC0017,Logon
834,2025-01-08 15:48:55.928766,U0017,PC0017,Logoff
835,2025-01-08 08:44:00,U0018,PC0018,Logon
836,2025-01-08 16:58:03.173037,U0018,PC0018,Logoff
837,2025-01-08 09:35:00,U0019,PC0019,Logon
838,2025-01-08 16:35:05.925453,U0019,PC0019,Logoff
839,2025-01-08 09:29:00,U0020,PC0020,Logon
840,2025-01-08 17:16:09.640161,U0020,PC0020,Logoff
841,2025-01-08 08:36:00,U0021,PC0021,Logon
842,2025-01-08 17:16:29.350172,U0021,PC0021,Logoff
843,2025-01-08 08:21:00,U0022,PC0022,Logon
844,2025-01-08 16:43:56.675086,U0022,PC0022,Logoff
845,2025-01-08 09:56:00,U0023,PC0023,Logon
846,2025-01-08 18:25:32.824550,U0023,PC0023,Logoff
847,2025-01-08 09:39:00,U0024,LAB006,Logon
848,2025-01-08 20:06:19.080504,U0024,LAB006,Logoff
849,2025-01-08 08:31:00,U0025,PC0025,Logon
850,2025-01-08 15:59:08.410962,U0025,PC0025,Logoff
851,2025-01-08 08:39:00,U0026,PC0026,Logon
852,2025-01-08 16:05:40.282371,U0026,PC0026,Logoff
853,2025-01-08 08:38:00,U0027,PC0027,Logon
854,2025-01-08 17:49:20.459512,U0027,PC0027,Logoff
855,2025-01-08 09:27:00,U0028,PC0028,Logon
856,2025-01-08 16:52:45.313343,U0028,PC0028,Logoff
857,2025-01-08 08:44:00,U0029,PC0029,Logon
858,2025-01-08 17:12:17.096003,U0029,PC0029,Logoff
859,2025-01-08 08:32:00,U0030,PC0030,Logon
860,2025-01-08 17:09:58.554544,U0030,PC0030,Logoff
861,2025-01-08 09:33:00,U0031,PC0031,Logon
862,2025-01-08 16:02:03.321186,U0031,PC0031,Logoff
863,2025-01-08 09:34:00,U0032,PC0032,Logon
864,2025-01-08 19:21:45.159623,U0032,PC0032,Logoff
865,2025-01-08 08:01:00,U0033,PC0033,Logon
866,2025-01-08 15:37:44.274384,U0033,PC0033,Logoff
867,2025-01-08 09:59:00,U0034,PC0034,Logon
868,2025-01-08 18:19:04.044444,U0034,PC0034,Logoff
869,2025-01-08 09:08:00,U0035,PC0035,Logon
870,2025-01-08 19:08:36.736340,U0035,PC0035,Logoff
871,2025-01-08 08:59:00,U0036,PC0036,Logon
872,2025-01-08 16:11:06.129920,U0036,PC0036,Logoff
873,2025-01-08 08:27:00,U0037,PC0037,Logon
874,2025-01-08 15:43:08.651856,U0037,PC0037,Logoff
875,2025-01-08 08:44:00,U0038,PC0038,Logon
876,2025-01-08 18:31:40.408309,U0038,PC0038,Logoff
877,2025-01-08 08:07:00,U0039,PC0039,Logon
878,2025-01-08 16:20:25.636626,U0039,PC0039,Logoff
879,2025-01-08 08:47:00,U0040,PC0040,Logon
880,2025-01-08 17:58:18.215784,U0040,PC0040,Logoff
881,2025-01-08 10:40:00,U0041,PC0041,Logon
882,2025-01-08 18:08:08.872417,U0041,PC0041,Logoff
883,2025-01-08 08:55:00,U0042,PC0042,Logon
884,2025-01-08 17:57:38.979157,U0042,PC0042,Logoff
885,2025-01-08 09:52:00,U0043,PC0043,Logon
886,2025-01-08 19:42:48.146373,U0043,PC0043,Logoff
887,2025-01-08 09:44:00,U0044,PC0044,Logon
888,2025-01-08 17:22:26.548473,U0044,PC0044,Logoff
889,2025-01-08 09:34:00,U0045,PC0045,Logon
890,2025-01-08 18:40:31.332890,U0045,PC0045,Logoff
891,2025-01-08 09:15:00,U0046,PC0046,Logon
892,2025-01-08 17:45:26.186512,U0046,PC0046,Logoff
893,2025-01-08 09:57:00,U0047,PC0047,Logon
894,2025-01-08 19:07:09.464126,U0047,PC0047,Logoff
895,2025-01-08 09:52:00,U0048,PC0048,Logon
896,2025-01-08 18:30:55.355595,U0048,PC0048,Logoff
897,2025-01-08 08:30:00,U0049,PC0049,Logon
898,2025-01-08 16:38:48.169271,U0049,PC0049,Logoff
899,2025-01-08 09:05:00,U0050,PC0050,Logon
900,2025-01-08 16:15:59.031584,U0050,PC0050,Logoff
901,2025-01-08 09:04:00,U0051,PC0051,Logon
902,2025-01-08 16:40:23.980276,U0051,PC0051,Logoff
903,2025-01-08 09:11:00,U0052,PC0052,Logon
904,2025-01-08 18:27:42.426705,U0052,PC0052,Logoff
905,2025-01-08 09:42:00,U0053,PC0053,Logon
906,2025-01-08 17:44:47.171573,U0053,PC0053,Logoff
907,2025-01-08 08:47:00,U0054,PC0054,Logon
908,2025-01-08 17:31:46.512838,U0054,PC0054,Logoff
909,2025-01-08 09:30:00,U0055,PC0055,Logon
910,2025-01-08 19:39:47.717004,U0055,PC0055,Logoff
911,2025-01-08 08:43:00,U0056,PC0056,Logon
912,2025-01-08 16:56:08.941180,U0056,PC0056,Logoff
913,2025-01-08 09:34:00,U0057,PC0057,Logon
914,2025-01-08 19:08:38.831807,U0057,PC0057,Logoff
915,2025-01-08 20:44:00,U0058,PC0058,Logon
916,2025-01-09 05:00:44.477493,U0058,PC0058,Logoff
917,2025-01-08 09:44:00,U0059,PC0059,Logon
918,2025-01-08 17:55:11.792843,U0059,PC0059,Logoff
919,2025-01-08 08:13:00,U0060,PC0060,Logon
920,2025-01-08 16:24:38.723974,U0060,PC0060,Logoff
921,2025-01-08 09:25:00,U0061,PC0061,Logon
922,2025-01-08 16:23:24.544922,U0061,PC0061,Logoff
923,2025-01-08 09:51:00,U0062,PC0062,Logon
924,2025-01-08 17:08:59.565066,U0062,PC0062,Logoff
925,2025-01-08 09:55:00,U0063,PC0063,Logon
926,2025-01-08 16:23:36.527143,U0063,PC0063,Logoff
927,2025-01-08 08:34:00,U0064,PC0064,Logon
928,2025-01-08 16:56:37.962750,U0064,PC0064,Logoff
929,2025-01-08 09:07:00,U0065,PC0065,Logon
930,2025-01-08 17:03:03.299060,U0065,PC0065,Logoff
931,2025-01-08 08:57:00,U0066,PC0066,Logon
932,2025-01-08 18:49:52.165450,U0066,PC0066,Logoff
933,2025-01-08 08:36:00,U0067,PC0067,Logon
934,2025-01-08 14:24:04.298556,U0067,PC0067,Logoff
935,2025-01-08 09:32:00,U0068,PC0068,Logon
936,2025-01-08 17:01:52.604792,U0068,PC0068,Logoff
937,2025-01-08 08:56:00,U0069,PC0069,Logon
938,2025-01-08 17:38:30.083210,U0069,PC0069,Logoff
939,2025-01-08 09:44:00,U0070,PC0070,Logon
940,2025-01-08 17:10:09.316929,U0070,PC0070,Logoff
941,2025-01-08 08:38:00,U0071,PC0071,Logon
942,2025-01-08 17:30:20.846382,U0071,PC0071,Logoff
943,2025-01-08 09:46:00,U0072,PC0072,Logon
944,2025-01-08 17:40:02.966890,U0072,PC0072,Logoff
945,2025-01-08 09:07:00,U0073,PC0073,Logon
946,2025-01-08 16:02:47.694841,U0073,PC0073,Logoff
947,2025-01-08 08:33:00,U0074,PC0074,Logon
948,2025-01-08 15:51:29.130948,U0074,PC0074,Logoff
949,2025-01-08 08:34:00,U0075,LAB008,Logon
950,2025-01-08 16:48:36.022018,U0075,LAB008,Logoff
951,2025-01-08 08:56:00,U0076,PC0076,Logon
952,2025-01-08 17:17:07.399427,U0076,PC0076,Logoff
953,2025-01-08 08:40:00,U0077,PC0077,Logon
954,2025-01-08 18:06:37.552575,U0077,PC0077,Logoff
955,2025-01-08 08:50:00,U0078,PC0078,Logon
956,2025-01-08 17:57:02.264994,U0078,PC0078,Logoff
957,2025-01-08 09:46:00,U0079,PC0079,Logon
958,2025-01-08 18:13:24.311589,U0079,PC0079,Logoff
959,2025-01-08 09:01:00,U0080,PC0080,Logon
960,2025-01-08 17:27:51.750816,U0080,PC0080,Logoff
961,2025-01-09 21:46:00,U0001,PC0001,Logon
962,2025-01-10 07:05:44.949108,U0001,PC0001,Logoff
963,2025-01-09 09:13:00,U0002,PC0002,Logon
964,2025-01-09 17:55:32.413527,U0002,PC0002,Logoff
965,2025-01-09 08:40:00,U0003,PC0003,Logon
966,2025-01-09 18:06:24.421976,U0003,PC0003,Logoff
967,2025-01-09 08:37:00,U0004,PC0004,Logon
968,2025-01-09 18:25:03.385558,U0004,PC0004,Logoff
969,2025-01-09 08:55:00,U0005,LAB001,Logon
970,2025-01-09 15:29:09.209632,U0005,LAB001,Logoff
971,2025-01-09 09:35:00,U0006,PC0006,Logon
972,2025-01-09 16:54:08.214033,U0006,PC0006,Logoff
973,2025-01-09 09:06:00,U0007,PC0007,Logon
974,2025-01-09 16:26:50.553675,U0007,PC0007,Logoff
975,2025-01-09 08:57:00,U0008,PC0008,Logon
976,2025-01-09 15:03:37.653369,U0008,PC0008,Logoff
977,2025-01-09 08:28:00,U0009,PC0009,Logon
978,2025-01-09 14:02:34.034424,U0009,PC0009,Logoff
979,2025-01-09 08:27:00,U0010,PC0010,Logon
980,2025-01-09 17:12:37.492762,U0010,PC0010,Logoff
981,2025-01-09 09:39:00,U0011,PC0011,Logon
982,2025-01-09 18:04:31.647222,U0011,PC0011,Logoff
983,2025-01-09 08:56:00,U0012,PC0012,Logon
984,2025-01-09 16:53:08.239118,U0012,PC0012,Logoff
985,2025-01-09 08:44:00,U0013,PC0013,Logon
986,2025-01-09 15:34:29.887119,U0013,PC0013,Logoff
987,2025-01-09 09:24:00,U0014,PC0014,Logon
988,2025-01-09 18:16:38.504246,U0014,PC0014,Logoff
989,2025-01-09 08:47:00,U0015,PC0015,Logon
990,2025-01-09 16:48:36.789020,U0015,PC0015,Logoff
991,2025-01-09 09:34:00,U0016,LAB002,Logon
992,2025-01-09 15:31:29.754474,U0016,LAB002,Logoff
993,2025-01-09 08:39:00,U0017,PC0017,Logon
994,2025-01-09 15:58:04.856707,U0017,PC0017,Logoff
995,2025-01-09 08:28:00,U0018,PC0018,Logon
996,2025-01-09 16:11:08.038946,U0018,PC0018,Logoff
997,2025-01-09 09:58:00,U0019,LAB010,Logon
998,2025-01-09 18:36:27.034301,U0019,LAB010,Logoff
999,2025-01-09 08:50:00,U0020,PC0020,Logon
1000,2025-01-09 17:24:21.298013,U0020,PC0020,Logoff
1001,2025-01-09 09:31:00,U0021,PC0021,Logon
1002,2025-01-09 18:26:28.681258,U0021,PC0021,Logoff
1003,2025-01-09 09:11:00,U0022,PC0022,Logon
1004,2025-01-09 16:32:11.027600,U0022,PC0022,Logoff
1005,2025-01-09 09:28:00,U0023,PC0023,Logon
1006,2025-01-09 17:51:36.547388,U0023,PC0023,Logoff
1007,2025-01-09 09:15:00,U0024,PC0024,Logon
1008,2025-01-09 17:53:06.618486,U0024,PC0024,Logoff
1009,2025-01-09 09:30:00,U0025,PC0025,Logon
1010,2025-01-09 16:57:53.153238,U0025,PC0025,Logoff
1011,2025-01-09 09:07:00,U0026,PC0026,Logon
1012,2025-01-09 17:18:51.358577,U0026,PC0026,Logoff
1013,2025-01-09 10:26:00,U0027,PC0027,Logon
1014,2025-01-09 17:44:38.923855,U0027,PC0027,Logoff
1015,2025-01-09 09:50:00,U0028,PC0028,Logon
1016,2025-01-09 18:01:52.478820,U0028,PC0028,Logoff
1017,2025-01-09 08:20:00,U0029,PC0029,Logon
1018,2025-01-09 15:50:58.010997,U0029,PC0029,Logoff
1019,2025-01-09 08:12:00,U0030,PC0030,Logon
1020,2025-01-09 16:37:26.997407,U0030,PC0030,Logoff
1021,2025-01-09 09:39:00,U0031,PC0031,Logon
1022,2025-01-09 17:04:34.679986,U0031,PC0031,Logoff
1023,2025-01-09 08:16:00,U0032,PC0032,Logon
1024,2025-01-09 18:24:32.173291,U0032,PC0032,Logoff
1025,2025-01-09 09:43:00,U0033,PC0033,Logon
1026,2025-01-09 18:09:10.765211,U0033,PC0033,Logoff
1027,2025-01-09 09:29:00,U0034,PC0034,Logon
1028,2025-01-09 17:36:12.112776,U0034,PC0034,Logoff
1029,2025-01-09 09:22:00,U0035,PC0035,Logon
1030,2025-01-09 16:20:37.946765,U0035,PC0035,Logoff
1031,2025-01-09 08:06:00,U0036,PC0036,Logon
1032,2025-01-09 14:25:53.097334,U0036,PC0036,Logoff
1033,2025-01-09 09:18:00,U0037,PC0037,Logon
1034,2025-01-09 17:56:49.905383,U0037,PC0037,Logoff
1035,2025-01-09 08:25:00,U0038,PC0038,Logon
1036,2025-01-09 17:59:26.352348,U0038,PC0038,Logoff
1037,2025-01-09 08:27:00,U0039,PC0039,Logon
1038,2025-01-09 14:59:08.250431,U0039,PC0039,Logoff
1039,2025-01-09 09:24:00,U0040,PC0040,Logon
1040,2025-01-09 18:26:49.553889,U0040,PC0040,Logoff
1041,2025-01-09 09:23:00,U0041,PC0041,Logon
1042,2025-01-09 16:55:28.016654,U0041,PC0041,Logoff
1043,2025-01-09 09:19:00,U0042,PC0042,Logon
1044,2025-01-09 17:16:41.369510,U0042,PC0042,Logoff
1045,2025-01-09 08:20:00,U0043,PC0043,Logon
1046,2025-01-09 17:13:01.175775,U0043,PC0043,Logoff
1047,2025-01-09 09:58:00,U0044,LAB017,Logon
1048,2025-01-09 16:23:24.988235,U0044,LAB017,Logoff
1049,2025-01-09 09:27:00,U0045,PC0045,Logon
1050,2025-01-09 18:49:48.328875,U0045,PC0045,Logoff
1051,2025-01-09 08:17:00,U0046,LAB009,Logon
1052,2025-01-09 16:40:44.892720,U0046,LAB009,Logoff
1053,2025-01-09 09:32:00,U0047,PC0047,Logon
1054,2025-01-09 17:47:38.425557,U0047,PC0047,Logoff
1055,2025-01-09 08:40:00,U0048,LAB010,Logon
1056,2025-01-09 15:59:42.155875,U0048,LAB010,Logoff
1057,2025-01-09 08:55:00,U0049,PC0049,Logon
1058,2025-01-09 18:05:21.824469,U0049,PC0049,Logoff
1059,2025-01-09 09:02:00,U0050,PC0050,Logon
1060,2025-01-09 16:39:45.788404,U0050,PC0050,Logoff
1061,2025-01-09 09:52:00,U0051,PC0051,Logon
1062,2025-01-09 15:01:05.246566,U0051,PC0051,Logoff
1063,2025-01-09 09:20:00,U0052,PC0052,Logon
1064,2025-01-09 15:35:37.030396,U0052,PC0052,Logoff
1065,2025-01-09 08:22:00,U0053,PC0053,Logon
1066,2025-01-09 15:14:49.188379,U0053,PC0053,Logoff
1067,2025-01-09 08:07:00,U0054,PC0054,Logon
1068,2025-01-09 17:16:38.976435,U0054,PC0054,Logoff
1069,2025-01-09 08:56:00,U0055,PC0055,Logon
1070,2025-01-09 17:16:47.413974,U0055,PC0055,Logoff
1071,2025-01-09 08:32:00,U0056,PC0056,Logon
1072,2025-01-09 17:00:37.346978,U0056,PC0056,Logoff
1073,2025-01-09 09:08:00,U0057,PC0057,Logon
1074,2025-01-09 15:51:01.227993,U0057,PC0057,Logoff
1075,2025-01-09 09:16:00,U0058,PC0058,Logon
1076,2025-01-09 16:46:22.476301,U0058,PC0058,Logoff
1077,2025-01-09 08:37:00,U0059,PC0059,Logon
1078,2025-01-09 16:11:18.785421,U0059,PC0059,Logoff
1079,2025-01-09 09:26:00,U0060,PC0060,Logon
1080,2025-01-09 18:17:00.798272,U0060,PC0060,Logoff
1081,2025-01-09 08:06:00,U0061,PC0061,Logon
1082,2025-01-09 15:45:02.672264,U0061,PC0061,Logoff
1083,2025-01-09 08:11:00,U0062,PC0062,Logon
1084,2025-01-09 18:15:36.292741,U0062,PC0062,Logoff
1085,2025-01-09 09:30:00,U0063,PC0063,Logon
1086,2025-01-09 17:55:48.149930,U0063,PC0063,Logoff
1087,2025-01-09 09:52:00,U0064,PC0064,Logon
1088,2025-01-09 18:06:19.640972,U0064,PC0064,Logoff
1089,2025-01-09 08:41:00,U0065,PC0065,Logon
1090,2025-01-09 16:29:13.140543,U0065,PC0065,Logoff
1091,2025-01-09 08:51:00,U0066,PC0066,Logon
1092,2025-01-09 16:48:45.999949,U0066,PC0066,Logoff
1093,2025-01-09 09:09:00,U0067,PC0067,Logon
1094,2025-01-09 17:12:07.005189,U0067,PC0067,Logoff
1095,2025-01-09 09:00:00,U0068,PC0068,Logon
1096,2025-01-09 16:55:09.420312,U0068,PC0068,Logoff
1097,2025-01-09 09:32:00,U0069,PC0069,Logon
1098,2025-01-09 15:32:06.477536,U0069,PC0069,Logoff
1099,2025-01-09 09:09:00,U0070,PC0070,Logon
1100,2025-01-09 17:29:47.358513,U0070,PC0070,Logoff
1101,2025-01-09 09:04:00,U0071,PC0071,Logon
1102,2025-01-09 14:10:13.480639,U0071,PC0071,Logoff
1103,2025-01-09 10:39:00,U0072,PC0072,Logon
1104,2025-01-09 18:30:37.477339,U0072,PC0072,Logoff
1105,2025-01-09 09:10:00,U0073,PC0073,Logon
1106,2025-01-09 16:07:36.338662,U0073,PC0073,Logoff
1107,2025-01-09 09:12:00,U0074,PC0074,Logon
1108,2025-01-09 16:08:47.703973,U0074,PC0074,Logoff
1109,2025-01-09 08:31:00,U0075,PC0075,Logon
1110,2025-01-09 18:25:50.512874,U0075,PC0075,Logoff
1111,2025-01-09 08:44:00,U0076,PC0076,Logon
1112,2025-01-09 16:57:02.758343,U0076,PC0076,Logoff
1113,2025-01-09 09:43:00,U0077,PC0077,Logon
1114,2025-01-09 18:12:44.454797,U0077,PC0077,Logoff
1115,2025-01-09 09:06:00,U0078,PC0078,Logon
1116,2025-01-09 17:27:53.859609,U0078,PC0078,Logoff
1117,2025-01-09 10:43:00,U0079,PC0079,Logon
1118,2025-01-09 18:39:32.572331,U0079,PC0079,Logoff
1119,2025-01-09 09:51:00,U0080,PC0080,Logon
1120,2025-01-09 18:54:02.355826,U0080,PC0080,Logoff
1121,2025-01-10 09:00:00,U0001,PC0001,Logon
1122,2025-01-10 18:11:13.309100,U0001,PC0001,Logoff
1123,2025-01-10 09:35:00,U0002,PC0002,Logon
1124,2025-01-10 16:26:25.182314,U0002,PC0002,Logoff
1125,2025-01-10 09:10:00,U0003,PC0003,Logon
1126,2025-01-10 16:01:13.156585,U0003,PC0003,Logoff
1127,2025-01-10 09:32:00,U0004,PC0004,Logon
1128,2025-01-10 16:46:44.606940,U0004,PC0004,Logoff
1129,2025-01-10 08:43:00,U0005,PC0005,Logon
1130,2025-01-10 17:02:43.544677,U0005,PC0005,Logoff
1131,2025-01-10 09:53:00,U0006,PC0006,Logon
1132,2025-01-10 18:18:18.914715,U0006,PC0006,Logoff
1133,2025-01-10 09:55:00,U0007,PC0007,Logon
1134,2025-01-10 18:22:12.723485,U0007,PC0007,Logoff
1135,2025-01-10 08:06:00,U0008,PC0008,Logon
1136,2025-01-10 17:03:50.713806,U0008,PC0008,Logoff
1137,2025-01-10 09:55:00,U0009,PC0009,Logon
1138,2025-01-10 16:41:20.611866,U0009,PC0009,Logoff
1139,2025-01-10 09:12:00,U0010,PC0010,Logon
1140,2025-01-10 17:54:04.221872,U0010,PC0010,Logoff
1141,2025-01-10 08:41:00,U0011,PC0011,Logon
1142,2025-01-10 18:03:32.544528,U0011,PC0011,Logoff
1143,2025-01-10 08:47:00,U0012,PC0012,Logon
1144,2025-01-10 16:54:32.075232,U0012,PC0012,Logoff
1145,2025-01-10 08:06:00,U0013,PC0013,Logon
1146,2025-01-10 16:06:56.084571,U0013,PC0013,Logoff
1147,2025-01-10 08:50:00,U0014,PC0014,Logon
1148,2025-01-10 15:23:35.816823,U0014,PC0014,Logoff
1149,2025-01-10 09:24:00,U0015,PC0015,Logon
1150,2025-01-10 16:33:10.939146,U0015,PC0015,Logoff
1151,2025-01-10 08:16:00,U0016,PC0016,Logon
1152,2025-01-10 14:06:47.795591,U0016,PC0016,Logoff
1153,2025-01-10 08:06:00,U0017,PC0017,Logon
1154,2025-01-10 14:46:36.876744,U0017,PC0017,Logoff
1155,2025-01-10 09:59:00,U0018,PC0018,Logon
1156,2025-01-10 18:59:35.341522,U0018,PC0018,Logoff
1157,2025-01-10 08:01:00,U0019,PC0019,Logon
1158,2025-01-10 18:16:08.768899,U0019,PC0019,Logoff
1159,2025-01-10 09:47:00,U0020,PC0020,Logon
1160,2025-01-10 17:27:30.607019,U0020,PC0020,Logoff
1161,2025-01-10 07:25:00,U0021,PC0021,Logon
1162,2025-01-10 17:42:27.393261,U0021,PC0021,Logoff
1163,2025-01-10 08:35:00,U0022,PC0022,Logon
1164,2025-01-10 14:56:16.564511,U0022,PC0022,Logoff
1165,2025-01-10 09:24:00,U0023,PC0023,Logon
1166,2025-01-10 19:50:23.108663,U0023,PC0023,Logoff
1167,2025-01-10 09:02:00,U0024,PC0024,Logon
1168,2025-01-10 17:35:50.072832,U0024,PC0024,Logoff
1169,2025-01-10 09:16:00,U0025,PC0025,Logon
1170,2025-01-10 18:07:12.296012,U0025,PC0025,Logoff
1171,2025-01-10 09:44:00,U0026,PC0026,Logon
1172,2025-01-10 18:00:52.289126,U0026,PC0026,Logoff
1173,2025-01-10 09:23:00,U0027,PC0027,Logon
1174,2025-01-10 17:19:14.664740,U0027,PC0027,Logoff
1175,2025-01-10 08:03:00,U0028,PC0028,Logon
1176,2025-01-10 15:46:09.569723,U0028,PC0028,Logoff
1177,2025-01-10 08:03:00,U0029,PC0029,Logon
1178,2025-01-10 15:57:05.977344,U0029,PC0029,Logoff
1179,2025-01-10 08:10:00,U0030,LAB005,Logon
1180,2025-01-10 15:03:47.078458,U0030,LAB005,Logoff
1181,2025-01-10 09:04:00,U0031,PC0031,Logon
1182,2025-01-10 18:27:31.208231,U0031,PC0031,Logoff
1183,2025-01-10 09:00:00,U0032,PC0032,Logon
1184,2025-01-10 15:25:46.197827,U0032,PC0032,Logoff
1185,2025-01-10 08:15:00,U0033,PC0033,Logon
1186,2025-01-10 17:11:26.776277,U0033,PC0033,Logoff
1187,2025-01-10 08:59:00,U0034,PC0034,Logon
1188,2025-01-10 16:45:31.320660,U0034,PC0034,Logoff
1189,2025-01-10 09:13:00,U0035,PC0035,Logon
1190,2025-01-10 16:14:53.959962,U0035,PC0035,Logoff
1191,2025-01-10 09:39:00,U0036,PC0036,Logon
1192,2025-01-10 16:18:57.508218,U0036,PC0036,Logoff
1193,2025-01-10 08:46:00,U0037,PC0037,Logon
1194,2025-01-10 17:05:11.214963,U0037,PC0037,Logoff
1195,2025-01-10 08:59:00,U0038,PC0038,Logon
1196,2025-01-10 17:25:25.709057,U0038,PC0038,Logoff
1197,2025-01-10 08:17:00,U0039,PC0039,Logon
1198,2025-01-10 16:50:08.963836,U0039,PC0039,Logoff
1199,2025-01-10 09:17:00,U0040,LAB018,Logon
1200,2025-01-10 18:38:50.905548,U0040,LAB018,Logoff
1201,2025-01-10 09:58:00,U0041,PC0041,Logon
1202,2025-01-10 17:32:14.140052,U0041,PC0041,Logoff
1203,2025-01-10 09:30:00,U0042,PC0042,Logon
1204,2025-01-10 18:02:35.872905,U0042,PC0042,Logoff
1205,2025-01-10 09:20:00,U0043,PC0043,Logon
1206,2025-01-10 17:22:26.130088,U0043,PC0043,Logoff
1207,2025-01-10 08:23:00,U0044,PC0044,Logon
1208,2025-01-10 15:43:13.556697,U0044,PC0044,Logoff
1209,2025-01-10 08:21:00,U0045,PC0045,Logon
1210,2025-01-10 18:05:58.476275,U0045,PC0045,Logoff
1211,2025-01-10 08:32:00,U0046,PC0046,Logon
1212,2025-01-10 15:50:25.541288,U0046,PC0046,Logoff
1213,2025-01-10 08:48:00,U0047,PC0047,Logon
1214,2025-01-10 17:41:41.727757,U0047,PC0047,Logoff
1215,2025-01-10 08:42:00,U0048,PC0048,Logon
1216,2025-01-10 17:56:51.871462,U0048,PC0048,Logoff
1217,2025-01-10 08:04:00,U0049,PC0049,Logon
1218,2025-01-10 16:20:44.378984,U0049,PC0049,Logoff
1219,2025-01-10 08:52:00,U0050,PC0050,Logon
1220,2025-01-10 19:00:42.536860,U0050,PC0050,Logoff
1221,2025-01-10 08:37:00,U0051,PC0051,Logon
1222,2025-01-10 16:55:35.354557,U0051,PC0051,Logoff
1223,2025-01-10 09:03:00,U0052,PC0052,Logon
1224,2025-01-10 17:27:49.676751,U0052,PC0052,Logoff
1225,2025-01-10 08:12:00,U0053,PC0053,Logon
1226,2025-01-10 16:04:12.645481,U0053,PC0053,Logoff
1227,2025-01-10 09:28:00,U0054,PC0054,Logon
1228,2025-01-10 17:19:10.792794,U0054,PC0054,Logoff
1229,2025-01-10 09:51:00,U0055,PC0055,Logon
1230,2025-01-10 20:03:37.882806,U0055,PC0055,Logoff
1231,2025-01-10 08:02:00,U0056,PC0056,Logon
1232,2025-01-10 14:39:48.709274,U0056,PC0056,Logoff
1233,2025-01-10 08:27:00,U0057,PC0057,Logon
1234,2025-01-10 19:01:46.953616,U0057,PC0057,Logoff
1235,2025-01-10 08:24:00,U0058,PC0058,Logon
1236,2025-01-10 18:02:20.820500,U0058,PC0058,Logoff
1237,2025-01-10 09:29:00,U0059,PC0059,Logon
1238,2025-01-10 16:55:47.082330,U0059,PC0059,Logoff
1239,2025-01-10 09:59:00,U0060,PC0060,Logon
1240,2025-01-10 19:36:42.227843,U0060,PC0060,Logoff
1241,2025-01-10 08:17:00,U0061,PC0061,Logon
1242,2025-01-10 16:04:47.110704,U0061,PC0061,Logoff
1243,2025-01-10 08:15:00,U0062,PC0062,Logon
1244,2025-01-10 15:14:06.875770,U0062,PC0062,Logoff
1245,2025-01-10 08:27:00,U0063,PC0063,Logon
1246,2025-01-10 15:13:33.815040,U0063,PC0063,Logoff
1247,2025-01-10 09:06:00,U0064,PC0064,Logon
1248,2025-01-10 16:19:48.096368,U0064,PC0064,Logoff
1249,2025-01-10 09:23:00,U0065,LAB007,Logon
1250,2025-01-10 15:49:38.775674,U0065,LAB007,Logoff
1251,2025-01-10 09:37:00,U0066,PC0066,Logon
1252,2025-01-10 18:27:00.704262,U0066,PC0066,Logoff
1253,2025-01-10 08:22:00,U0067,PC0067,Logon
1254,2025-01-10 16:44:26.603651,U0067,PC0067,Logoff
1255,2025-01-10 09:36:00,U0068,PC0068,Logon
1256,2025-01-10 16:23:25.292333,U0068,PC0068,Logoff
1257,2025-01-10 09:33:00,U0069,PC0069,Logon
1258,2025-01-10 17:58:08.468434,U0069,PC0069,Logoff
1259,2025-01-10 08:49:00,U0070,PC0070,Logon
1260,2025-01-10 16:45:39.231320,U0070,PC0070,Logoff
1261,2025-01-10 09:04:00,U0071,PC0071,Logon
1262,2025-01-10 17:08:33.619409,U0071,PC0071,Logoff
1263,2025-01-10 09:27:00,U0072,PC0072,Logon
1264,2025-01-10 16:31:45.575065,U0072,PC0072,Logoff
1265,2025-01-10 09:20:00,U0073,PC0073,Logon
1266,2025-01-10 15:55:10.627811,U0073,PC0073,Logoff
1267,2025-01-10 08:17:00,U0074,PC0074,Logon
1268,2025-01-10 15:22:45.932491,U0074,PC0074,Logoff
1269,2025-01-10 08:09:00,U0075,PC0075,Logon
1270,2025-01-10 17:23:09.935431,U0075,PC0075,Logoff
1271,2025-01-10 09:15:00,U0076,PC0076,Logon
1272,2025-01-10 17:51:32.897235,U0076,PC0076,Logoff
1273,2025-01-10 08:02:00,U0077,PC0077,Logon
1274,2025-01-10 15:43:00.929581,U0077,PC0077,Logoff
1275,2025-01-10 09:57:00,U0078,PC0078,Logon
1276,2025-01-10 18:05:30.180889,U0078,PC0078,Logoff
1277,2025-01-10 10:13:00,U0079,PC0079,Logon
1278,2025-01-10 18:36:35.944222,U0079,PC0079,Logoff
1279,2025-01-10 09:03:00,U0080,PC0080,Logon
1280,2025-01-10 16:44:27.180729,U0080,PC0080,Logoff
1281,2025-01-13 09:19:00,U0001,PC0001,Logon
1282,2025-01-13 17:09:51.108589,U0001,PC0001,Logoff
1283,2025-01-13 09:06:00,U0002,PC0002,Logon
1284,2025-01-13 18:03:24.128340,U0002,PC0002,Logoff
1285,2025-01-13 08:22:00,U0003,PC0003,Logon
1286,2025-01-13 15:02:07.561367,U0003,PC0003,Logoff
1287,2025-01-13 08:14:00,U0004,PC0004,Logon
1288,2025-01-13 16:44:28.768777,U0004,PC0004,Logoff
1289,2025-01-13 08:23:00,U0005,PC0005,Logon
1290,2025-01-13 14:13:49.593865,U0005,PC0005,Logoff
1291,2025-01-13 09:52:00,U0006,PC0006,Logon
1292,2025-01-13 20:21:34.798263,U0006,PC0006,Logoff
1293,2025-01-13 08:49:00,U0007,PC0007,Logon
1294,2025-01-13 17:39:18.566788,U0007,PC0007,Logoff
1295,2025-01-13 09:57:00,U0008,PC0008,Logon
1296,2025-01-13 17:51:03.997249,U0008,PC0008,Logoff
1297,2025-01-13 09:47:00,U0009,PC0009,Logon
1298,2025-01-13 17:29:35.011641,U0009,PC0009,Logoff
1299,2025-01-13 09:04:00,U0010,PC0010,Logon
1300,2025-01-13 17:23:18.112102,U0010,PC0010,Logoff
1301,2025-01-13 08:33:00,U0011,PC0011,Logon
1302,2025-01-13 17:32:31.352458,U0011,PC0011,Logoff
1303,2025-01-13 08:21:00,U0012,PC0012,Logon
1304,2025-01-13 15:35:39.317426,U0012,PC0012,Logoff
1305,2025-01-13 09:08:00,U0013,PC0013,Logon
1306,2025-01-13 16:14:05.515266,U0013,PC0013,Logoff
1307,2025-01-13 09:38:00,U0014,PC0014,Logon
1308,2025-01-13 17:37:27.171612,U0014,PC0014,Logoff
1309,2025-01-13 09:07:00,U0015,PC0015,Logon
1310,2025-01-13 17:35:28.913638,U0015,PC0015,Logoff
1311,2025-01-13 08:59:00,U0016,PC0016,Logon
1312,2025-01-13 17:48:03.958677,U0016,PC0016,Logoff
1313,2025-01-13 09:17:00,U0017,PC0017,Logon
1314,2025-01-13 17:50:28.117103,U0017,PC0017,Logoff
1315,2025-01-13 09:09:00,U0018,PC0018,Logon
1316,2025-01-13 15:50:17.389564,U0018,PC0018,Logoff
1317,2025-01-13 08:46:00,U0019,PC0019,Logon
1318,2025-01-13 16:27:41.191064,U0019,PC0019,Logoff
1319,2025-01-13 08:21:00,U0020,PC0020,Logon
1320,2025-01-13 16:09:46.903309,U0020,PC0020,Logoff
1321,2025-01-13 09:47:00,U0021,PC0021,Logon
1322,2025-01-13 18:18:46.893916,U0021,PC0021,Logoff
1323,2025-01-13 08:10:00,U0022,PC0022,Logon
1324,2025-01-13 16:39:11.405918,U0022,PC0022,Logoff
1325,2025-01-13 09:13:00,U0023,PC0023,Logon
1326,2025-01-13 15:14:28.320361,U0023,PC0023,Logoff
1327,2025-01-13 08:01:00,U0024,PC0024,Logon
1328,2025-01-13 15:52:21.284799,U0024,PC0024,Logoff
1329,2025-01-13 08:58:00,U0025,PC0025,Logon
1330,2025-01-13 17:33:59.743428,U0025,PC0025,Logoff
1331,2025-01-13 09:53:00,U0026,PC0026,Logon
1332,2025-01-13 19:06:07.542666,U0026,PC0026,Logoff
1333,2025-01-13 08:56:00,U0027,PC0027,Logon
1334,2025-01-13 18:25:26.614093,U0027,PC0027,Logoff
1335,2025-01-13 09:10:00,U0028,PC0028,Logon
1336,2025-01-13 16:49:46.490504,U0028,PC0028,Logoff
1337,2025-01-13 08:51:00,U0029,PC0029,Logon
1338,2025-01-13 16:32:51.109129,U0029,PC0029,Logoff
1339,2025-01-13 08:16:00,U0030,PC0030,Logon
1340,2025-01-13 16:26:13.498401,U0030,PC0030,Logoff
1341,2025-01-13 09:37:00,U0031,PC0031,Logon
1342,2025-01-13 17:37:10.965673,U0031,PC0031,Logoff
1343,2025-01-13 09:06:00,U0032,PC0032,Logon
1344,2025-01-13 18:17:26.326589,U0032,PC0032,Logoff
1345,2025-01-13 09:50:00,U0033,PC0033,Logon
1346,2025-01-13 16:20:54.367314,U0033,PC0033,Logoff
1347,2025-01-13 07:20:00,U0034,PC0034,Logon
1348,2025-01-13 16:16:03.551680,U0034,PC0034,Logoff
1349,2025-01-13 08:16:00,U0035,PC0035,Logon
1350,2025-01-13 16:02:30.844553,U0035,PC0035,Logoff
1351,2025-01-13 08:16:00,U0036,PC0036,Logon
1352,2025-01-13 14:27:52.870425,U0036,PC0036,Logoff
1353,2025-01-13 09:35:00,U0037,PC0037,Logon
1354,2025-01-13 18:20:32.958577,U0037,PC0037,Logoff
1355,2025-01-13 08:09:00,U0038,PC0038,Logon
1356,2025-01-13 13:33:32.247748,U0038,PC0038,Logoff
1357,2025-01-13 08:59:00,U0039,PC0039,Logon
1358,2025-01-13 17:22:30.494419,U0039,PC0039,Logoff
1359,2025-01-13 08:49:00,U0040,PC0040,Logon
1360,2025-01-13 17:00:00.095711,U0040,PC0040,Logoff
1361,2025-01-13 08:03:00,U0041,PC0041,Logon
1362,2025-01-13 16:37:45.449399,U0041,PC0041,Logoff
1363,2025-01-13 09:41:00,U0042,LAB019,Logon
1364,2025-01-13 16:42:36.951813,U0042,LAB019,Logoff
1365,2025-01-13 09:53:00,U0043,PC0043,Logon
1366,2025-01-13 17:43:29.293537,U0043,PC0043,Logoff
1367,2025-01-13 08:01:00,U0044,PC0044,Logon
1368,2025-01-13 15:05:00.235347,U0044,PC0044,Logoff
1369,2025-01-13 08:09:00,U0045,PC0045,Logon
1370,2025-01-13 15:15:54.710230,U0045,PC0045,Logoff
1371,2025-01-13 08:13:00,U0046,PC0046,Logon
1372,2025-01-13 17:55:42.150529,U0046,PC0046,Logoff
1373,2025-01-13 08:48:00,U0047,PC0047,Logon
1374,2025-01-13 15:11:11.178968,U0047,PC0047,Logoff
1375,2025-01-13 09:03:00,U0048,PC0048,Logon
1376,2025-01-13 16:50:26.434762,U0048,PC0048,Logoff
1377,2025-01-13 08:36:00,U0049,PC0049,Logon
1378,2025-01-13 17:38:23.656875,U0049,PC0049,Logoff
1379,2025-01-13 08:40:00,U0050,PC0050,Logon
1380,2025-01-13 18:29:33.634969,U0050,PC0050,Logoff
1381,2025-01-13 09:45:00,U0051,PC0051,Logon
1382,2025-01-13 17:15:43.518931,U0051,PC0051,Logoff
1383,2025-01-13 10:49:00,U0052,PC0052,Logon
1384,2025-01-13 18:12:39.426277,U0052,PC0052,Logoff
1385,2025-01-13 09:14:00,U0053,PC0053,Logon
1386,2025-01-13 17:31:57.453289,U0053,PC0053,Logoff
1387,2025-01-13 09:24:00,U0054,PC0054,Logon
1388,2025-01-13 18:57:41.440308,U0054,PC0054,Logoff
1389,2025-01-13 09:41:00,U0055,PC0055,Logon
1390,2025-01-13 16:55:47.695667,U0055,PC0055,Logoff
1391,2025-01-13 09:19:00,U0056,PC0056,Logon
1392,2025-01-13 16:38:20.224669,U0056,PC0056,Logoff
1393,2025-01-13 10:14:00,U0057,PC0057,Logon
1394,2025-01-13 18:22:11.527192,U0057,PC0057,Logoff
1395,2025-01-13 08:20:00,U0058,PC0058,Logon
1396,2025-01-13 16:31:04.849101,U0058,PC0058,Logoff
1397,2025-01-13 08:14:00,U0059,PC0059,Logon
1398,2025-01-13 15:15:42.189461,U0059,PC0059,Logoff
1399,2025-01-13 09:52:00,U0060,PC0060,Logon
1400,2025-01-13 17:12:35.180596,U0060,PC0060,Logoff
1401,2025-01-13 08:39:00,U0061,PC0061,Logon
1402,2025-01-13 17:11:11.949909,U0061,PC0061,Logoff
1403,2025-01-13 09:22:00,U0062,PC0062,Logon
1404,2025-01-13 18:05:08.231918,U0062,PC0062,Logoff
1405,2025-01-13 09:34:00,U0063,PC0063,Logon
1406,2025-01-13 16:48:35.537681,U0063,PC0063,Logoff
1407,2025-01-13 08:35:00,U0064,PC0064,Logon
1408,2025-01-13 18:05:04.801147,U0064,PC0064,Logoff
1409,2025-01-13 08:00:00,U0065,PC0065,Logon
1410,2025-01-13 15:44:57.001141,U0065,PC0065,Logoff
1411,2025-01-13 09:31:00,U0066,PC0066,Logon
1412,2025-01-13 18:04:22.428034,U0066,PC0066,Logoff
1413,2025-01-13 09:39:00,U0067,PC0067,Logon
1414,2025-01-13 19:48:54.008442,U0067,PC0067,Logoff
1415,2025-01-13 08:20:00,U0068,PC0068,Logon
1416,2025-01-13 17:15:40.224461,U0068,PC0068,Logoff
1417,2025-01-13 09:19:00,U0069,PC0069,Logon
1418,2025-01-13 17:35:06.932204,U0069,PC0069,Logoff
1419,2025-01-13 09:19:00,U0070,PC0070,Logon
1420,2025-01-13 17:49:28.208723,U0070,PC0070,Logoff
1421,2025-01-13 09:49:00,U0071,PC0071,Logon
1422,2025-01-13 18:53:21.026414,U0071,PC0071,Logoff
1423,2025-01-13 08:26:00,U0072,PC0072,Logon
1424,2025-01-13 15:35:38.845198,U0072,PC0072,Logoff
1425,2025-01-13 08:30:00,U0073,PC0073,Logon
1426,2025-01-13 14:32:01.116278,U0073,PC0073,Logoff
1427,2025-01-13 10:31:00,U0074,PC0074,Logon
1428,2025-01-13 17:24:48.449883,U0074,PC0074,Logoff
1429,2025-01-13 08:22:00,U0075,PC0075,Logon
1430,2025-01-13 16:05:23.472120,U0075,PC0075,Logoff
1431,2025-01-13 09:04:00,U0076,PC0076,Logon
1432,2025-01-13 17:52:56.653965,U0076,PC0076,Logoff
1433,2025-01-13 09:00:00,U0077,PC0077,Logon
1434,2025-01-13 16:25:00.921221,U0077,PC0077,Logoff
1435,2025-01-13 08:17:00,U0078,PC0078,Logon
1436,2025-01-13 16:33:57.287822,U0078,PC0078,Logoff
1437,2025-01-13 08:42:00,U0079,PC0079,Logon
1438,2025-01-13 18:18:26.444074,U0079,PC0079,Logoff
1439,2025-01-13 09:25:00,U0080,PC0080,Logon
1440,2025-01-13 18:09:05.560030,U0080,PC0080,Logoff
1441,2025-01-14 09:35:00,U0001,PC0001,Logon
1442,2025-01-14 18:45:24.505887,U0001,PC0001,Logoff
1443,2025-01-14 09:39:00,U0002,PC0002,Logon
1444,2025-01-14 16:21:11.404987,U0002,PC0002,Logoff
1445,2025-01-14 09:01:00,U0003,PC0003,Logon
1446,2025-01-14 16:21:55.115182,U0003,PC0003,Logoff
1447,2025-01-14 08:03:00,U0004,PC0004,Logon
1448,2025-01-14 16:38:10.910468,U0004,PC0004,Logoff
1449,2025-01-14 09:31:00,U0005,PC0005,Logon
1450,2025-01-14 17:32:16.577676,U0005,PC0005,Logoff
1451,2025-01-14 09:38:00,U0006,PC0006,Logon
1452,2025-01-14 19:20:07.973801,U0006,PC0006,Logoff
1453,2025-01-14 09:13:00,U0007,PC0007,Logon
1454,2025-01-14 19:49:06.059211,U0007,PC0007,Logoff
1455,2025-01-14 09:07:00,U0008,PC0008,Logon
1456,2025-01-14 15:21:21.254067,U0008,PC0008,Logoff
1457,2025-01-14 09:27:00,U0009,PC0009,Logon
1458,2025-01-14 17:49:52.170186,U0009,PC0009,Logoff
1459,2025-01-14 09:35:00,U0010,PC0010,Logon
1460,2025-01-14 18:15:23.452865,U0010,PC0010,Logoff
1461,2025-01-14 08:49:00,U0011,PC0011,Logon
1462,2025-01-14 15:35:32.526349,U0011,PC0011,Logoff
1463,2025-01-14 08:01:00,U0012,PC0012,Logon
1464,2025-01-14 15:09:58.126365,U0012,PC0012,Logoff
1465,2025-01-14 08:40:00,U0013,PC0013,Logon
1466,2025-01-14 17:15:18.882256,U0013,PC0013,Logoff
1467,2025-01-14 09:02:00,U0014,PC0014,Logon
1468,2025-01-14 17:25:40.817507,U0014,PC0014,Logoff
1469,2025-01-14 08:11:00,U0015,PC0015,Logon
1470,2025-01-14 16:37:40.569606,U0015,PC0015,Logoff
1471,2025-01-14 09:54:00,U0016,PC0016,Logon
1472,2025-01-14 17:17:24.781544,U0016,PC0016,Logoff
1473,2025-01-14 08:45:00,U0017,PC0017,Logon
1474,2025-01-14 16:45:52.877501,U0017,PC0017,Logoff
1475,2025-01-14 08:41:00,U0018,PC0018,Logon
1476,2025-01-14 17:19:53.809562,U0018,PC0018,Logoff
1477,2025-01-14 08:40:00,U0019,PC0019,Logon
1478,2025-01-14 17:05:10.316798,U0019,PC0019,Logoff
1479,2025-01-14 08:24:00,U0020,PC0020,Logon
1480,2025-01-14 15:57:45.150119,U0020,PC0020,Logoff
1481,2025-01-14 09:32:00,U0021,PC0021,Logon
1482,2025-01-14 17:09:37.800652,U0021,PC0021,Logoff
1483,2025-01-14 09:13:00,U0022,PC0022,Logon
1484,2025-01-14 16:49:01.309732,U0022,PC0022,Logoff
1485,2025-01-14 09:48:00,U0023,PC0023,Logon
1486,2025-01-14 18:43:57.326995,U0023,PC0023,Logoff
1487,2025-01-14 08:17:00,U0024,PC0024,Logon
1488,2025-01-14 14:31:21.088277,U0024,PC0024,Logoff
1489,2025-01-14 08:41:00,U0025,PC0025,Logon
1490,2025-01-14 17:56:45.302772,U0025,PC0025,Logoff
1491,2025-01-14 08:30:00,U0026,PC0026,Logon
1492,2025-01-14 19:03:29.517428,U0026,PC0026,Logoff
1493,2025-01-14 08:38:00,U0027,PC0027,Logon
1494,2025-01-14 16:49:04.384692,U0027,PC0027,Logoff
1495,2025-01-14 09:11:00,U0028,PC0028,Logon
1496,2025-01-14 19:11:21.934397,U0028,PC0028,Logoff
1497,2025-01-14 10:37:00,U0029,PC0029,Logon
1498,2025-01-14 19:49:30.118430,U0029,PC0029,Logoff
1499,2025-01-14 09:38:00,U0030,PC0030,Logon
1500,2025-01-14 18:13:33.097017,U0030,PC0030,Logoff
1501,2025-01-14 09:37:00,U0031,PC0031,Logon
1502,2025-01-14 17:03:55.731421,U0031,PC0031,Logoff
1503,2025-01-14 08:54:00,U0032,PC0032,Logon
1504,2025-01-14 16:53:47.851953,U0032,PC0032,Logoff
1505,2025-01-14 08:21:00,U0033,PC0033,Logon
1506,2025-01-14 15:53:48.379022,U0033,PC0033,Logoff
1507,2025-01-14 09:55:00,U0034,PC0034,Logon
1508,2025-01-14 18:52:19.098751,U0034,PC0034,Logoff
1509,2025-01-14 09:40:00,U0035,PC0035,Logon
1510,2025-01-14 19:08:39.108292,U0035,PC0035,Logoff
1511,2025-01-14 08:23:00,U0036,PC0036,Logon
1512,2025-01-14 16:11:22.825947,U0036,PC0036,Logoff
1513,2025-01-14 08:52:00,U0037,PC0037,Logon
1514,2025-01-14 15:00:00.468179,U0037,PC0037,Logoff
1515,2025-01-14 08:37:00,U0038,PC0038,Logon
1516,2025-01-14 16:29:41.708970,U0038,PC0038,Logoff
1517,2025-01-14 09:29:00,U0039,PC0039,Logon
1518,2025-01-14 18:06:50.922064,U0039,PC0039,Logoff
1519,2025-01-14 08:44:00,U0040,PC0040,Logon
1520,2025-01-14 18:35:14.733239,U0040,PC0040,Logoff
1521,2025-01-14 09:46:00,U0041,PC0041,Logon
1522,2025-01-14 18:20:55.551732,U0041,PC0041,Logoff
1523,2025-01-14 08:32:00,U0042,PC0042,Logon
1524,2025-01-14 15:34:26.018748,U0042,PC0042,Logoff
1525,2025-01-14 08:44:00,U0043,PC0043,Logon
1526,2025-01-14 17:49:19.495031,U0043,PC0043,Logoff
1527,2025-01-14 09:04:00,U0044,PC0044,Logon
1528,2025-01-14 18:36:35.676702,U0044,PC0044,Logoff
1529,2025-01-14 08:33:00,U0045,PC0045,Logon
1530,2025-01-14 15:25:49.377240,U0045,PC0045,Logoff
1531,2025-01-14 09:11:00,U0046,PC0046,Logon
1532,2025-01-14 15:24:53.618284,U0046,PC0046,Logoff
1533,2025-01-14 09:23:00,U0047,LAB017,Logon
1534,2025-01-14 17:14:08.630689,U0047,LAB017,Logoff
1535,2025-01-14 08:12:00,U0048,PC0048,Logon
1536,2025-01-14 14:36:19.068958,U0048,PC0048,Logoff
1537,2025-01-14 09:55:00,U0049,PC0049,Logon
1538,2025-01-14 17:23:02.276977,U0049,PC0049,Logoff
1539,2025-01-14 08:33:00,U0050,PC0050,Logon
1540,2025-01-14 13:40:39.856032,U0050,PC0050,Logoff
1541,2025-01-14 08:01:00,U0051,PC0051,Logon
1542,2025-01-14 17:47:20.105748,U0051,PC0051,Logoff
1543,2025-01-14 09:49:00,U0052,PC0052,Logon
1544,2025-01-14 17:21:34.453476,U0052,PC0052,Logoff
1545,2025-01-14 08:11:00,U0053,PC0053,Logon
1546,2025-01-14 16:39:07.587322,U0053,PC0053,Logoff
1547,2025-01-14 08:18:00,U0054,PC0054,Logon
1548,2025-01-14 16:36:06.450839,U0054,PC0054,Logoff
1549,2025-01-14 09:27:00,U0055,PC0055,Logon
1550,2025-01-14 18:40:36.959606,U0055,PC0055,Logoff
1551,2025-01-14 08:43:00,U0056,PC0056,Logon
1552,2025-01-14 16:30:46.774499,U0056,PC0056,Logoff
1553,2025-01-14 08:03:00,U0057,PC0057,Logon
1554,2025-01-14 15:13:23.230725,U0057,PC0057,Logoff
1555,2025-01-14 08:48:00,U0058,PC0058,Logon
1556,2025-01-14 17:10:02.515825,U0058,PC0058,Logoff
1557,2025-01-14 09:58:00,U0059,PC0059,Logon
1558,2025-01-14 17:09:48.555778,U0059,PC0059,Logoff
1559,2025-01-14 09:03:00,U0060,PC0060,Logon
1560,2025-01-14 16:46:43.955036,U0060,PC0060,Logoff
1561,2025-01-14 08:39:00,U0061,PC0061,Logon
1562,2025-01-14 15:54:10.037955,U0061,PC0061,Logoff
1563,2025-01-14 07:20:00,U0062,PC0062,Logon
1564,2025-01-14 16:13:02.563427,U0062,PC0062,Logoff
1565,2025-01-14 09:14:00,U0063,PC0063,Logon
1566,2025-01-14 16:57:07.220794,U0063,PC0063,Logoff
1567,2025-01-14 09:03:00,U0064,PC0064,Logon
1568,2025-01-14 17:33:57.381184,U0064,PC0064,Logoff
1569,2025-01-14 08:45:00,U0065,PC0065,Logon
1570,2025-01-14 16:13:15.410362,U0065,PC0065,Logoff
1571,2025-01-14 09:56:00,U0066,LAB018,Logon
1572,2025-01-14 16:40:44.558077,U0066,LAB018,Logoff
1573,2025-01-14 09:37:00,U0067,PC0067,Logon
1574,2025-01-14 16:15:36.305503,U0067,PC0067,Logoff
1575,2025-01-14 09:22:00,U0068,PC0068,Logon
1576,2025-01-14 17:19:51.690664,U0068,PC0068,Logoff
1577,2025-01-14 08:37:00,U0069,PC0069,Logon
1578,2025-01-14 17:46:53.061676,U0069,PC0069,Logoff
1579,2025-01-14 08:10:00,U0070,PC0070,Logon
1580,2025-01-14 15:21:23.091227,U0070,PC0070,Logoff
1581,2025-01-14 09:15:00,U0071,PC0071,Logon
1582,2025-01-14 18:23:55.094458,U0071,PC0071,Logoff
1583,2025-01-14 08:01:00,U0072,PC0072,Logon
1584,2025-01-14 16:04:42.047459,U0072,PC0072,Logoff
1585,2025-01-14 09:02:00,U0073,PC0073,Logon
1586,2025-01-14 17:43:35.180186,U0073,PC0073,Logoff
1587,2025-01-14 09:15:00,U0074,PC0074,Logon
1588,2025-01-14 16:52:58.699779,U0074,PC0074,Logoff
1589,2025-01-14 08:22:00,U0075,PC0075,Logon
1590,2025-01-14 16:27:10.117979,U0075,PC0075,Logoff
1591,2025-01-14 08:53:00,U0076,PC0076,Logon
1592,2025-01-14 13:57:43.138259,U0076,PC0076,Logoff
1593,2025-01-14 09:05:00,U0077,LAB006,Logon
1594,2025-01-14 17:59:14.165428,U0077,LAB006,Logoff
1595,2025-01-14 07:05:00,U0078,PC0078,Logon
1596,2025-01-14 14:04:24.969463,U0078,PC0078,Logoff
1597,2025-01-14 09:15:00,U0079,PC0079,Logon
1598,2025-01-14 19:18:26.983691,U0079,PC0079,Logoff
1599,2025-01-14 09:54:00,U0080,PC0080,Logon
1600,2025-01-14 17:10:19.189412,U0080,PC0080,Logoff
1601,2025-01-15 08:10:00,U0001,PC0001,Logon
1602,2025-01-15 17:32:29.555109,U0001,PC0001,Logoff
1603,2025-01-15 08:08:00,U0002,PC0002,Logon
1604,2025-01-15 15:20:02.908776,U0002,PC0002,Logoff
1605,2025-01-15 08:21:00,U0003,PC0003,Logon
1606,2025-01-15 15:23:48.017010,U0003,PC0003,Logoff
1607,2025-01-15 09:39:00,U0004,PC0004,Logon
1608,2025-01-15 19:16:28.842450,U0004,PC0004,Logoff
1609,2025-01-15 09:41:00,U0005,PC0005,Logon
1610,2025-01-15 17:25:51.527392,U0005,PC0005,Logoff
1611,2025-01-15 08:31:00,U0006,PC0006,Logon
1612,2025-01-15 14:57:12.513089,U0006,PC0006,Logoff
1613,2025-01-15 09:32:00,U0007,PC0007,Logon
1614,2025-01-15 17:27:19.786091,U0007,PC0007,Logoff
1615,2025-01-15 08:05:00,U0008,PC0008,Logon
1616,2025-01-15 19:16:35.187244,U0008,PC0008,Logoff
1617,2025-01-15 09:34:00,U0009,PC0009,Logon
1618,2025-01-15 16:48:53.552220,U0009,PC0009,Logoff
1619,2025-01-15 08:02:00,U0010,PC0010,Logon
1620,2025-01-15 17:10:54.404553,U0010,PC0010,Logoff
1621,2025-01-15 09:37:00,U0011,LAB001,Logon
1622,2025-01-15 16:10:42.199278,U0011,LAB001,Logoff
1623,2025-01-15 09:37:00,U0012,PC0012,Logon
1624,2025-01-15 16:56:54.681292,U0012,PC0012,Logoff
1625,2025-01-15 09:03:00,U0013,PC0013,Logon
1626,2025-01-15 18:07:48.173037,U0013,PC0013,Logoff
1627,2025-01-15 08:51:00,U0014,PC0014,Logon
1628,2025-01-15 18:07:51.658902,U0014,PC0014,Logoff
1629,2025-01-15 09:22:00,U0015,PC0015,Logon
1630,2025-01-15 18:13:09.985230,U0015,PC0015,Logoff
1631,2025-01-15 09:54:00,U0016,PC0016,Logon
1632,2025-01-15 17:03:13.116042,U0016,PC0016,Logoff
1633,2025-01-15 08:05:00,U0017,PC0017,Logon
1634,2025-01-15 17:06:47.858943,U0017,PC0017,Logoff
1635,2025-01-15 08:51:00,U0018,PC0018,Logon
1636,2025-01-15 16:26:46.865532,U0018,PC0018,Logoff
1637,2025-01-15 08:24:00,U0019,PC0019,Logon
1638,2025-01-15 16:49:24.956636,U0019,PC0019,Logoff
1639,2025-01-15 10:24:00,U0020,PC0020,Logon
1640,2025-01-15 17:19:56.881509,U0020,PC0020,Logoff
1641,2025-01-15 09:53:00,U0021,PC0021,Logon
1642,2025-01-15 19:17:43.993999,U0021,PC0021,Logoff
1643,2025-01-15 08:32:00,U0022,PC0022,Logon
1644,2025-01-15 16:59:08.538466,U0022,PC0022,Logoff
1645,2025-01-15 08:10:00,U0023,PC0023,Logon
1646,2025-01-15 16:35:41.905550,U0023,PC0023,Logoff
1647,2025-01-15 08:25:00,U0024,PC0024,Logon
1648,2025-01-15 17:24:08.627984,U0024,PC0024,Logoff
1649,2025-01-15 09:23:00,U0025,PC0025,Logon
1650,2025-01-15 19:58:22.429111,U0025,PC0025,Logoff
1651,2025-01-15 09:31:00,U0026,PC0026,Logon
1652,2025-01-15 17:50:32.866740,U0026,PC0026,Logoff
1653,2025-01-15 09:10:00,U0027,PC0027,Logon
1654,2025-01-15 16:48:48.601346,U0027,PC0027,Logoff
1655,2025-01-15 09:40:00,U0028,PC0028,Logon
1656,2025-01-15 17:22:16.554923,U0028,PC0028,Logoff
1657,2025-01-15 09:50:00,U0029,PC0029,Logon
1658,2025-01-15 19:09:03.351128,U0029,PC0029,Logoff
1659,2025-01-15 08:38:00,U0030,PC0030,Logon
1660,2025-01-15 17:46:23.562820,U0030,PC0030,Logoff
1661,2025-01-15 09:23:00,U0031,PC0031,Logon
1662,2025-01-15 17:15:54.953303,U0031,PC0031,Logoff
1663,2025-01-15 07:36:00,U0032,PC0032,Logon
1664,2025-01-15 14:59:31.840846,U0032,PC0032,Logoff
1665,2025-01-15 09:11:00,U0033,PC0033,Logon
1666,2025-01-15 17:09:37.674976,U0033,PC0033,Logoff
1667,2025-01-15 08:48:00,U0034,PC0034,Logon
1668,2025-01-15 16:17:42.810284,U0034,PC0034,Logoff
1669,2025-01-15 09:04:00,U0035,PC0035,Logon
1670,2025-01-15 17:36:48.240846,U0035,PC0035,Logoff
1671,2025-01-15 08:22:00,U0036,PC0036,Logon
1672,2025-01-15 15:59:59.432117,U0036,PC0036,Logoff
1673,2025-01-15 08:10:00,U0037,LAB005,Logon
1674,2025-01-15 15:14:39.323336,U0037,LAB005,Logoff
1675,2025-01-15 09:23:00,U0038,PC0038,Logon
1676,2025-01-15 17:03:39.646311,U0038,PC0038,Logoff
1677,2025-01-15 09:58:00,U0039,PC0039,Logon
1678,2025-01-15 19:29:16.737787,U0039,PC0039,Logoff
1679,2025-01-15 09:52:00,U0040,PC0040,Logon
1680,2025-01-15 17:26:06.166874,U0040,PC0040,Logoff
1681,2025-01-15 09:06:00,U0041,PC0041,Logon
1682,2025-01-15 17:04:32.895817,U0041,PC0041,Logoff
1683,2025-01-15 08:04:00,U0042,PC0042,Logon
1684,2025-01-15 16:23:27.693414,U0042,PC0042,Logoff
1685,2025-01-15 08:07:00,U0043,PC0043,Logon
1686,2025-01-15 17:18:15.645798,U0043,PC0043,Logoff
1687,2025-01-15 08:34:00,U0044,PC0044,Logon
1688,2025-01-15 16:46:04.174761,U0044,PC0044,Logoff
1689,2025-01-15 09:11:00,U0045,PC0045,Logon
1690,2025-01-15 16:55:27.942095,U0045,PC0045,Logoff
1691,2025-01-15 09:17:00,U0046,PC0046,Logon
1692,2025-01-15 16:48:30.346836,U0046,PC0046,Logoff
1693,2025-01-15 09:58:00,U0047,PC0047,Logon
1694,2025-01-15 16:37:14.473151,U0047,PC0047,Logoff
1695,2025-01-15 09:58:00,U0048,PC0048,Logon
1696,2025-01-15 19:54:20.144397,U0048,PC0048,Logoff
1697,2025-01-15 08:32:00,U0049,PC0049,Logon
1698,2025-01-15 15:51:20.118106,U0049,PC0049,Logoff
1699,2025-01-15 09:50:00,U0050,PC0050,Logon
1700,2025-01-15 18:00:46.494415,U0050,PC0050,Logoff
1701,2025-01-15 09:25:00,U0051,PC0051,Logon
1702,2025-01-15 17:54:21.073669,U0051,PC0051,Logoff
1703,2025-01-15 09:47:00,U0052,PC0052,Logon
1704,2025-01-15 18:53:34.919431,U0052,PC0052,Logoff
1705,2025-01-15 09:12:00,U0053,PC0053,Logon
1706,2025-01-15 16:57:31.472443,U0053,PC0053,Logoff
1707,2025-01-15 09:57:00,U0054,PC0054,Logon
1708,2025-01-15 19:50:59.574966,U0054,PC0054,Logoff
1709,2025-01-15 08:29:00,U0055,PC0055,Logon
1710,2025-01-15 15:30:31.694503,U0055,PC0055,Logoff
1711,2025-01-15 09:40:00,U0056,PC0056,Logon
1712,2025-01-15 17:32:46.627810,U0056,PC0056,Logoff
1713,2025-01-15 07:16:00,U0057,PC0057,Logon
1714,2025-01-15 16:06:50.718038,U0057,PC0057,Logoff
1715,2025-01-15 08:01:00,U0058,PC0058,Logon
1716,2025-01-15 15:55:34.080184,U0058,PC0058,Logoff
1717,2025-01-15 09:54:00,U0059,PC0059,Logon
1718,2025-01-15 18:05:25.798847,U0059,PC0059,Logoff
1719,2025-01-15 09:56:00,U0060,PC0060,Logon
1720,2025-01-15 17:29:52.249066,U0060,PC0060,Logoff
1721,2025-01-15 09:56:00,U0061,PC0061,Logon
1722,2025-01-15 17:40:25.631961,U0061,PC0061,Logoff
1723,2025-01-15 09:19:00,U0062,PC0062,Logon
1724,2025-01-15 17:55:55.322942,U0062,PC0062,Logoff
1725,2025-01-15 08:45:00,U0063,PC0063,Logon
1726,2025-01-15 17:50:09.535618,U0063,PC0063,Logoff
1727,2025-01-15 08:39:00,U0064,PC0064,Logon
1728,2025-01-15 17:27:29.008074,U0064,PC0064,Logoff
1729,2025-01-15 09:45:00,U0065,PC0065,Logon
1730,2025-01-15 19:35:17.461236,U0065,PC0065,Logoff
1731,2025-01-15 08:12:00,U0066,PC0066,Logon
1732,2025-01-15 15:51:02.459534,U0066,PC0066,Logoff
1733,2025-01-15 08:36:00,U0067,PC0067,Logon
1734,2025-01-15 16:17:48.552782,U0067,PC0067,Logoff
1735,2025-01-15 09:49:00,U0068,PC0068,Logon
1736,2025-01-15 16:12:01.281810,U0068,PC0068,Logoff
1737,2025-01-15 08:14:00,U0069,LAB001,Logon
1738,2025-01-15 15:09:55.909482,U0069,LAB001,Logoff
1739,2025-01-15 20:14:00,U0070,PC0070,Logon
1740,2025-01-16 05:56:38.208141,U0070,PC0070,Logoff
1741,2025-01-15 08:27:00,U0071,PC0071,Logon
1742,2025-01-15 16:16:52.241797,U0071,PC0071,Logoff
1743,2025-01-15 09:01:00,U0072,PC0072,Logon
1744,2025-01-15 18:10:42.761889,U0072,PC0072,Logoff
1745,2025-01-15 08:33:00,U0073,PC0073,Logon
1746,2025-01-15 16:47:18.128338,U0073,PC0073,Logoff
1747,2025-01-15 09:05:00,U0074,PC0074,Logon
1748,2025-01-15 17:35:03.939012,U0074,PC0074,Logoff
1749,2025-01-15 09:45:00,U0075,PC0075,Logon
1750,2025-01-15 18:45:03.765933,U0075,PC0075,Logoff
1751,2025-01-15 07:14:00,U0076,PC0076,Logon
1752,2025-01-15 15:54:40.351150,U0076,PC0076,Logoff
1753,2025-01-15 08:19:00,U0077,PC0077,Logon
1754,2025-01-15 14:29:09.721571,U0077,PC0077,Logoff
1755,2025-01-15 09:43:00,U0078,PC0078,Logon
1756,2025-01-15 19:05:25.170763,U0078,PC0078,Logoff
1757,2025-01-15 08:47:00,U0079,PC0079,Logon
1758,2025-01-15 17:44:10.348370,U0079,PC0079,Logoff
1759,2025-01-15 09:21:00,U0080,PC0080,Logon
1760,2025-01-15 18:39:53.692033,U0080,PC0080,Logoff
1761,2025-01-16 09:11:00,U0001,PC0001,Logon
1762,2025-01-16 17:55:31.658968,U0001,PC0001,Logoff
1763,2025-01-16 09:53:00,U0002,PC0002,Logon
1764,2025-01-16 16:16:52.923077,U0002,PC0002,Logoff
1765,2025-01-16 08:34:00,U0003,PC0003,Logon
1766,2025-01-16 15:43:24.312257,U0003,PC0003,Logoff
1767,2025-01-16 10:18:00,U0004,PC0004,Logon
1768,2025-01-16 18:07:26.811075,U0004,PC0004,Logoff
1769,2025-01-16 09:38:00,U0005,PC0005,Logon
1770,2025-01-16 18:11:05.347354,U0005,PC0005,Logoff
1771,2025-01-16 09:58:00,U0006,PC0006,Logon
1772,2025-01-16 19:39:42.183746,U0006,PC0006,Logoff
1773,2025-01-16 08:52:00,U0007,PC0007,Logon
1774,2025-01-16 17:03:40.586839,U0007,PC0007,Logoff
1775,2025-01-16 08:38:00,U0008,PC0008,Logon
1776,2025-01-16 15:18:47.918960,U0008,PC0008,Logoff
1777,2025-01-16 08:47:00,U0009,LAB016,Logon
1778,2025-01-16 16:44:46.667531,U0009,LAB016,Logoff
1779,2025-01-16 08:52:00,U0010,PC0010,Logon
1780,2025-01-16 16:10:27.284472,U0010,PC0010,Logoff
1781,2025-01-16 08:04:00,U0011,PC0011,Logon
1782,2025-01-16 15:59:00.819939,U0011,PC0011,Logoff
1783,2025-01-16 08:52:00,U0012,PC0012,Logon
1784,2025-01-16 17:37:36.201469,U0012,PC0012,Logoff
1785,2025-01-16 09:30:00,U0013,PC0013,Logon
1786,2025-01-16 16:02:32.814602,U0013,PC0013,Logoff
1787,2025-01-16 08:49:00,U0014,PC0014,Logon
1788,2025-01-16 16:03:52.236940,U0014,PC0014,Logoff
1789,2025-01-16 09:21:00,U0015,PC0015,Logon
1790,2025-01-16 18:41:25.621606,U0015,PC0015,Logoff
1791,2025-01-16 08:06:00,U0016,PC0016,Logon
1792,2025-01-16 16:12:54.093885,U0016,PC0016,Logoff
1793,2025-01-16 08:20:00,U0017,PC0017,Logon
1794,2025-01-16 17:00:16.824275,U0017,PC0017,Logoff
1795,2025-01-16 09:45:00,U0018,PC0018,Logon
1796,2025-01-16 16:59:52.910406,U0018,PC0018,Logoff
1797,2025-01-16 08:57:00,U0019,PC0019,Logon
1798,2025-01-16 16:09:14.306916,U0019,PC0019,Logoff
1799,2025-01-16 09:24:00,U0020,PC0020,Logon
1800,2025-01-16 17:25:16.721935,U0020,PC0020,Logoff
1801,2025-01-16 09:18:00,U0021,PC0021,Logon
1802,2025-01-16 17:14:21.621070,U0021,PC0021,Logoff
1803,2025-01-16 08:49:00,U0022,PC0022,Logon
1804,2025-01-16 15:18:10.628187,U0022,PC0022,Logoff
1805,2025-01-16 08:54:00,U0023,PC0023,Logon
1806,2025-01-16 15:18:57.110605,U0023,PC0023,Logoff
1807,2025-01-16 09:02:00,U0024,PC0024,Logon
1808,2025-01-16 17:32:31.410084,U0024,PC0024,Logoff
1809,2025-01-16 08:10:00,U0025,PC0025,Logon
1810,2025-01-16 17:03:42.137931,U0025,PC0025,Logoff
1811,2025-01-16 08:44:00,U0026,PC0026,Logon
1812,2025-01-16 16:52:48.454843,U0026,PC0026,Logoff
1813,2025-01-16 09:32:00,U0027,PC0027,Logon
1814,2025-01-16 18:25:48.621537,U0027,PC0027,Logoff
1815,2025-01-16 08:07:00,U0028,PC0028,Logon
1816,2025-01-16 15:13:31.707989,U0028,PC0028,Logoff
1817,2025-01-16 07:17:00,U0029,PC0029,Logon
1818,2025-01-16 14:33:51.048051,U0029,PC0029,Logoff
1819,2025-01-16 08:51:00,U0030,PC0030,Logon
1820,2025-01-16 15:51:46.153702,U0030,PC0030,Logoff
1821,2025-01-16 08:37:00,U0031,PC0031,Logon
1822,2025-01-16 16:41:36.666779,U0031,PC0031,Logoff
1823,2025-01-16 08:49:00,U0032,PC0032,Logon
1824,2025-01-16 16:09:59.990709,U0032,PC0032,Logoff
1825,2025-01-16 09:26:00,U0033,PC0033,Logon
1826,2025-01-16 17:52:30.986338,U0033,PC0033,Logoff
1827,2025-01-16 08:44:00,U0034,PC0034,Logon
1828,2025-01-16 18:08:39.356567,U0034,PC0034,Logoff
1829,2025-01-16 08:24:00,U0035,LAB002,Logon
1830,2025-01-16 16:25:07.858643,U0035,LAB002,Logoff
1831,2025-01-16 09:08:00,U0036,PC0036,Logon
1832,2025-01-16 17:21:59.578073,U0036,PC0036,Logoff
1833,2025-01-16 09:24:00,U0037,PC0037,Logon
1834,2025-01-16 17:41:13.646995,U0037,PC0037,Logoff
1835,2025-01-16 08:18:00,U0038,LAB010,Logon
1836,2025-01-16 16:39:41.412691,U0038,LAB010,Logoff
1837,2025-01-16 08:44:00,U0039,PC0039,Logon
1838,2025-01-16 16:50:30.814941,U0039,PC0039,Logoff
1839,2025-01-16 08:54:00,U0040,PC0040,Logon
1840,2025-01-16 16:41:30.779314,U0040,PC0040,Logoff
1841,2025-01-16 08:10:00,U0041,PC0041,Logon
1842,2025-01-16 14:17:05.343436,U0041,PC0041,Logoff
1843,2025-01-16 08:19:00,U0042,PC0042,Logon
1844,2025-01-16 16:24:34.241644,U0042,PC0042,Logoff
1845,2025-01-16 09:23:00,U0043,PC0043,Logon
1846,2025-01-16 16:21:20.369493,U0043,PC0043,Logoff
1847,2025-01-16 09:18:00,U0044,PC0044,Logon
1848,2025-01-16 16:26:01.770546,U0044,PC0044,Logoff
1849,2025-01-16 09:21:00,U0045,PC0045,Logon
1850,2025-01-16 17:46:37.899703,U0045,PC0045,Logoff
1851,2025-01-16 08:59:00,U0046,PC0046,Logon
1852,2025-01-16 18:45:31.119213,U0046,PC0046,Logoff
1853,2025-01-16 08:46:00,U0047,PC0047,Logon
1854,2025-01-16 17:41:08.955025,U0047,PC0047,Logoff
1855,2025-01-16 09:08:00,U0048,PC0048,Logon
1856,2025-01-16 16:27:45.767247,U0048,PC0048,Logoff
1857,2025-01-16 09:43:00,U0049,PC0049,Logon
1858,2025-01-16 17:27:59.832547,U0049,PC0049,Logoff
1859,2025-01-16 09:16:00,U0050,PC0050,Logon
1860,2025-01-16 17:31:37.158620,U0050,PC0050,Logoff
1861,2025-01-16 08:43:00,U0051,PC0051,Logon
1862,2025-01-16 17:31:38.909783,U0051,PC0051,Logoff
1863,2025-01-16 09:41:00,U0052,PC0052,Logon
1864,2025-01-16 15:56:05.284896,U0052,PC0052,Logoff
1865,2025-01-16 09:23:00,U0053,PC0053,Logon
1866,2025-01-16 15:43:15.028843,U0053,PC0053,Logoff
1867,2025-01-16 09:37:00,U0054,PC0054,Logon
1868,2025-01-16 18:44:36.138493,U0054,PC0054,Logoff
1869,2025-01-16 08:08:00,U0055,PC0055,Logon
1870,2025-01-16 15:43:21.068563,U0055,PC0055,Logoff
1871,2025-01-16 08:00:00,U0056,PC0056,Logon
1872,2025-01-16 15:47:06.284291,U0056,PC0056,Logoff
1873,2025-01-16 08:33:00,U0057,PC0057,Logon
1874,2025-01-16 17:19:46.777916,U0057,PC0057,Logoff
1875,2025-01-16 09:49:00,U0058,PC0058,Logon
1876,2025-01-16 19:12:44.461719,U0058,PC0058,Logoff
1877,2025-01-16 08:28:00,U0059,PC0059,Logon
1878,2025-01-16 16:15:26.801255,U0059,PC0059,Logoff
1879,2025-01-16 08:46:00,U0060,PC0060,Logon
1880,2025-01-16 15:57:38.867761,U0060,PC0060,Logoff
1881,2025-01-16 09:34:00,U0061,PC0061,Logon
1882,2025-01-16 19:10:56.098165,U0061,PC0061,Logoff
1883,2025-01-16 08:06:00,U0062,PC0062,Logon
1884,2025-01-16 15:30:27.128667,U0062,PC0062,Logoff
1885,2025-01-16 08:11:00,U0063,PC0063,Logon
1886,2025-01-16 16:27:48.580172,U0063,PC0063,Logoff
1887,2025-01-16 08:24:00,U0064,PC0064,Logon
1888,2025-01-16 16:49:26.619760,U0064,PC0064,Logoff
1889,2025-01-16 08:17:00,U0065,PC0065,Logon
1890,2025-01-16 16:16:07.971825,U0065,PC0065,Logoff
1891,2025-01-16 09:36:00,U0066,PC0066,Logon
1892,2025-01-16 17:36:23.120171,U0066,PC0066,Logoff
1893,2025-01-16 08:50:00,U0067,PC0067,Logon
1894,2025-01-16 16:43:25.404706,U0067,PC0067,Logoff
1895,2025-01-16 08:32:00,U0068,PC0068,Logon
1896,2025-01-16 16:09:47.960292,U0068,PC0068,Logoff
1897,2025-01-16 08:25:00,U0069,PC0069,Logon
1898,2025-01-16 18:00:55.129814,U0069,PC0069,Logoff
1899,2025-01-16 09:57:00,U0070,PC0070,Logon
1900,2025-01-16 17:39:16.270855,U0070,PC0070,Logoff
1901,2025-01-16 09:10:00,U0071,PC0071,Logon
1902,2025-01-16 16:49:58.249837,U0071,PC0071,Logoff
1903,2025-01-16 09:44:00,U0072,PC0072,Logon
1904,2025-01-16 18:06:10.711892,U0072,PC0072,Logoff
1905,2025-01-16 08:13:00,U0073,PC0073,Logon
1906,2025-01-16 16:39:51.780933,U0073,PC0073,Logoff
1907,2025-01-16 08:50:00,U0074,PC0074,Logon
1908,2025-01-16 15:42:23.637112,U0074,PC0074,Logoff
1909,2025-01-16 08:47:00,U0075,PC0075,Logon
1910,2025-01-16 16:55:34.595141,U0075,PC0075,Logoff
1911,2025-01-16 09:28:00,U0076,PC0076,Logon
1912,2025-01-16 19:41:52.680526,U0076,PC0076,Logoff
1913,2025-01-16 09:04:00,U0077,PC0077,Logon
1914,2025-01-16 17:34:03.040110,U0077,PC0077,Logoff
1915,2025-01-16 08:39:00,U0078,PC0078,Logon
1916,2025-01-16 16:06:26.374321,U0078,PC0078,Logoff
1917,2025-01-16 08:50:00,U0079,PC0079,Logon
1918,2025-01-16 16:12:44.948646,U0079,PC0079,Logoff
1919,2025-01-16 08:45:00,U0080,PC0080,Logon
1920,2025-01-16 16:16:40.473920,U0080,PC0080,Logoff
1921,2025-01-17 08:18:00,U0001,PC0001,Logon
1922,2025-01-17 17:02:52.476922,U0001,PC0001,Logoff
1923,2025-01-17 08:56:00,U0002,PC0002,Logon
1924,2025-01-17 17:10:21.288711,U0002,PC0002,Logoff
1925,2025-01-17 10:12:00,U0003,PC0003,Logon
1926,2025-01-17 17:16:50.215470,U0003,PC0003,Logoff
1927,2025-01-17 07:03:00,U0004,PC0004,Logon
1928,2025-01-17 14:45:50.384801,U0004,PC0004,Logoff
1929,2025-01-17 09:46:00,U0005,PC0005,Logon
1930,2025-01-17 19:43:30.050835,U0005,PC0005,Logoff
1931,2025-01-17 08:26:00,U0006,PC0006,Logon
1932,2025-01-17 16:55:48.117204,U0006,PC0006,Logoff
1933,2025-01-17 08:26:00,U0007,PC0007,Logon
1934,2025-01-17 16:19:38.585925,U0007,PC0007,Logoff
1935,2025-01-17 10:28:00,U0008,PC0008,Logon
1936,2025-01-17 16:57:49.306818,U0008,PC0008,Logoff
1937,2025-01-17 09:57:00,U0009,PC0009,Logon
1938,2025-01-17 18:25:03.695418,U0009,PC0009,Logoff
1939,2025-01-17 09:05:00,U0010,PC0010,Logon
1940,2025-01-17 17:10:52.739352,U0010,PC0010,Logoff
1941,2025-01-17 09:37:00,U0011,PC0011,Logon
1942,2025-01-17 17:13:30.065157,U0011,PC0011,Logoff
1943,2025-01-17 09:08:00,U0012,PC0012,Logon
1944,2025-01-17 16:47:24.507808,U0012,PC0012,Logoff
1945,2025-01-17 09:11:00,U0013,PC0013,Logon
1946,2025-01-17 16:48:49.402790,U0013,PC0013,Logoff
1947,2025-01-17 09:47:00,U0014,PC0014,Logon
1948,2025-01-17 17:45:14.653871,U0014,PC0014,Logoff
1949,2025-01-17 09:09:00,U0015,PC0015,Logon
1950,2025-01-17 17:05:54.982595,U0015,PC0015,Logoff
1951,2025-01-17 08:30:00,U0016,PC0016,Logon
1952,2025-01-17 17:45:42.917403,U0016,PC0016,Logoff
1953,2025-01-17 08:37:00,U0017,PC0017,Logon
1954,2025-01-17 15:57:46.441181,U0017,PC0017,Logoff
1955,2025-01-17 08:01:00,U0018,PC0018,Logon
1956,2025-01-17 17:23:27.977135,U0018,PC0018,Logoff
1957,2025-01-17 07:05:00,U0019,PC0019,Logon
1958,2025-01-17 18:13:15.894721,U0019,PC0019,Logoff
1959,2025-01-17 09:02:00,U0020,PC0020,Logon
1960,2025-01-17 17:15:23.660091,U0020,PC0020,Logoff
1961,2025-01-17 08:46:00,U0021,PC0021,Logon
1962,2025-01-17 17:03:07.994669,U0021,PC0021,Logoff
1963,2025-01-17 09:13:00,U0022,PC0022,Logon
1964,2025-01-17 17:51:42.776109,U0022,PC0022,Logoff
1965,2025-01-17 09:20:00,U0023,PC0023,Logon
1966,2025-01-17 17:25:22.490453,U0023,PC0023,Logoff
1967,2025-01-17 08:17:00,U0024,PC0024,Logon
1968,2025-01-17 16:07:55.416179,U0024,PC0024,Logoff
1969,2025-01-17 08:27:00,U0025,PC0025,Logon
1970,2025-01-17 17:35:01.572349,U0025,PC0025,Logoff
1971,2025-01-17 09:40:00,U0026,PC0026,Logon
1972,2025-01-17 14:43:34.600915,U0026,PC0026,Logoff
1973,2025-01-17 09:14:00,U0027,PC0027,Logon
1974,2025-01-17 17:25:41.050301,U0027,PC0027,Logoff
1975,2025-01-17 08:32:00,U0028,PC0028,Logon
1976,2025-01-17 16:08:41.333569,U0028,PC0028,Logoff
1977,2025-01-17 09:45:00,U0029,PC0029,Logon
1978,2025-01-17 18:41:51.095264,U0029,PC0029,Logoff
1979,2025-01-17 08:05:00,U0030,PC0030,Logon
1980,2025-01-17 16:29:25.388234,U0030,PC0030,Logoff
1981,2025-01-17 08:56:00,U0031,PC0031,Logon
1982,2025-01-17 15:33:13.374607,U0031,PC0031,Logoff
1983,2025-01-17 08:04:00,U0032,PC0032,Logon
1984,2025-01-17 16:55:44.616501,U0032,PC0032,Logoff
1985,2025-01-17 09:13:00,U0033,PC0033,Logon
1986,2025-01-17 17:43:47.107512,U0033,PC0033,Logoff
1987,2025-01-17 09:48:00,U0034,PC0034,Logon
1988,2025-01-17 18:18:58.241834,U0034,PC0034,Logoff
1989,2025-01-17 08:07:00,U0035,LAB008,Logon
1990,2025-01-17 16:32:54.921161,U0035,LAB008,Logoff
1991,2025-01-17 09:06:00,U0036,PC0036,Logon
1992,2025-01-17 17:51:15.448787,U0036,PC0036,Logoff
1993,2025-01-17 09:18:00,U0037,PC0037,Logon
1994,2025-01-17 18:00:29.893850,U0037,PC0037,Logoff
1995,2025-01-17 09:30:00,U0038,PC0038,Logon
1996,2025-01-17 18:34:12.540858,U0038,PC0038,Logoff
1997,2025-01-17 08:00:00,U0039,PC0039,Logon
1998,2025-01-17 15:07:05.251256,U0039,PC0039,Logoff
1999,2025-01-17 08:08:00,U0040,PC0040,Logon
2000,2025-01-17 15:23:18.350479,U0040,PC0040,Logoff
2001,2025-01-17 08:08:00,U0041,PC0041,Logon
2002,2025-01-17 15:59:19.732785,U0041,PC0041,Logoff
2003,2025-01-17 08:55:00,U0042,PC0042,Logon
2004,2025-01-17 16:36:31.338493,U0042,PC0042,Logoff
2005,2025-01-17 08:23:00,U0043,PC0043,Logon
2006,2025-01-17 16:35:47.857347,U0043,PC0043,Logoff
2007,2025-01-17 09:17:00,U0044,PC0044,Logon
2008,2025-01-17 16:27:58.480928,U0044,PC0044,Logoff
2009,2025-01-17 09:13:00,U0045,PC0045,Logon
2010,2025-01-17 18:09:15.252495,U0045,PC0045,Logoff
2011,2025-01-17 08:44:00,U0046,LAB005,Logon
2012,2025-01-17 15:58:14.190797,U0046,LAB005,Logoff
2013,2025-01-17 08:04:00,U0047,PC0047,Logon
2014,2025-01-17 15:07:36.348836,U0047,PC0047,Logoff
2015,2025-01-17 09:59:00,U0048,PC0048,Logon
2016,2025-01-17 17:47:22.225900,U0048,PC0048,Logoff
2017,2025-01-17 08:09:00,U0049,PC0049,Logon
2018,2025-01-17 14:08:46.095488,U0049,PC0049,Logoff
2019,2025-01-17 09:48:00,U0050,PC0050,Logon
2020,2025-01-17 16:33:38.669779,U0050,PC0050,Logoff
2021,2025-01-17 09:46:00,U0051,LAB015,Logon
2022,2025-01-17 18:02:38.556977,U0051,LAB015,Logoff
2023,2025-01-17 09:03:00,U0052,PC0052,Logon
2024,2025-01-17 15:44:28.246563,U0052,PC0052,Logoff
2025,2025-01-17 07:27:00,U0053,PC0053,Logon
2026,2025-01-17 15:38:01.858361,U0053,PC0053,Logoff
2027,2025-01-17 09:41:00,U0054,PC0054,Logon
2028,2025-01-17 18:55:20.206871,U0054,PC0054,Logoff
2029,2025-01-17 09:32:00,U0055,LAB017,Logon
2030,2025-01-17 17:02:30.109732,U0055,LAB017,Logoff
2031,2025-01-17 09:20:00,U0056,PC0056,Logon
2032,2025-01-17 16:21:35.233681,U0056,PC0056,Logoff
2033,2025-01-17 09:37:00,U0057,PC0057,Logon
2034,2025-01-17 18:07:19.692573,U0057,PC0057,Logoff
2035,2025-01-17 09:54:00,U0058,PC0058,Logon
2036,2025-01-17 20:39:34.776140,U0058,PC0058,Logoff
2037,2025-01-17 09:34:00,U0059,PC0059,Logon
2038,2025-01-17 17:03:27.730947,U0059,PC0059,Logoff
2039,2025-01-17 08:18:00,U0060,PC0060,Logon
2040,2025-01-17 14:31:51.326742,U0060,PC0060,Logoff
2041,2025-01-17 08:34:00,U0061,PC0061,Logon
2042,2025-01-17 16:09:26.583223,U0061,PC0061,Logoff
2043,2025-01-17 08:37:00,U0062,PC0062,Logon
2044,2025-01-17 16:46:08.477539,U0062,PC0062,Logoff
2045,2025-01-17 08:50:00,U0063,PC0063,Logon
2046,2025-01-17 17:57:15.710402,U0063,PC0063,Logoff
2047,2025-01-17 09:27:00,U0064,PC0064,Logon
2048,2025-01-17 17:26:26.518844,U0064,PC0064,Logoff
2049,2025-01-17 08:41:00,U0065,PC0065,Logon
2050,2025-01-17 16:50:18.686462,U0065,PC0065,Logoff
2051,2025-01-17 09:12:00,U0066,PC0066,Logon
2052,2025-01-17 16:19:58.331223,U0066,PC0066,Logoff
2053,2025-01-17 08:53:00,U0067,PC0067,Logon
2054,2025-01-17 16:34:46.586296,U0067,PC0067,Logoff
2055,2025-01-17 08:27:00,U0068,PC0068,Logon
2056,2025-01-17 15:37:50.671705,U0068,PC0068,Logoff
2057,2025-01-17 08:53:00,U0069,PC0069,Logon
2058,2025-01-17 17:45:27.801051,U0069,PC0069,Logoff
2059,2025-01-17 09:18:00,U0070,PC0070,Logon
2060,2025-01-17 17:29:36.923681,U0070,PC0070,Logoff
2061,2025-01-17 09:21:00,U0071,PC0071,Logon
2062,2025-01-17 17:12:45.461562,U0071,PC0071,Logoff
2063,2025-01-17 09:26:00,U0072,PC0072,Logon
2064,2025-01-17 17:19:48.401689,U0072,PC0072,Logoff
2065,2025-01-17 09:56:00,U0073,PC0073,Logon
2066,2025-01-17 17:21:02.068833,U0073,PC0073,Logoff
2067,2025-01-17 07:59:00,U0074,PC0074,Logon
2068,2025-01-17 15:50:56.595016,U0074,PC0074,Logoff
2069,2025-01-17 09:37:00,U0075,PC0075,Logon
2070,2025-01-17 18:32:34.375448,U0075,PC0075,Logoff
2071,2025-01-17 09:03:00,U0076,LAB007,Logon
2072,2025-01-17 18:17:10.070599,U0076,LAB007,Logoff
2073,2025-01-17 09:36:00,U0077,PC0077,Logon
2074,2025-01-17 17:47:50.336547,U0077,PC0077,Logoff
2075,2025-01-17 08:33:00,U0078,PC0078,Logon
2076,2025-01-17 16:14:02.137718,U0078,PC0078,Logoff
2077,2025-01-17 09:15:00,U0079,PC0079,Logon
2078,2025-01-17 18:27:13.983974,U0079,PC0079,Logoff
2079,2025-01-17 08:10:00,U0080,PC0080,Logon
2080,2025-01-17 15:42:59.318647,U0080,PC0080,Logoff
2081,2025-01-20 09:05:00,U0001,PC0001,Logon
2082,2025-01-20 17:41:04.344296,U0001,PC0001,Logoff
2083,2025-01-20 08:12:00,U0002,PC0002,Logon
2084,2025-01-20 13:54:13.748569,U0002,PC0002,Logoff
2085,2025-01-20 08:27:00,U0003,PC0003,Logon
2086,2025-01-20 15:13:45.435267,U0003,PC0003,Logoff
2087,2025-01-20 08:31:00,U0004,PC0004,Logon
2088,2025-01-20 16:22:07.990852,U0004,PC0004,Logoff
2089,2025-01-20 08:31:00,U0005,PC0005,Logon
2090,2025-01-20 17:58:08.883124,U0005,PC0005,Logoff
2091,2025-01-20 09:52:00,U0006,PC0006,Logon
2092,2025-01-20 18:10:01.707695,U0006,PC0006,Logoff
2093,2025-01-20 09:40:00,U0007,PC0007,Logon
2094,2025-01-20 16:31:40.200776,U0007,PC0007,Logoff
2095,2025-01-20 09:48:00,U0008,PC0008,Logon
2096,2025-01-20 17:43:27.248568,U0008,PC0008,Logoff
2097,2025-01-20 09:00:00,U0009,PC0009,Logon
2098,2025-01-20 15:55:41.313961,U0009,PC0009,Logoff
2099,2025-01-20 08:19:00,U0010,PC0010,Logon
2100,2025-01-20 17:08:04.402769,U0010,PC0010,Logoff
2101,2025-01-20 09:49:00,U0011,PC0011,Logon
2102,2025-01-20 16:54:52.614404,U0011,PC0011,Logoff
2103,2025-01-20 08:05:00,U0012,PC0012,Logon
2104,2025-01-20 17:12:31.565224,U0012,PC0012,Logoff
2105,2025-01-20 08:41:00,U0013,PC0013,Logon
2106,2025-01-20 18:19:33.622632,U0013,PC0013,Logoff
2107,2025-01-20 08:45:00,U0014,PC0014,Logon
2108,2025-01-20 17:23:18.210932,U0014,PC0014,Logoff
2109,2025-01-20 08:06:00,U0015,PC0015,Logon
2110,2025-01-20 16:42:11.474752,U0015,PC0015,Logoff
2111,2025-01-20 08:02:00,U0016,PC0016,Logon
2112,2025-01-20 15:52:13.945538,U0016,PC0016,Logoff
2113,2025-01-20 09:55:00,U0017,PC0017,Logon
2114,2025-01-20 16:54:52.125159,U0017,PC0017,Logoff
2115,2025-01-20 09:45:00,U0018,PC0018,Logon
2116,2025-01-20 17:14:12.431161,U0018,PC0018,Logoff
2117,2025-01-20 08:15:00,U0019,LAB002,Logon
2118,2025-01-20 15:15:20.342251,U0019,LAB002,Logoff
2119,2025-01-20 07:37:00,U0020,LAB013,Logon
2120,2025-01-20 15:25:32.300055,U0020,LAB013,Logoff
2121,2025-01-20 10:12:00,U0021,PC0021,Logon
2122,2025-01-20 18:59:04.575436,U0021,PC0021,Logoff
2123,2025-01-20 08:15:00,U0022,PC0022,Logon
2124,2025-01-20 15:59:13.593015,U0022,PC0022,Logoff
2125,2025-01-20 09:26:00,U0023,PC0023,Logon
2126,2025-01-20 17:58:49.628815,U0023,PC0023,Logoff
2127,2025-01-20 08:47:00,U0024,PC0024,Logon
2128,2025-01-20 17:53:51.558101,U0024,PC0024,Logoff
2129,2025-01-20 09:32:00,U0025,PC0025,Logon
2130,2025-01-20 18:15:05.468613,U0025,PC0025,Logoff
2131,2025-01-20 09:18:00,U0026,PC0026,Logon
2132,2025-01-20 17:19:10.619968,U0026,PC0026,Logoff
2133,2025-01-20 09:41:00,U0027,PC0027,Logon
2134,2025-01-20 18:16:30.530881,U0027,PC0027,Logoff
2135,2025-01-20 08:21:00,U0028,PC0028,Logon
2136,2025-01-20 15:46:35.033618,U0028,PC0028,Logoff
2137,2025-01-20 09:16:00,U0029,PC0029,Logon
2138,2025-01-20 18:48:56.472545,U0029,PC0029,Logoff
2139,2025-01-20 08:03:00,U0030,PC0030,Logon
2140,2025-01-20 14:34:56.909043,U0030,PC0030,Logoff
2141,2025-01-20 09:54:00,U0031,PC0031,Logon
2142,2025-01-20 17:57:03.195727,U0031,PC0031,Logoff
2143,2025-01-20 09:12:00,U0032,PC0032,Logon
2144,2025-01-20 17:26:38.231512,U0032,PC0032,Logoff
2145,2025-01-20 08:59:00,U0033,PC0033,Logon
2146,2025-01-20 18:28:23.508379,U0033,PC0033,Logoff
2147,2025-01-20 08:45:00,U0034,PC0034,Logon
2148,2025-01-20 15:55:17.410711,U0034,PC0034,Logoff
2149,2025-01-20 08:10:00,U0035,PC0035,Logon
2150,2025-01-20 14:31:24.520280,U0035,PC0035,Logoff
2151,2025-01-20 08:29:00,U0036,PC0036,Logon
2152,2025-01-20 18:08:41.292597,U0036,PC0036,Logoff
2153,2025-01-20 09:36:00,U0037,PC0037,Logon
2154,2025-01-20 17:49:50.523261,U0037,PC0037,Logoff
2155,2025-01-20 08:12:00,U0038,PC0038,Logon
2156,2025-01-20 15:35:01.098931,U0038,PC0038,Logoff
2157,2025-01-20 08:50:00,U0039,PC0039,Logon
2158,2025-01-20 16:30:56.225652,U0039,PC0039,Logoff
2159,2025-01-20 09:02:00,U0040,PC0040,Logon
2160,2025-01-20 17:35:27.687819,U0040,PC0040,Logoff
2161,2025-01-20 08:33:00,U0041,PC0041,Logon
2162,2025-01-20 16:47:47.417202,U0041,PC0041,Logoff
2163,2025-01-20 09:05:00,U0042,PC0042,Logon
2164,2025-01-20 18:13:24.536539,U0042,PC0042,Logoff
2165,2025-01-20 09:16:00,U0043,PC0043,Logon
2166,2025-01-20 16:15:05.660909,U0043,PC0043,Logoff
2167,2025-01-20 08:51:00,U0044,PC0044,Logon
2168,2025-01-20 15:35:32.719708,U0044,PC0044,Logoff
2169,2025-01-20 08:46:00,U0045,PC0045,Logon
2170,2025-01-20 17:13:58.890148,U0045,PC0045,Logoff
2171,2025-01-20 09:36:00,U0046,PC0046,Logon
2172,2025-01-20 17:31:26.576315,U0046,PC0046,Logoff
2173,2025-01-20 08:40:00,U0047,PC0047,Logon
2174,2025-01-20 16:49:06.328772,U0047,PC0047,Logoff
2175,2025-01-20 08:01:00,U0048,PC0048,Logon
2176,2025-01-20 18:06:22.339398,U0048,PC0048,Logoff
2177,2025-01-20 08:02:00,U0049,PC0049,Logon
2178,2025-01-20 16:13:05.066084,U0049,PC0049,Logoff
2179,2025-01-20 10:01:00,U0050,PC0050,Logon
2180,2025-01-20 18:01:24.479440,U0050,PC0050,Logoff
2181,2025-01-20 08:20:00,U0051,PC0051,Logon
2182,2025-01-20 15:58:33.196478,U0051,PC0051,Logoff
2183,2025-01-20 08:59:00,U0052,PC0052,Logon
2184,2025-01-20 18:21:22.254509,U0052,PC0052,Logoff
2185,2025-01-20 07:54:00,U0053,PC0053,Logon
2186,2025-01-20 17:26:00.361325,U0053,PC0053,Logoff
2187,2025-01-20 21:37:00,U0054,PC0054,Logon
2188,2025-01-21 05:21:00.051615,U0054,PC0054,Logoff
2189,2025-01-20 08:56:00,U0055,PC0055,Logon
2190,2025-01-20 17:31:18.791771,U0055,PC0055,Logoff
2191,2025-01-20 08:27:00,U0056,PC0056,Logon
2192,2025-01-20 16:54:43.821598,U0056,PC0056,Logoff
2193,2025-01-20 10:27:00,U0057,PC0057,Logon
2194,2025-01-20 17:05:12.573583,U0057,PC0057,Logoff
2195,2025-01-20 09:19:00,U0058,PC0058,Logon
2196,2025-01-20 16:39:16.864160,U0058,PC0058,Logoff
2197,2025-01-20 09:53:00,U0059,PC0059,Logon
2198,2025-01-20 17:54:08.931999,U0059,PC0059,Logoff
2199,2025-01-20 08:17:00,U0060,LAB017,Logon
2200,2025-01-20 16:46:16.340226,U0060,LAB017,Logoff
2201,2025-01-20 09:17:00,U0061,PC0061,Logon
2202,2025-01-20 17:05:32.746350,U0061,PC0061,Logoff
2203,2025-01-20 09:01:00,U0062,PC0062,Logon
2204,2025-01-20 15:43:24.217352,U0062,PC0062,Logoff
2205,2025-01-20 08:00:00,U0063,PC0063,Logon
2206,2025-01-20 16:28:20.662600,U0063,PC0063,Logoff
2207,2025-01-20 09:24:00,U0064,PC0064,Logon
2208,2025-01-20 17:45:20.208056,U0064,PC0064,Logoff
2209,2025-01-20 08:40:00,U0065,PC0065,Logon
2210,2025-01-20 16:39:57.449060,U0065,PC0065,Logoff
2211,2025-01-20 08:33:00,U0066,PC0066,Logon
2212,2025-01-20 17:09:16.255175,U0066,PC0066,Logoff
2213,2025-01-20 09:04:00,U0067,PC0067,Logon
2214,2025-01-20 16:36:52.474802,U0067,PC0067,Logoff
2215,2025-01-20 08:40:00,U0068,PC0068,Logon
2216,2025-01-20 16:55:57.161627,U0068,PC0068,Logoff
2217,2025-01-20 08:08:00,U0069,PC0069,Logon
2218,2025-01-20 16:04:01.922587,U0069,PC0069,Logoff
2219,2025-01-20 10:33:00,U0070,PC0070,Logon
2220,2025-01-20 18:18:10.707477,U0070,PC0070,Logoff
2221,2025-01-20 08:49:00,U0071,PC0071,Logon
2222,2025-01-20 16:10:08.849500,U0071,PC0071,Logoff
2223,2025-01-20 09:32:00,U0072,PC0072,Logon
2224,2025-01-20 17:21:07.592976,U0072,PC0072,Logoff
2225,2025-01-20 08:47:00,U0073,PC0073,Logon
2226,2025-01-20 18:06:16.694516,U0073,PC0073,Logoff
2227,2025-01-20 09:17:00,U0074,PC0074,Logon
2228,2025-01-20 16:40:58.475163,U0074,PC0074,Logoff
2229,2025-01-20 08:58:00,U0075,PC0075,Logon
2230,2025-01-20 17:58:27.049283,U0075,PC0075,Logoff
2231,2025-01-20 08:12:00,U0076,PC0076,Logon
2232,2025-01-20 16:59:26.252157,U0076,PC0076,Logoff
2233,2025-01-20 08:22:00,U0077,PC0077,Logon
2234,2025-01-20 17:15:33.350418,U0077,PC0077,Logoff
2235,2025-01-20 08:42:00,U0078,PC0078,Logon
2236,2025-01-20 17:25:50.750829,U0078,PC0078,Logoff
2237,2025-01-20 09:25:00,U0079,PC0079,Logon
2238,2025-01-20 16:27:45.818090,U0079,PC0079,Logoff
2239,2025-01-20 08:54:00,U0080,PC0080,Logon
2240,2025-01-20 17:35:10.746445,U0080,PC0080,Logoff
2241,2025-01-21 09:49:00,U0001,PC0001,Logon
2242,2025-01-21 18:24:03.886730,U0001,PC0001,Logoff
2243,2025-01-21 09:09:00,U0002,PC0002,Logon
2244,2025-01-21 15:35:08.730198,U0002,PC0002,Logoff
2245,2025-01-21 09:49:00,U0003,PC0003,Logon
2246,2025-01-21 17:55:15.681375,U0003,PC0003,Logoff
2247,2025-01-21 08:53:00,U0004,PC0004,Logon
2248,2025-01-21 15:33:10.870947,U0004,PC0004,Logoff
2249,2025-01-21 08:36:00,U0005,PC0005,Logon
2250,2025-01-21 17:31:17.940403,U0005,PC0005,Logoff
2251,2025-01-21 08:03:00,U0006,PC0006,Logon
2252,2025-01-21 17:33:40.157749,U0006,PC0006,Logoff
2253,2025-01-21 08:46:00,U0007,PC0007,Logon
2254,2025-01-21 16:45:16.479788,U0007,PC0007,Logoff
2255,2025-01-21 08:19:00,U0008,PC0008,Logon
2256,2025-01-21 16:40:49.074777,U0008,PC0008,Logoff
2257,2025-01-21 09:49:00,U0009,PC0009,Logon
2258,2025-01-21 17:23:45.257543,U0009,PC0009,Logoff
2259,2025-01-21 07:45:00,U0010,PC0010,Logon
2260,2025-01-21 15:56:56.213328,U0010,PC0010,Logoff
2261,2025-01-21 09:59:00,U0011,PC0011,Logon
2262,2025-01-21 18:23:15.461118,U0011,PC0011,Logoff
2263,2025-01-21 09:46:00,U0012,PC0012,Logon
2264,2025-01-21 16:41:44.206753,U0012,PC0012,Logoff
2265,2025-01-21 09:21:00,U0013,PC0013,Logon
2266,2025-01-21 18:32:33.027045,U0013,PC0013,Logoff
2267,2025-01-21 08:24:00,U0014,PC0014,Logon
2268,2025-01-21 16:43:10.746573,U0014,PC0014,Logoff
2269,2025-01-21 08:11:00,U0015,PC0015,Logon
2270,2025-01-21 16:06:06.518377,U0015,PC0015,Logoff
2271,2025-01-21 09:08:00,U0016,PC0016,Logon
2272,2025-01-21 16:38:45.977169,U0016,PC0016,Logoff
2273,2025-01-21 08:41:00,U0017,PC0017,Logon
2274,2025-01-21 16:43:02.948703,U0017,PC0017,Logoff
2275,2025-01-21 08:36:00,U0018,PC0018,Logon
2276,2025-01-21 15:30:51.029536,U0018,PC0018,Logoff
2277,2025-01-21 09:45:00,U0019,PC0019,Logon
2278,2025-01-21 16:36:04.341473,U0019,PC0019,Logoff
2279,2025-01-21 09:59:00,U0020,PC0020,Logon
2280,2025-01-21 18:26:45.328654,U0020,PC0020,Logoff
2281,2025-01-21 08:04:00,U0021,PC0021,Logon
2282,2025-01-21 15:23:20.767252,U0021,PC0021,Logoff
2283,2025-01-21 09:41:00,U0022,PC0022,Logon
2284,2025-01-21 16:42:07.804088,U0022,PC0022,Logoff
2285,2025-01-21 08:27:00,U0023,PC0023,Logon
2286,2025-01-21 16:54:43.419216,U0023,PC0023,Logoff
2287,2025-01-21 09:22:00,U0024,PC0024,Logon
2288,2025-01-21 17:06:54.460010,U0024,PC0024,Logoff
2289,2025-01-21 08:03:00,U0025,PC0025,Logon
2290,2025-01-21 17:28:20.531502,U0025,PC0025,Logoff
2291,2025-01-21 09:29:00,U0026,PC0026,Logon
2292,2025-01-21 18:27:43.888983,U0026,PC0026,Logoff
2293,2025-01-21 09:39:00,U0027,PC0027,Logon
2294,2025-01-21 16:50:30.243402,U0027,PC0027,Logoff
2295,2025-01-21 08:35:00,U0028,PC0028,Logon
2296,2025-01-21 17:06:21.050779,U0028,PC0028,Logoff
2297,2025-01-21 21:08:00,U0029,PC0029,Logon
2298,2025-01-22 06:32:05.754935,U0029,PC0029,Logoff
2299,2025-01-21 09:31:00,U0030,PC0030,Logon
2300,2025-01-21 16:00:48.910914,U0030,PC0030,Logoff
2301,2025-01-21 09:39:00,U0031,PC0031,Logon
2302,2025-01-21 16:39:06.981742,U0031,PC0031,Logoff
2303,2025-01-21 08:21:00,U0032,PC0032,Logon
2304,2025-01-21 16:36:00.720743,U0032,PC0032,Logoff
2305,2025-01-21 09:45:00,U0033,PC0033,Logon
2306,2025-01-21 20:51:35.706802,U0033,PC0033,Logoff
2307,2025-01-21 09:10:00,U0034,PC0034,Logon
2308,2025-01-21 16:59:00.492173,U0034,PC0034,Logoff
2309,2025-01-21 09:49:00,U0035,PC0035,Logon
2310,2025-01-21 18:42:15.559533,U0035,PC0035,Logoff
2311,2025-01-21 08:32:00,U0036,PC0036,Logon
2312,2025-01-21 18:19:42.760881,U0036,PC0036,Logoff
2313,2025-01-21 09:57:00,U0037,LAB013,Logon
2314,2025-01-21 18:26:51.875121,U0037,LAB013,Logoff
2315,2025-01-21 09:40:00,U0038,PC0038,Logon
2316,2025-01-21 18:05:17.711798,U0038,PC0038,Logoff
2317,2025-01-21 09:35:00,U0039,PC0039,Logon
2318,2025-01-21 16:57:57.888528,U0039,PC0039,Logoff
2319,2025-01-21 08:55:00,U0040,PC0040,Logon
2320,2025-01-21 15:48:59.444761,U0040,PC0040,Logoff
2321,2025-01-21 09:58:00,U0041,PC0041,Logon
2322,2025-01-21 18:44:44.171413,U0041,PC0041,Logoff
2323,2025-01-21 09:34:00,U0042,PC0042,Logon
2324,2025-01-21 19:14:28.172760,U0042,PC0042,Logoff
2325,2025-01-21 08:57:00,U0043,PC0043,Logon
2326,2025-01-21 17:37:07.469960,U0043,PC0043,Logoff
2327,2025-01-21 08:58:00,U0044,PC0044,Logon
2328,2025-01-21 16:34:46.441071,U0044,PC0044,Logoff
2329,2025-01-21 09:00:00,U0045,PC0045,Logon
2330,2025-01-21 17:50:56.767599,U0045,PC0045,Logoff
2331,2025-01-21 08:04:00,U0046,PC0046,Logon
2332,2025-01-21 15:59:42.242693,U0046,PC0046,Logoff
2333,2025-01-21 08:19:00,U0047,PC0047,Logon
2334,2025-01-21 15:57:34.694877,U0047,PC0047,Logoff
2335,2025-01-21 09:14:00,U0048,PC0048,Logon
2336,2025-01-21 17:48:30.738058,U0048,PC0048,Logoff
2337,2025-01-21 09:03:00,U0049,PC0049,Logon
2338,2025-01-21 17:05:59.185274,U0049,PC0049,Logoff
2339,2025-01-21 09:47:00,U0050,PC0050,Logon
2340,2025-01-21 17:07:22.843898,U0050,PC0050,Logoff
2341,2025-01-21 09:30:00,U0051,PC0051,Logon
2342,2025-01-21 17:55:15.502600,U0051,PC0051,Logoff
2343,2025-01-21 09:20:00,U0052,PC0052,Logon
2344,2025-01-21 16:48:26.274566,U0052,PC0052,Logoff
2345,2025-01-21 07:42:00,U0053,PC0053,Logon
2346,2025-01-21 16:47:49.749762,U0053,PC0053,Logoff
2347,2025-01-21 08:12:00,U0054,PC0054,Logon
2348,2025-01-21 15:20:14.007249,U0054,PC0054,Logoff
2349,2025-01-21 09:31:00,U0055,PC0055,Logon
2350,2025-01-21 17:07:28.754496,U0055,PC0055,Logoff
2351,2025-01-21 09:27:00,U0056,LAB020,Logon
2352,2025-01-21 18:04:01.221418,U0056,LAB020,Logoff
2353,2025-01-21 09:34:00,U0057,PC0057,Logon
2354,2025-01-21 16:12:02.559440,U0057,PC0057,Logoff
2355,2025-01-21 09:19:00,U0058,LAB015,Logon
2356,2025-01-21 17:34:40.501912,U0058,LAB015,Logoff
2357,2025-01-21 08:59:00,U0059,PC0059,Logon
2358,2025-01-21 17:07:36.198482,U0059,PC0059,Logoff
2359,2025-01-21 08:48:00,U0060,PC0060,Logon
2360,2025-01-21 17:12:31.150121,U0060,PC0060,Logoff
2361,2025-01-21 08:07:00,U0061,PC0061,Logon
2362,2025-01-21 14:45:50.386971,U0061,PC0061,Logoff
2363,2025-01-21 08:55:00,U0062,PC0062,Logon
2364,2025-01-21 18:01:45.678150,U0062,PC0062,Logoff
2365,2025-01-21 08:28:00,U0063,PC0063,Logon
2366,2025-01-21 18:00:01.419756,U0063,PC0063,Logoff
2367,2025-01-21 08:29:00,U0064,PC0064,Logon
2368,2025-01-21 14:46:33.511353,U0064,PC0064,Logoff
2369,2025-01-21 08:45:00,U0065,PC0065,Logon
2370,2025-01-21 17:59:08.921832,U0065,PC0065,Logoff
2371,2025-01-21 08:36:00,U0066,PC0066,Logon
2372,2025-01-21 16:03:06.165733,U0066,PC0066,Logoff
2373,2025-01-21 09:10:00,U0067,PC0067,Logon
2374,2025-01-21 17:40:06.417850,U0067,PC0067,Logoff
2375,2025-01-21 09:37:00,U0068,PC0068,Logon
2376,2025-01-21 19:03:54.597228,U0068,PC0068,Logoff
2377,2025-01-21 08:40:00,U0069,PC0069,Logon
2378,2025-01-21 15:20:26.228330,U0069,PC0069,Logoff
2379,2025-01-21 23:42:00,U0070,PC0070,Logon
2380,2025-01-22 07:57:37.009824,U0070,PC0070,Logoff
2381,2025-01-21 08:32:00,U0071,PC0071,Logon
2382,2025-01-21 15:34:34.256706,U0071,PC0071,Logoff
2383,2025-01-21 09:50:00,U0072,LAB014,Logon
2384,2025-01-21 17:47:04.851534,U0072,LAB014,Logoff
2385,2025-01-21 09:13:00,U0073,PC0073,Logon
2386,2025-01-21 16:27:29.416795,U0073,PC0073,Logoff
2387,2025-01-21 08:30:00,U0074,PC0074,Logon
2388,2025-01-21 15:34:32.760681,U0074,PC0074,Logoff
2389,2025-01-21 09:40:00,U0075,PC0075,Logon
2390,2025-01-21 18:42:06.897605,U0075,PC0075,Logoff
2391,2025-01-21 08:12:00,U0076,LAB017,Logon
2392,2025-01-21 15:16:13.760903,U0076,LAB017,Logoff
2393,2025-01-21 08:36:00,U0077,PC0077,Logon
2394,2025-01-21 15:56:59.913836,U0077,PC0077,Logoff
2395,2025-01-21 08:50:00,U0078,PC0078,Logon
2396,2025-01-21 15:23:01.277209,U0078,PC0078,Logoff
2397,2025-01-21 08:08:00,U0079,PC0079,Logon
2398,2025-01-21 15:07:45.753461,U0079,PC0079,Logoff
2399,2025-01-21 09:11:00,U0080,PC0080,Logon
2400,2025-01-21 17:15:09.639613,U0080,PC0080,Logoff
2401,2025-01-22 08:10:00,U0001,PC0001,Logon
2402,2025-01-22 16:20:36.555140,U0001,PC0001,Logoff
2403,2025-01-22 08:18:00,U0002,PC0002,Logon
2404,2025-01-22 16:01:42.041603,U0002,PC0002,Logoff
2405,2025-01-22 09:15:00,U0003,PC0003,Logon
2406,2025-01-22 18:35:25.659786,U0003,PC0003,Logoff
2407,2025-01-22 08:05:00,U0004,PC0004,Logon
2408,2025-01-22 16:54:47.036704,U0004,PC0004,Logoff
2409,2025-01-22 09:28:00,U0005,PC0005,Logon
2410,2025-01-22 16:19:06.252160,U0005,PC0005,Logoff
2411,2025-01-22 09:29:00,U0006,PC0006,Logon
2412,2025-01-22 19:01:16.554906,U0006,PC0006,Logoff
2413,2025-01-22 08:39:00,U0007,PC0007,Logon
2414,2025-01-22 15:43:56.989844,U0007,PC0007,Logoff
2415,2025-01-22 09:28:00,U0008,PC0008,Logon
2416,2025-01-22 17:44:17.383119,U0008,PC0008,Logoff
2417,2025-01-22 09:32:00,U0009,PC0009,Logon
2418,2025-01-22 17:52:26.121179,U0009,PC0009,Logoff
2419,2025-01-22 09:12:00,U0010,PC0010,Logon
2420,2025-01-22 15:52:24.700338,U0010,PC0010,Logoff
2421,2025-01-22 09:23:00,U0011,PC0011,Logon
2422,2025-01-22 18:33:10.523973,U0011,PC0011,Logoff
2423,2025-01-22 08:28:00,U0012,PC0012,Logon
2424,2025-01-22 16:25:23.482981,U0012,PC0012,Logoff
2425,2025-01-22 08:45:00,U0013,PC0013,Logon
2426,2025-01-22 17:15:51.317122,U0013,PC0013,Logoff
2427,2025-01-22 09:39:00,U0014,PC0014,Logon
2428,2025-01-22 17:35:16.112339,U0014,PC0014,Logoff
2429,2025-01-22 09:11:00,U0015,PC0015,Logon
2430,2025-01-22 16:50:57.321968,U0015,PC0015,Logoff
2431,2025-01-22 09:20:00,U0016,PC0016,Logon
2432,2025-01-22 16:18:49.208381,U0016,PC0016,Logoff
2433,2025-01-22 08:35:00,U0017,PC0017,Logon
2434,2025-01-22 16:24:32.324672,U0017,PC0017,Logoff
2435,2025-01-22 09:13:00,U0018,PC0018,Logon
2436,2025-01-22 16:50:49.703056,U0018,PC0018,Logoff
2437,2025-01-22 08:01:00,U0019,PC0019,Logon
2438,2025-01-22 16:50:33.769817,U0019,PC0019,Logoff
2439,2025-01-22 08:13:00,U0020,PC0020,Logon
2440,2025-01-22 14:36:36.322437,U0020,PC0020,Logoff
2441,2025-01-22 09:33:00,U0021,PC0021,Logon
2442,2025-01-22 18:55:53.234683,U0021,PC0021,Logoff
2443,2025-01-22 08:48:00,U0022,PC0022,Logon
2444,2025-01-22 17:29:22.948099,U0022,PC0022,Logoff
2445,2025-01-22 08:15:00,U0023,PC0023,Logon
2446,2025-01-22 16:30:48.553975,U0023,PC0023,Logoff
2447,2025-01-22 09:52:00,U0024,PC0024,Logon
2448,2025-01-22 17:37:56.131919,U0024,PC0024,Logoff
2449,2025-01-22 08:49:00,U0025,PC0025,Logon
2450,2025-01-22 16:07:34.052212,U0025,PC0025,Logoff
2451,2025-01-22 08:55:00,U0026,LAB017,Logon
2452,2025-01-22 16:05:05.440050,U0026,LAB017,Logoff
2453,2025-01-22 08:46:00,U0027,PC0027,Logon
2454,2025-01-22 16:03:03.264039,U0027,PC0027,Logoff
2455,2025-01-22 09:16:00,U0028,PC0028,Logon
2456,2025-01-22 18:45:14.086159,U0028,PC0028,Logoff
2457,2025-01-22 22:14:00,U0029,PC0029,Logon
2458,2025-01-23 06:28:21.856202,U0029,PC0029,Logoff
2459,2025-01-22 09:45:00,U0030,PC0030,Logon
2460,2025-01-22 18:13:19.208175,U0030,PC0030,Logoff
2461,2025-01-22 09:01:00,U0031,PC0031,Logon
2462,2025-01-22 17:45:33.656706,U0031,PC0031,Logoff
2463,2025-01-22 09:48:00,U0032,LAB004,Logon
2464,2025-01-22 16:33:44.415280,U0032,LAB004,Logoff
2465,2025-01-22 09:10:00,U0033,PC0033,Logon
2466,2025-01-22 18:03:14.247014,U0033,PC0033,Logoff
2467,2025-01-22 08:50:00,U0034,PC0034,Logon
2468,2025-01-22 16:52:16.576208,U0034,PC0034,Logoff
2469,2025-01-22 09:14:00,U0035,PC0035,Logon
2470,2025-01-22 17:01:26.470250,U0035,PC0035,Logoff
2471,2025-01-22 09:42:00,U0036,PC0036,Logon
2472,2025-01-22 20:03:49.940981,U0036,PC0036,Logoff
2473,2025-01-22 08:08:00,U0037,PC0037,Logon
2474,2025-01-22 14:45:08.239429,U0037,PC0037,Logoff
2475,2025-01-22 09:13:00,U0038,PC0038,Logon
2476,2025-01-22 17:56:17.625018,U0038,PC0038,Logoff
2477,2025-01-22 08:35:00,U0039,PC0039,Logon
2478,2025-01-22 18:02:11.738388,U0039,PC0039,Logoff
2479,2025-01-22 08:50:00,U0040,PC0040,Logon
2480,2025-01-22 17:31:34.507043,U0040,PC0040,Logoff
2481,2025-01-22 08:32:00,U0041,PC0041,Logon
2482,2025-01-22 18:15:09.760462,U0041,PC0041,Logoff
2483,2025-01-22 09:50:00,U0042,LAB004,Logon
2484,2025-01-22 17:04:00.036284,U0042,LAB004,Logoff
2485,2025-01-22 08:02:00,U0043,PC0043,Logon
2486,2025-01-22 16:53:34.516393,U0043,PC0043,Logoff
2487,2025-01-22 08:16:00,U0044,PC0044,Logon
2488,2025-01-22 16:13:16.519615,U0044,PC0044,Logoff
2489,2025-01-22 09:28:00,U0045,PC0045,Logon
2490,2025-01-22 15:32:49.176638,U0045,PC0045,Logoff
2491,2025-01-22 08:21:00,U0046,PC0046,Logon
2492,2025-01-22 15:39:36.980013,U0046,PC0046,Logoff
2493,2025-01-22 08:07:00,U0047,PC0047,Logon
2494,2025-01-22 17:33:37.075212,U0047,PC0047,Logoff
2495,2025-01-22 08:30:00,U0048,PC0048,Logon
2496,2025-01-22 17:18:47.538672,U0048,PC0048,Logoff
2497,2025-01-22 08:58:00,U0049,PC0049,Logon
2498,2025-01-22 16:41:12.863393,U0049,PC0049,Logoff
2499,2025-01-22 09:06:00,U0050,PC0050,Logon
2500,2025-01-22 17:26:24.184660,U0050,PC0050,Logoff
2501,2025-01-22 09:19:00,U0051,PC0051,Logon
2502,2025-01-22 18:17:05.464778,U0051,PC0051,Logoff
2503,2025-01-22 08:21:00,U0052,PC0052,Logon
2504,2025-01-22 15:44:15.947756,U0052,PC0052,Logoff
2505,2025-01-22 08:16:00,U0053,PC0053,Logon
2506,2025-01-22 15:26:28.522092,U0053,PC0053,Logoff
2507,2025-01-22 10:49:00,U0054,PC0054,Logon
2508,2025-01-22 20:03:40.846491,U0054,PC0054,Logoff
2509,2025-01-22 08:38:00,U0055,PC0055,Logon
2510,2025-01-22 15:18:39.151356,U0055,PC0055,Logoff
2511,2025-01-22 09:10:00,U0056,PC0056,Logon
2512,2025-01-22 17:42:50.153271,U0056,PC0056,Logoff
2513,2025-01-22 09:50:00,U0057,PC0057,Logon
2514,2025-01-22 17:34:42.159143,U0057,PC0057,Logoff
2515,2025-01-22 08:11:00,U0058,PC0058,Logon
2516,2025-01-22 16:30:40.366287,U0058,PC0058,Logoff
2517,2025-01-22 09:58:00,U0059,PC0059,Logon
2518,2025-01-22 15:44:50.518658,U0059,PC0059,Logoff
2519,2025-01-22 08:59:00,U0060,PC0060,Logon
2520,2025-01-22 16:07:54.936837,U0060,PC0060,Logoff
2521,2025-01-22 09:49:00,U0061,PC0061,Logon
2522,2025-01-22 20:48:06.932409,U0061,PC0061,Logoff
2523,2025-01-22 09:01:00,U0062,PC0062,Logon
2524,2025-01-22 16:42:11.293130,U0062,PC0062,Logoff
2525,2025-01-22 09:35:00,U0063,PC0063,Logon
2526,2025-01-22 18:03:57.676394,U0063,PC0063,Logoff
2527,2025-01-22 09:49:00,U0064,PC0064,Logon
2528,2025-01-22 18:25:24.662136,U0064,PC0064,Logoff
2529,2025-01-22 10:28:00,U0065,PC0065,Logon
2530,2025-01-22 17:20:08.801633,U0065,PC0065,Logoff
2531,2025-01-22 09:43:00,U0066,PC0066,Logon
2532,2025-01-22 16:47:25.027932,U0066,PC0066,Logoff
2533,2025-01-22 09:44:00,U0067,PC0067,Logon
2534,2025-01-22 16:48:52.728559,U0067,PC0067,Logoff
2535,2025-01-22 08:48:00,U0068,PC0068,Logon
2536,2025-01-22 16:30:17.676309,U0068,PC0068,Logoff
2537,2025-01-22 09:17:00,U0069,PC0069,Logon
2538,2025-01-22 18:12:06.435998,U0069,PC0069,Logoff
2539,2025-01-22 08:13:00,U0070,PC0070,Logon
2540,2025-01-22 16:16:17.762800,U0070,PC0070,Logoff
2541,2025-01-22 08:14:00,U0071,PC0071,Logon
2542,2025-01-22 14:58:29.382322,U0071,PC0071,Logoff
2543,2025-01-22 08:37:00,U0072,PC0072,Logon
2544,2025-01-22 16:18:29.461962,U0072,PC0072,Logoff
2545,2025-01-22 10:35:00,U0073,PC0073,Logon
2546,2025-01-22 19:00:58.655371,U0073,PC0073,Logoff
2547,2025-01-22 08:49:00,U0074,PC0074,Logon
2548,2025-01-22 16:15:06.813585,U0074,PC0074,Logoff
2549,2025-01-22 09:49:00,U0075,PC0075,Logon
2550,2025-01-22 19:54:18.393982,U0075,PC0075,Logoff
2551,2025-01-22 08:52:00,U0076,PC0076,Logon
2552,2025-01-22 14:59:12.272213,U0076,PC0076,Logoff
2553,2025-01-22 09:18:00,U0077,PC0077,Logon
2554,2025-01-22 17:41:22.611039,U0077,PC0077,Logoff
2555,2025-01-22 08:22:00,U0078,PC0078,Logon
2556,2025-01-22 16:54:04.664710,U0078,PC0078,Logoff
2557,2025-01-22 07:56:00,U0079,LAB012,Logon
2558,2025-01-22 15:56:12.151824,U0079,LAB012,Logoff
2559,2025-01-22 09:25:00,U0080,PC0080,Logon
2560,2025-01-22 18:20:27.372502,U0080,PC0080,Logoff
2561,2025-01-23 08:25:00,U0001,PC0001,Logon
2562,2025-01-23 16:30:08.473781,U0001,PC0001,Logoff
2563,2025-01-23 08:57:00,U0002,PC0002,Logon
2564,2025-01-23 17:12:19.381520,U0002,PC0002,Logoff
2565,2025-01-23 08:13:00,U0003,PC0003,Logon
2566,2025-01-23 15:48:30.836979,U0003,PC0003,Logoff
2567,2025-01-23 08:47:00,U0004,PC0004,Logon
2568,2025-01-23 17:26:04.090471,U0004,PC0004,Logoff
2569,2025-01-23 09:50:00,U0005,PC0005,Logon
2570,2025-01-23 17:35:55.365948,U0005,PC0005,Logoff
2571,2025-01-23 09:29:00,U0006,LAB020,Logon
2572,2025-01-23 16:02:05.070907,U0006,LAB020,Logoff
2573,2025-01-23 08:22:00,U0007,LAB009,Logon
2574,2025-01-23 16:18:59.263379,U0007,LAB009,Logoff
2575,2025-01-23 10:52:00,U0008,PC0008,Logon
2576,2025-01-23 17:45:16.918707,U0008,PC0008,Logoff
2577,2025-01-23 09:12:00,U0009,PC0009,Logon
2578,2025-01-23 18:11:48.691584,U0009,PC0009,Logoff
2579,2025-01-23 09:37:00,U0010,PC0010,Logon
2580,2025-01-23 19:22:31.033743,U0010,PC0010,Logoff
2581,2025-01-23 09:34:00,U0011,PC0011,Logon
2582,2025-01-23 17:57:20.973104,U0011,PC0011,Logoff
2583,2025-01-23 08:11:00,U0012,PC0012,Logon
2584,2025-01-23 17:24:24.847977,U0012,PC0012,Logoff
2585,2025-01-23 09:50:00,U0013,PC0013,Logon
2586,2025-01-23 17:12:27.561765,U0013,PC0013,Logoff
2587,2025-01-23 08:32:00,U0014,PC0014,Logon
2588,2025-01-23 16:19:49.269705,U0014,PC0014,Logoff
2589,2025-01-23 08:09:00,U0015,PC0015,Logon
2590,2025-01-23 16:05:11.311531,U0015,PC0015,Logoff
2591,2025-01-23 09:06:00,U0016,PC0016,Logon
2592,2025-01-23 16:38:33.714042,U0016,PC0016,Logoff
2593,2025-01-23 08:25:00,U0017,PC0017,Logon
2594,2025-01-23 16:28:28.881845,U0017,PC0017,Logoff
2595,2025-01-23 09:54:00,U0018,PC0018,Logon
2596,2025-01-23 15:39:11.198398,U0018,PC0018,Logoff
2597,2025-01-23 08:05:00,U0019,PC0019,Logon
2598,2025-01-23 16:17:40.621292,U0019,PC0019,Logoff
2599,2025-01-23 09:44:00,U0020,PC0020,Logon
2600,2025-01-23 17:14:29.151189,U0020,PC0020,Logoff
2601,2025-01-23 08:54:00,U0021,PC0021,Logon
2602,2025-01-23 17:31:10.961205,U0021,PC0021,Logoff
2603,2025-01-23 08:22:00,U0022,PC0022,Logon
2604,2025-01-23 15:10:37.200027,U0022,PC0022,Logoff
2605,2025-01-23 08:43:00,U0023,PC0023,Logon
2606,2025-01-23 16:31:55.708712,U0023,PC0023,Logoff
2607,2025-01-23 08:06:00,U0024,PC0024,Logon
2608,2025-01-23 13:53:39.962194,U0024,PC0024,Logoff
2609,2025-01-23 09:41:00,U0025,PC0025,Logon
2610,2025-01-23 18:57:29.550149,U0025,PC0025,Logoff
2611,2025-01-23 09:40:00,U0026,PC0026,Logon
2612,2025-01-23 16:31:44.331586,U0026,PC0026,Logoff
2613,2025-01-23 08:50:00,U0027,PC0027,Logon
2614,2025-01-23 16:49:36.523265,U0027,PC0027,Logoff
2615,2025-01-23 09:44:00,U0028,PC0028,Logon
2616,2025-01-23 18:24:06.025759,U0028,PC0028,Logoff
2617,2025-01-23 08:21:00,U0029,PC0029,Logon
2618,2025-01-23 16:25:55.184003,U0029,PC0029,Logoff
2619,2025-01-23 09:27:00,U0030,PC0030,Logon
2620,2025-01-23 18:54:20.960360,U0030,PC0030,Logoff
2621,2025-01-23 09:46:00,U0031,PC0031,Logon
2622,2025-01-23 18:33:20.604075,U0031,PC0031,Logoff
2623,2025-01-23 09:48:00,U0032,PC0032,Logon
2624,2025-01-23 19:12:37.652923,U0032,PC0032,Logoff
2625,2025-01-23 09:39:00,U0033,PC0033,Logon
2626,2025-01-23 16:47:20.083523,U0033,PC0033,Logoff
2627,2025-01-23 09:57:00,U0034,PC0034,Logon
2628,2025-01-23 18:38:52.451781,U0034,PC0034,Logoff
2629,2025-01-23 08:30:00,U0035,PC0035,Logon
2630,2025-01-23 16:01:13.825317,U0035,PC0035,Logoff
2631,2025-01-23 09:14:00,U0036,PC0036,Logon
2632,2025-01-23 17:41:47.465263,U0036,PC0036,Logoff
2633,2025-01-23 09:26:00,U0037,PC0037,Logon
2634,2025-01-23 17:44:40.711224,U0037,PC0037,Logoff
2635,2025-01-23 09:45:00,U0038,PC0038,Logon
2636,2025-01-23 18:49:17.555348,U0038,PC0038,Logoff
2637,2025-01-23 09:20:00,U0039,PC0039,Logon
2638,2025-01-23 18:16:28.718091,U0039,PC0039,Logoff
2639,2025-01-23 08:48:00,U0040,PC0040,Logon
2640,2025-01-23 17:11:52.537380,U0040,PC0040,Logoff
2641,2025-01-23 09:59:00,U0041,PC0041,Logon
2642,2025-01-23 17:45:55.034777,U0041,PC0041,Logoff
2643,2025-01-23 08:08:00,U0042,PC0042,Logon
2644,2025-01-23 15:28:52.480001,U0042,PC0042,Logoff
2645,2025-01-23 08:43:00,U0043,PC0043,Logon
2646,2025-01-23 15:55:54.857131,U0043,PC0043,Logoff
2647,2025-01-23 08:00:00,U0044,PC0044,Logon
2648,2025-01-23 14:35:39.958731,U0044,PC0044,Logoff
2649,2025-01-23 09:44:00,U0045,PC0045,Logon
2650,2025-01-23 18:38:08.197826,U0045,PC0045,Logoff
2651,2025-01-23 08:14:00,U0046,PC0046,Logon
2652,2025-01-23 17:45:09.422125,U0046,PC0046,Logoff
2653,2025-01-23 09:37:00,U0047,PC0047,Logon
2654,2025-01-23 18:38:50.090108,U0047,PC0047,Logoff
2655,2025-01-23 08:19:00,U0048,PC0048,Logon
2656,2025-01-23 17:10:16.290817,U0048,PC0048,Logoff
2657,2025-01-23 08:18:00,U0049,PC0049,Logon
2658,2025-01-23 17:11:24.891003,U0049,PC0049,Logoff
2659,2025-01-23 09:24:00,U0050,PC0050,Logon
2660,2025-01-23 17:57:11.704392,U0050,PC0050,Logoff
2661,2025-01-23 08:51:00,U0051,PC0051,Logon
2662,2025-01-23 15:57:17.748568,U0051,PC0051,Logoff
2663,2025-01-23 09:31:00,U0052,PC0052,Logon
2664,2025-01-23 16:34:05.947185,U0052,PC0052,Logoff
2665,2025-01-23 09:11:00,U0053,PC0053,Logon
2666,2025-01-23 15:48:58.303897,U0053,PC0053,Logoff
2667,2025-01-23 09:28:00,U0054,PC0054,Logon
2668,2025-01-23 16:14:02.916067,U0054,PC0054,Logoff
2669,2025-01-23 09:31:00,U0055,PC0055,Logon
2670,2025-01-23 18:08:32.271361,U0055,PC0055,Logoff
2671,2025-01-23 08:25:00,U0056,PC0056,Logon
2672,2025-01-23 16:59:55.295642,U0056,PC0056,Logoff
2673,2025-01-23 09:15:00,U0057,PC0057,Logon
2674,2025-01-23 16:42:40.169318,U0057,PC0057,Logoff
2675,2025-01-23 08:53:00,U0058,PC0058,Logon
2676,2025-01-23 14:55:14.547510,U0058,PC0058,Logoff
2677,2025-01-23 09:18:00,U0059,PC0059,Logon
2678,2025-01-23 15:44:06.710023,U0059,PC0059,Logoff
2679,2025-01-23 09:00:00,U0060,PC0060,Logon
2680,2025-01-23 16:44:11.586422,U0060,PC0060,Logoff
2681,2025-01-23 09:17:00,U0061,PC0061,Logon
2682,2025-01-23 16:58:52.636202,U0061,PC0061,Logoff
2683,2025-01-23 08:41:00,U0062,PC0062,Logon
2684,2025-01-23 17:24:54.734535,U0062,PC0062,Logoff
2685,2025-01-23 09:19:00,U0063,PC0063,Logon
2686,2025-01-23 17:37:58.161446,U0063,PC0063,Logoff
2687,2025-01-23 09:18:00,U0064,PC0064,Logon
2688,2025-01-23 15:45:51.940356,U0064,PC0064,Logoff
2689,2025-01-23 09:12:00,U0065,PC0065,Logon
2690,2025-01-23 17:48:44.887658,U0065,PC0065,Logoff
2691,2025-01-23 08:36:00,U0066,PC0066,Logon
2692,2025-01-23 16:21:21.310295,U0066,PC0066,Logoff
2693,2025-01-23 08:30:00,U0067,LAB020,Logon
2694,2025-01-23 16:21:55.811576,U0067,LAB020,Logoff
2695,2025-01-23 09:04:00,U0068,PC0068,Logon
2696,2025-01-23 18:29:52.920415,U0068,PC0068,Logoff
2697,2025-01-23 09:23:00,U0069,PC0069,Logon
2698,2025-01-23 16:04:16.010904,U0069,PC0069,Logoff
2699,2025-01-23 09:19:00,U0070,PC0070,Logon
2700,2025-01-23 18:38:44.159950,U0070,PC0070,Logoff
2701,2025-01-23 09:34:00,U0071,PC0071,Logon
2702,2025-01-23 18:39:27.529531,U0071,PC0071,Logoff
2703,2025-01-23 10:03:00,U0072,PC0072,Logon
2704,2025-01-23 19:04:25.354366,U0072,PC0072,Logoff
2705,2025-01-23 09:43:00,U0073,PC0073,Logon
2706,2025-01-23 18:45:42.318507,U0073,PC0073,Logoff
2707,2025-01-23 09:17:00,U0074,PC0074,Logon
2708,2025-01-23 17:18:26.050956,U0074,PC0074,Logoff
2709,2025-01-23 08:11:00,U0075,PC0075,Logon
2710,2025-01-23 17:44:48.288092,U0075,PC0075,Logoff
2711,2025-01-23 23:49:00,U0076,PC0076,Logon
2712,2025-01-24 09:20:56.523809,U0076,PC0076,Logoff
2713,2025-01-23 09:12:00,U0077,PC0077,Logon
2714,2025-01-23 15:48:02.497771,U0077,PC0077,Logoff
2715,2025-01-23 09:10:00,U0078,LAB010,Logon
2716,2025-01-23 15:03:59.904572,U0078,LAB010,Logoff
2717,2025-01-23 09:33:00,U0079,LAB006,Logon
2718,2025-01-23 18:26:06.833339,U0079,LAB006,Logoff
2719,2025-01-23 08:18:00,U0080,PC0080,Logon
2720,2025-01-23 16:25:24.771705,U0080,PC0080,Logoff
2721,2025-01-24 09:53:00,U0001,PC0001,Logon
2722,2025-01-24 17:22:39.311865,U0001,PC0001,Logoff
2723,2025-01-24 08:57:00,U0002,PC0002,Logon
2724,2025-01-24 18:25:53.988249,U0002,PC0002,Logoff
2725,2025-01-24 09:03:00,U0003,PC0003,Logon
2726,2025-01-24 17:03:13.304419,U0003,PC0003,Logoff
2727,2025-01-24 09:34:00,U0004,PC0004,Logon
2728,2025-01-24 18:54:29.313296,U0004,PC0004,Logoff
2729,2025-01-24 08:04:00,U0005,PC0005,Logon
2730,2025-01-24 15:34:52.898993,U0005,PC0005,Logoff
2731,2025-01-24 09:18:00,U0006,PC0006,Logon
2732,2025-01-24 18:59:06.051403,U0006,PC0006,Logoff
2733,2025-01-24 09:45:00,U0007,PC0007,Logon
2734,2025-01-24 16:52:12.668327,U0007,PC0007,Logoff
2735,2025-01-24 09:44:00,U0008,PC0008,Logon
2736,2025-01-24 17:12:08.504768,U0008,PC0008,Logoff
2737,2025-01-24 08:11:00,U0009,PC0009,Logon
2738,2025-01-24 16:31:32.416204,U0009,PC0009,Logoff
2739,2025-01-24 09:58:00,U0010,PC0010,Logon
2740,2025-01-24 18:49:14.313516,U0010,PC0010,Logoff
2741,2025-01-24 09:52:00,U0011,PC0011,Logon
2742,2025-01-24 18:19:47.838708,U0011,PC0011,Logoff
2743,2025-01-24 09:35:00,U0012,LAB020,Logon
2744,2025-01-24 18:08:29.302252,U0012,LAB020,Logoff
2745,2025-01-24 07:10:00,U0013,PC0013,Logon
2746,2025-01-24 14:52:12.213147,U0013,PC0013,Logoff
2747,2025-01-24 09:55:00,U0014,PC0014,Logon
2748,2025-01-24 16:45:56.349299,U0014,PC0014,Logoff
2749,2025-01-24 09:43:00,U0015,PC0015,Logon
2750,2025-01-24 17:30:43.903604,U0015,PC0015,Logoff
2751,2025-01-24 09:30:00,U0016,PC0016,Logon
2752,2025-01-24 19:04:22.871011,U0016,PC0016,Logoff
2753,2025-01-24 08:52:00,U0017,PC0017,Logon
2754,2025-01-24 16:42:56.984238,U0017,PC0017,Logoff
2755,2025-01-24 08:41:00,U0018,PC0018,Logon
2756,2025-01-24 16:13:54.025886,U0018,PC0018,Logoff
2757,2025-01-24 09:54:00,U0019,PC0019,Logon
2758,2025-01-24 17:08:30.184552,U0019,PC0019,Logoff
2759,2025-01-24 08:55:00,U0020,PC0020,Logon
2760,2025-01-24 17:32:21.760406,U0020,PC0020,Logoff
2761,2025-01-24 09:48:00,U0021,PC0021,Logon
2762,2025-01-24 16:59:44.463265,U0021,PC0021,Logoff
2763,2025-01-24 09:21:00,U0022,PC0022,Logon
2764,2025-01-24 16:43:06.320175,U0022,PC0022,Logoff
2765,2025-01-24 09:02:00,U0023,PC0023,Logon
2766,2025-01-24 17:51:13.238445,U0023,PC0023,Logoff
2767,2025-01-24 08:02:00,U0024,PC0024,Logon
2768,2025-01-24 16:29:17.067284,U0024,PC0024,Logoff
2769,2025-01-24 08:41:00,U0025,PC0025,Logon
2770,2025-01-24 16:29:12.720300,U0025,PC0025,Logoff
2771,2025-01-24 08:07:00,U0026,PC0026,Logon
2772,2025-01-24 15:22:12.317952,U0026,PC0026,Logoff
2773,2025-01-24 08:53:00,U0027,PC0027,Logon
2774,2025-01-24 15:20:04.974124,U0027,PC0027,Logoff
2775,2025-01-24 08:16:00,U0028,PC0028,Logon
2776,2025-01-24 15:58:54.448224,U0028,PC0028,Logoff
2777,2025-01-24 08:21:00,U0029,PC0029,Logon
2778,2025-01-24 16:06:30.609195,U0029,PC0029,Logoff
2779,2025-01-24 08:51:00,U0030,PC0030,Logon
2780,2025-01-24 17:19:45.989465,U0030,PC0030,Logoff
2781,2025-01-24 09:59:00,U0031,PC0031,Logon
2782,2025-01-24 17:20:00.845183,U0031,PC0031,Logoff
2783,2025-01-24 08:08:00,U0032,PC0032,Logon
2784,2025-01-24 15:05:28.640116,U0032,PC0032,Logoff
2785,2025-01-24 08:39:00,U0033,PC0033,Logon
2786,2025-01-24 16:17:53.083256,U0033,PC0033,Logoff
2787,2025-01-24 08:19:00,U0034,PC0034,Logon
2788,2025-01-24 15:01:13.980009,U0034,PC0034,Logoff
2789,2025-01-24 08:22:00,U0035,PC0035,Logon
2790,2025-01-24 16:32:53.135832,U0035,PC0035,Logoff
2791,2025-01-24 09:58:00,U0036,PC0036,Logon
2792,2025-01-24 17:24:33.277009,U0036,PC0036,Logoff
2793,2025-01-24 08:57:00,U0037,PC0037,Logon
2794,2025-01-24 16:01:23.886088,U0037,PC0037,Logoff
2795,2025-01-24 08:49:00,U0038,PC0038,Logon
2796,2025-01-24 15:58:05.656917,U0038,PC0038,Logoff
2797,2025-01-24 09:42:00,U0039,PC0039,Logon
2798,2025-01-24 15:54:50.880629,U0039,PC0039,Logoff
2799,2025-01-24 08:22:00,U0040,PC0040,Logon
2800,2025-01-24 16:40:03.986421,U0040,PC0040,Logoff
2801,2025-01-24 09:17:00,U0041,PC0041,Logon
2802,2025-01-24 19:58:34.921190,U0041,PC0041,Logoff
2803,2025-01-24 09:57:00,U0042,PC0042,Logon
2804,2025-01-24 16:56:45.403451,U0042,PC0042,Logoff
2805,2025-01-24 08:59:00,U0043,PC0043,Logon
2806,2025-01-24 15:12:25.513200,U0043,PC0043,Logoff
2807,2025-01-24 08:02:00,U0044,PC0044,Logon
2808,2025-01-24 15:12:00.998195,U0044,PC0044,Logoff
2809,2025-01-24 09:41:00,U0045,PC0045,Logon
2810,2025-01-24 17:08:01.655011,U0045,PC0045,Logoff
2811,2025-01-24 08:56:00,U0046,PC0046,Logon
2812,2025-01-24 16:17:51.991771,U0046,PC0046,Logoff
2813,2025-01-24 09:55:00,U0047,PC0047,Logon
2814,2025-01-24 17:35:43.526042,U0047,PC0047,Logoff
2815,2025-01-24 09:25:00,U0048,PC0048,Logon
2816,2025-01-24 18:13:50.946344,U0048,PC0048,Logoff
2817,2025-01-24 09:35:00,U0049,PC0049,Logon
2818,2025-01-24 17:57:07.439330,U0049,PC0049,Logoff
2819,2025-01-24 09:42:00,U0050,PC0050,Logon
2820,2025-01-24 15:46:20.378714,U0050,PC0050,Logoff
2821,2025-01-24 08:47:00,U0051,PC0051,Logon
2822,2025-01-24 17:37:42.568696,U0051,PC0051,Logoff
2823,2025-01-24 08:09:00,U0052,PC0052,Logon
2824,2025-01-24 14:44:41.316552,U0052,PC0052,Logoff
2825,2025-01-24 08:52:00,U0053,PC0053,Logon
2826,2025-01-24 18:34:14.779859,U0053,PC0053,Logoff
2827,2025-01-24 23:44:00,U0054,PC0054,Logon
2828,2025-01-25 07:40:16.785566,U0054,PC0054,Logoff
2829,2025-01-24 09:41:00,U0055,PC0055,Logon
2830,2025-01-24 17:19:00.574727,U0055,PC0055,Logoff
2831,2025-01-24 08:49:00,U0056,PC0056,Logon
2832,2025-01-24 15:53:31.922443,U0056,PC0056,Logoff
2833,2025-01-24 09:43:00,U0057,PC0057,Logon
2834,2025-01-24 17:26:33.624905,U0057,PC0057,Logoff
2835,2025-01-24 08:15:00,U0058,PC0058,Logon
2836,2025-01-24 15:57:00.582493,U0058,PC0058,Logoff
2837,2025-01-24 09:34:00,U0059,PC0059,Logon
2838,2025-01-24 19:11:33.452095,U0059,PC0059,Logoff
2839,2025-01-24 10:45:00,U0060,PC0060,Logon
2840,2025-01-24 18:35:27.437243,U0060,PC0060,Logoff
2841,2025-01-24 09:38:00,U0061,PC0061,Logon
2842,2025-01-24 16:07:00.086822,U0061,PC0061,Logoff
2843,2025-01-24 09:12:00,U0062,PC0062,Logon
2844,2025-01-24 16:01:55.993615,U0062,PC0062,Logoff
2845,2025-01-24 09:03:00,U0063,LAB005,Logon
2846,2025-01-24 15:57:09.710901,U0063,LAB005,Logoff
2847,2025-01-24 08:23:00,U0064,PC0064,Logon
2848,2025-01-24 15:32:45.855248,U0064,PC0064,Logoff
2849,2025-01-24 08:05:00,U0065,PC0065,Logon
2850,2025-01-24 15:32:39.158269,U0065,PC0065,Logoff
2851,2025-01-24 08:33:00,U0066,PC0066,Logon
2852,2025-01-24 17:23:00.002082,U0066,PC0066,Logoff
2853,2025-01-24 08:02:00,U0067,PC0067,Logon
2854,2025-01-24 16:15:13.949137,U0067,PC0067,Logoff
2855,2025-01-24 09:33:00,U0068,PC0068,Logon
2856,2025-01-24 17:02:12.493088,U0068,PC0068,Logoff
2857,2025-01-24 08:29:00,U0069,PC0069,Logon
2858,2025-01-24 16:15:10.111349,U0069,PC0069,Logoff
2859,2025-01-24 09:21:00,U0070,PC0070,Logon
2860,2025-01-24 17:32:38.787471,U0070,PC0070,Logoff
2861,2025-01-24 08:06:00,U0071,PC0071,Logon
2862,2025-01-24 16:35:01.955944,U0071,PC0071,Logoff
2863,2025-01-24 08:28:00,U0072,PC0072,Logon
2864,2025-01-24 17:08:52.894238,U0072,PC0072,Logoff
2865,2025-01-24 09:33:00,U0073,PC0073,Logon
2866,2025-01-24 17:14:31.889504,U0073,PC0073,Logoff
2867,2025-01-24 08:55:00,U0074,PC0074,Logon
2868,2025-01-24 16:01:47.948680,U0074,PC0074,Logoff
2869,2025-01-24 09:53:00,U0075,PC0075,Logon
2870,2025-01-24 19:06:44.329809,U0075,PC0075,Logoff
2871,2025-01-24 08:08:00,U0076,PC0076,Logon
2872,2025-01-24 22:35:30.192133,U0076,PC0076,Logoff
2873,2025-01-24 07:43:00,U0077,PC0077,Logon
2874,2025-01-24 15:07:55.376170,U0077,PC0077,Logoff
2875,2025-01-24 08:10:00,U0078,PC0078,Logon
2876,2025-01-24 15:15:25.139699,U0078,PC0078,Logoff
2877,2025-01-24 08:52:00,U0079,PC0079,Logon
2878,2025-01-24 16:11:55.993597,U0079,PC0079,Logoff
2879,2025-01-24 09:47:00,U0080,PC0080,Logon
2880,2025-01-24 17:35:45.615534,U0080,PC0080,Logoff
2881,2025-01-27 07:43:00,U0001,PC0001,Logon
2882,2025-01-27 13:35:45.479451,U0001,PC0001,Logoff
2883,2025-01-27 08:43:00,U0002,PC0002,Logon
2884,2025-01-27 17:10:27.671710,U0002,PC0002,Logoff
2885,2025-01-27 07:06:00,U0003,PC0003,Logon
2886,2025-01-27 14:36:00.971366,U0003,PC0003,Logoff
2887,2025-01-27 08:51:00,U0004,PC0004,Logon
2888,2025-01-27 18:14:18.016002,U0004,PC0004,Logoff
2889,2025-01-27 08:24:00,U0005,LAB019,Logon
2890,2025-01-27 16:46:58.760345,U0005,LAB019,Logoff
2891,2025-01-27 09:20:00,U0006,PC0006,Logon
2892,2025-01-27 15:12:09.960673,U0006,PC0006,Logoff
2893,2025-01-27 09:02:00,U0007,PC0007,Logon
2894,2025-01-27 17:14:55.427420,U0007,PC0007,Logoff
2895,2025-01-27 09:36:00,U0008,PC0008,Logon
2896,2025-01-27 21:31:34.455743,U0008,PC0008,Logoff
2897,2025-01-27 07:18:00,U0009,PC0009,Logon
2898,2025-01-27 17:01:28.907939,U0009,PC0009,Logoff
2899,2025-01-27 08:19:00,U0010,PC0010,Logon
2900,2025-01-27 16:36:14.384056,U0010,PC0010,Logoff
2901,2025-01-27 08:59:00,U0011,PC0011,Logon
2902,2025-01-27 16:33:32.749200,U0011,PC0011,Logoff
2903,2025-01-27 08:08:00,U0012,PC0012,Logon
2904,2025-01-27 16:27:46.231448,U0012,PC0012,Logoff
2905,2025-01-27 08:17:00,U0013,PC0013,Logon
2906,2025-01-27 17:02:02.085003,U0013,PC0013,Logoff
2907,2025-01-27 08:27:00,U0014,PC0014,Logon
2908,2025-01-27 15:19:11.750379,U0014,PC0014,Logoff
2909,2025-01-27 08:32:00,U0015,PC0015,Logon
2910,2025-01-27 17:47:25.737181,U0015,PC0015,Logoff
2911,2025-01-27 08:15:00,U0016,LAB005,Logon
2912,2025-01-27 16:36:30.433026,U0016,LAB005,Logoff
2913,2025-01-27 08:40:00,U0017,PC0017,Logon
2914,2025-01-27 17:25:28.518660,U0017,PC0017,Logoff
2915,2025-01-27 09:14:00,U0018,PC0018,Logon
2916,2025-01-27 19:04:54.991800,U0018,PC0018,Logoff
2917,2025-01-27 08:58:00,U0019,PC0019,Logon
2918,2025-01-27 17:38:07.157297,U0019,PC0019,Logoff
2919,2025-01-27 09:10:00,U0020,PC0020,Logon
2920,2025-01-27 18:27:45.138415,U0020,PC0020,Logoff
2921,2025-01-27 08:07:00,U0021,PC0021,Logon
2922,2025-01-27 16:51:42.019126,U0021,PC0021,Logoff
2923,2025-01-27 08:47:00,U0022,PC0022,Logon
2924,2025-01-27 16:43:08.922562,U0022,PC0022,Logoff
2925,2025-01-27 09:54:00,U0023,PC0023,Logon
2926,2025-01-27 18:09:08.065427,U0023,PC0023,Logoff
2927,2025-01-27 08:32:00,U0024,PC0024,Logon
2928,2025-01-27 16:44:52.967459,U0024,PC0024,Logoff
2929,2025-01-27 09:27:00,U0025,LAB020,Logon
2930,2025-01-27 18:26:07.618868,U0025,LAB020,Logoff
2931,2025-01-27 09:37:00,U0026,PC0026,Logon
2932,2025-01-27 17:09:40.057706,U0026,PC0026,Logoff
2933,2025-01-27 08:24:00,U0027,PC0027,Logon
2934,2025-01-27 17:21:19.082010,U0027,PC0027,Logoff
2935,2025-01-27 09:02:00,U0028,PC0028,Logon
2936,2025-01-27 18:30:21.614433,U0028,PC0028,Logoff
2937,2025-01-27 08:47:00,U0029,PC0029,Logon
2938,2025-01-27 16:33:13.624841,U0029,PC0029,Logoff
2939,2025-01-27 08:30:00,U0030,PC0030,Logon
2940,2025-01-27 16:06:27.104018,U0030,PC0030,Logoff
2941,2025-01-27 09:09:00,U0031,PC0031,Logon
2942,2025-01-27 16:41:00.616635,U0031,PC0031,Logoff
2943,2025-01-27 09:00:00,U0032,PC0032,Logon
2944,2025-01-27 16:48:34.188818,U0032,PC0032,Logoff
2945,2025-01-27 09:57:00,U0033,PC0033,Logon
2946,2025-01-27 16:48:08.310997,U0033,PC0033,Logoff
2947,2025-01-27 09:20:00,U0034,PC0034,Logon
2948,2025-01-27 14:20:31.910505,U0034,PC0034,Logoff
2949,2025-01-27 08:14:00,U0035,PC0035,Logon
2950,2025-01-27 14:36:10.296323,U0035,PC0035,Logoff
2951,2025-01-27 09:06:00,U0036,PC0036,Logon
2952,2025-01-27 17:52:38.666470,U0036,PC0036,Logoff
2953,2025-01-27 09:45:00,U0037,PC0037,Logon
2954,2025-01-27 19:16:15.622418,U0037,PC0037,Logoff
2955,2025-01-27 08:34:00,U0038,PC0038,Logon
2956,2025-01-27 18:18:50.507512,U0038,PC0038,Logoff
2957,2025-01-27 09:48:00,U0039,PC0039,Logon
2958,2025-01-27 17:33:48.400966,U0039,PC0039,Logoff
2959,2025-01-27 09:39:00,U0040,PC0040,Logon
2960,2025-01-27 16:32:37.343355,U0040,PC0040,Logoff
2961,2025-01-27 08:27:00,U0041,PC0041,Logon
2962,2025-01-27 15:50:29.076996,U0041,PC0041,Logoff
2963,2025-01-27 08:44:00,U0042,PC0042,Logon
2964,2025-01-27 15:40:36.392486,U0042,PC0042,Logoff
2965,2025-01-27 09:15:00,U0043,PC0043,Logon
2966,2025-01-27 16:59:28.124159,U0043,PC0043,Logoff
2967,2025-01-27 09:12:00,U0044,PC0044,Logon
2968,2025-01-27 16:37:46.735081,U0044,PC0044,Logoff
2969,2025-01-27 08:51:00,U0045,PC0045,Logon
2970,2025-01-27 17:07:12.206490,U0045,PC0045,Logoff
2971,2025-01-27 08:04:00,U0046,PC0046,Logon
2972,2025-01-27 15:59:52.917434,U0046,PC0046,Logoff
2973,2025-01-27 08:57:00,U0047,PC0047,Logon
2974,2025-01-27 18:56:14.193597,U0047,PC0047,Logoff
2975,2025-01-27 09:05:00,U0048,PC0048,Logon
2976,2025-01-27 17:11:20.713649,U0048,PC0048,Logoff
2977,2025-01-27 09:49:00,U0049,PC0049,Logon
2978,2025-01-27 16:58:13.262481,U0049,PC0049,Logoff
2979,2025-01-27 09:11:00,U0050,PC0050,Logon
2980,2025-01-27 17:22:59.317561,U0050,PC0050,Logoff
2981,2025-01-27 09:31:00,U0051,PC0051,Logon
2982,2025-01-27 18:47:20.472600,U0051,PC0051,Logoff
2983,2025-01-27 09:20:00,U0052,PC0052,Logon
2984,2025-01-27 17:37:19.405186,U0052,PC0052,Logoff
2985,2025-01-27 08:20:00,U0053,PC0053,Logon
2986,2025-01-27 15:22:23.833337,U0053,PC0053,Logoff
2987,2025-01-27 08:00:00,U0054,PC0054,Logon
2988,2025-01-27 16:05:36.140547,U0054,PC0054,Logoff
2989,2025-01-27 08:57:00,U0055,PC0055,Logon
2990,2025-01-27 19:21:42.036032,U0055,PC0055,Logoff
2991,2025-01-27 09:00:00,U0056,PC0056,Logon
2992,2025-01-27 17:36:07.625953,U0056,PC0056,Logoff
2993,2025-01-27 09:20:00,U0057,LAB006,Logon
2994,2025-01-27 17:07:16.047708,U0057,LAB006,Logoff
2995,2025-01-27 08:58:00,U0058,PC0058,Logon
2996,2025-01-27 17:02:38.929867,U0058,PC0058,Logoff
2997,2025-01-27 09:17:00,U0059,PC0059,Logon
2998,2025-01-27 16:02:29.661928,U0059,PC0059,Logoff
2999,2025-01-27 09:25:00,U0060,PC0060,Logon
3000,2025-01-27 17:15:41.067424,U0060,PC0060,Logoff
3001,2025-01-27 08:57:00,U0061,PC0061,Logon
3002,2025-01-27 16:05:22.613961,U0061,PC0061,Logoff
3003,2025-01-27 08:25:00,U0062,PC0062,Logon
3004,2025-01-27 18:18:15.675566,U0062,PC0062,Logoff
3005,2025-01-27 09:02:00,U0063,PC0063,Logon
3006,2025-01-27 15:41:52.266351,U0063,PC0063,Logoff
3007,2025-01-27 09:40:00,U0064,PC0064,Logon
3008,2025-01-27 16:07:09.705640,U0064,PC0064,Logoff
3009,2025-01-27 09:44:00,U0065,PC0065,Logon
3010,2025-01-27 17:15:43.951253,U0065,PC0065,Logoff
3011,2025-01-27 08:59:00,U0066,PC0066,Logon
3012,2025-01-27 18:18:32.867931,U0066,PC0066,Logoff
3013,2025-01-27 08:59:00,U0067,PC0067,Logon
3014,2025-01-27 15:35:10.374534,U0067,PC0067,Logoff
3015,2025-01-27 08:39:00,U0068,PC0068,Logon
3016,2025-01-27 17:41:18.163864,U0068,PC0068,Logoff
3017,2025-01-27 08:36:00,U0069,PC0069,Logon
3018,2025-01-27 13:46:04.239847,U0069,PC0069,Logoff
3019,2025-01-27 08:19:00,U0070,PC0070,Logon
3020,2025-01-27 16:52:06.266880,U0070,PC0070,Logoff
3021,2025-01-27 09:19:00,U0071,PC0071,Logon
3022,2025-01-27 16:51:12.619096,U0071,PC0071,Logoff
3023,2025-01-27 08:03:00,U0072,PC0072,Logon
3024,2025-01-27 17:12:14.042643,U0072,PC0072,Logoff
3025,2025-01-27 08:27:00,U0073,PC0073,Logon
3026,2025-01-27 16:03:41.325209,U0073,PC0073,Logoff
3027,2025-01-27 09:54:00,U0074,PC0074,Logon
3028,2025-01-27 18:20:57.187397,U0074,PC0074,Logoff
3029,2025-01-27 08:49:00,U0075,PC0075,Logon
3030,2025-01-27 16:51:03.987642,U0075,PC0075,Logoff
3031,2025-01-27 23:43:00,U0076,PC0076,Logon
3032,2025-01-28 07:03:30.305716,U0076,PC0076,Logoff
3033,2025-01-27 09:18:00,U0077,PC0077,Logon
3034,2025-01-27 16:19:03.741477,U0077,PC0077,Logoff
3035,2025-01-27 09:16:00,U0078,PC0078,Logon
3036,2025-01-27 17:42:48.741003,U0078,PC0078,Logoff
3037,2025-01-27 08:13:00,U0079,PC0079,Logon
3038,2025-01-27 16:23:13.669576,U0079,PC0079,Logoff
3039,2025-01-27 08:13:00,U0080,PC0080,Logon
3040,2025-01-27 16:00:36.199393,U0080,PC0080,Logoff
3041,2025-01-28 09:37:00,U0001,PC0001,Logon
3042,2025-01-28 17:46:25.102659,U0001,PC0001,Logoff
3043,2025-01-28 08:45:00,U0002,PC0002,Logon
3044,2025-01-28 16:58:27.179055,U0002,PC0002,Logoff
3045,2025-01-28 09:24:00,U0003,PC0003,Logon
3046,2025-01-28 15:21:00.211397,U0003,PC0003,Logoff
3047,2025-01-28 09:03:00,U0004,PC0004,Logon
3048,2025-01-28 16:42:49.482941,U0004,PC0004,Logoff
3049,2025-01-28 09:43:00,U0005,PC0005,Logon
3050,2025-01-28 18:54:50.088925,U0005,PC0005,Logoff
3051,2025-01-28 08:13:00,U0006,PC0006,Logon
3052,2025-01-28 15:30:26.012391,U0006,PC0006,Logoff
3053,2025-01-28 08:36:00,U0007,PC0007,Logon
3054,2025-01-28 15:48:58.487324,U0007,PC0007,Logoff
3055,2025-01-28 09:43:00,U0008,PC0008,Logon
3056,2025-01-28 16:51:35.620462,U0008,PC0008,Logoff
3057,2025-01-28 08:37:00,U0009,PC0009,Logon
3058,2025-01-28 16:49:15.800514,U0009,PC0009,Logoff
3059,2025-01-28 08:55:00,U0010,PC0010,Logon
3060,2025-01-28 16:31:15.549438,U0010,PC0010,Logoff
3061,2025-01-28 09:33:00,U0011,PC0011,Logon
3062,2025-01-28 17:13:01.702544,U0011,PC0011,Logoff
3063,2025-01-28 08:37:00,U0012,PC0012,Logon
3064,2025-01-28 16:05:14.404395,U0012,PC0012,Logoff
3065,2025-01-28 08:33:00,U0013,PC0013,Logon
3066,2025-01-28 16:52:17.735561,U0013,PC0013,Logoff
3067,2025-01-28 09:36:00,U0014,PC0014,Logon
3068,2025-01-28 17:37:06.245871,U0014,PC0014,Logoff
3069,2025-01-28 09:32:00,U0015,PC0015,Logon
3070,2025-01-28 18:13:33.801918,U0015,PC0015,Logoff
3071,2025-01-28 08:29:00,U0016,PC0016,Logon
3072,2025-01-28 18:11:09.052769,U0016,PC0016,Logoff
3073,2025-01-28 09:32:00,U0017,PC0017,Logon
3074,2025-01-28 19:09:54.684837,U0017,PC0017,Logoff
3075,2025-01-28 08:01:00,U0018,PC0018,Logon
3076,2025-01-28 17:50:05.022921,U0018,PC0018,Logoff
3077,2025-01-28 09:33:00,U0019,PC0019,Logon
3078,2025-01-28 18:06:10.944309,U0019,PC0019,Logoff
3079,2025-01-28 09:01:00,U0020,PC0020,Logon
3080,2025-01-28 16:46:05.296975,U0020,PC0020,Logoff
3081,2025-01-28 09:03:00,U0021,PC0021,Logon
3082,2025-01-28 17:11:25.295531,U0021,PC0021,Logoff
3083,2025-01-28 08:21:00,U0022,PC0022,Logon
3084,2025-01-28 15:13:58.128738,U0022,PC0022,Logoff
3085,2025-01-28 08:08:00,U0023,PC0023,Logon
3086,2025-01-28 16:26:35.996339,U0023,PC0023,Logoff
3087,2025-01-28 08:45:00,U0024,PC0024,Logon
3088,2025-01-28 17:58:08.294843,U0024,PC0024,Logoff
3089,2025-01-28 08:04:00,U0025,PC0025,Logon
3090,2025-01-28 16:12:36.916571,U0025,PC0025,Logoff
3091,2025-01-28 08:59:00,U0026,PC0026,Logon
3092,2025-01-28 17:44:34.964264,U0026,PC0026,Logoff
3093,2025-01-28 08:50:00,U0027,PC0027,Logon
3094,2025-01-28 17:15:10.595899,U0027,PC0027,Logoff
3095,2025-01-28 08:20:00,U0028,PC0028,Logon
3096,2025-01-28 17:36:46.073754,U0028,PC0028,Logoff
3097,2025-01-28 09:19:00,U0029,PC0029,Logon
3098,2025-01-28 17:54:00.759491,U0029,PC0029,Logoff
3099,2025-01-28 08:06:00,U0030,PC0030,Logon
3100,2025-01-28 16:40:47.486227,U0030,PC0030,Logoff
3101,2025-01-28 08:53:00,U0031,PC0031,Logon
3102,2025-01-28 17:44:20.000372,U0031,PC0031,Logoff
3103,2025-01-28 09:03:00,U0032,PC0032,Logon
3104,2025-01-28 18:07:14.198016,U0032,PC0032,Logoff
3105,2025-01-28 08:12:00,U0033,PC0033,Logon
3106,2025-01-28 16:33:41.102342,U0033,PC0033,Logoff
3107,2025-01-28 08:09:00,U0034,PC0034,Logon
3108,2025-01-28 16:43:20.605120,U0034,PC0034,Logoff
3109,2025-01-28 09:01:00,U0035,PC0035,Logon
3110,2025-01-28 15:08:48.661178,U0035,PC0035,Logoff
3111,2025-01-28 08:32:00,U0036,PC0036,Logon
3112,2025-01-28 16:15:00.699972,U0036,PC0036,Logoff
3113,2025-01-28 08:13:00,U0037,PC0037,Logon
3114,2025-01-28 15:00:25.883032,U0037,PC0037,Logoff
3115,2025-01-28 09:29:00,U0038,PC0038,Logon
3116,2025-01-28 17:44:05.304992,U0038,PC0038,Logoff
3117,2025-01-28 08:34:00,U0039,PC0039,Logon
3118,2025-01-28 15:48:39.150599,U0039,PC0039,Logoff
3119,2025-01-28 09:52:00,U0040,PC0040,Logon
3120,2025-01-28 19:31:19.465607,U0040,PC0040,Logoff
3121,2025-01-28 08:07:00,U0041,PC0041,Logon
3122,2025-01-28 15:30:16.199098,U0041,PC0041,Logoff
3123,2025-01-28 09:44:00,U0042,PC0042,Logon
3124,2025-01-28 17:22:31.094233,U0042,PC0042,Logoff
3125,2025-01-28 08:21:00,U0043,PC0043,Logon
3126,2025-01-28 17:05:22.751346,U0043,PC0043,Logoff
3127,2025-01-28 08:18:00,U0044,PC0044,Logon
3128,2025-01-28 17:37:05.888369,U0044,PC0044,Logoff
3129,2025-01-28 09:40:00,U0045,PC0045,Logon
3130,2025-01-28 17:15:18.624680,U0045,PC0045,Logoff
3131,2025-01-28 08:10:00,U0046,PC0046,Logon
3132,2025-01-28 16:07:44.745678,U0046,PC0046,Logoff
3133,2025-01-28 08:25:00,U0047,PC0047,Logon
3134,2025-01-28 17:54:41.777619,U0047,PC0047,Logoff
3135,2025-01-28 09:21:00,U0048,PC0048,Logon
3136,2025-01-28 17:47:34.807670,U0048,PC0048,Logoff
3137,2025-01-28 09:35:00,U0049,PC0049,Logon
3138,2025-01-28 16:33:43.815153,U0049,PC0049,Logoff
3139,2025-01-28 09:56:00,U0050,PC0050,Logon
3140,2025-01-28 17:39:56.492073,U0050,PC0050,Logoff
3141,2025-01-28 09:03:00,U0051,PC0051,Logon
3142,2025-01-28 14:55:21.981287,U0051,PC0051,Logoff
3143,2025-01-28 08:06:00,U0052,PC0052,Logon
3144,2025-01-28 15:29:49.845639,U0052,PC0052,Logoff
3145,2025-01-28 09:48:00,U0053,PC0053,Logon
3146,2025-01-28 18:16:12.159075,U0053,PC0053,Logoff
3147,2025-01-28 08:12:00,U0054,PC0054,Logon
3148,2025-01-28 15:29:16.174089,U0054,PC0054,Logoff
3149,2025-01-28 08:30:00,U0055,PC0055,Logon
3150,2025-01-28 15:36:12.087982,U0055,PC0055,Logoff
3151,2025-01-28 09:11:00,U0056,PC0056,Logon
3152,2025-01-28 16:48:50.854078,U0056,PC0056,Logoff
3153,2025-01-28 07:46:00,U0057,PC0057,Logon
3154,2025-01-28 15:23:30.640596,U0057,PC0057,Logoff
3155,2025-01-28 08:40:00,U0058,PC0058,Logon
3156,2025-01-28 15:02:07.407064,U0058,PC0058,Logoff
3157,2025-01-28 08:00:00,U0059,PC0059,Logon
3158,2025-01-28 16:06:33.870499,U0059,PC0059,Logoff
3159,2025-01-28 09:35:00,U0060,PC0060,Logon
3160,2025-01-28 17:53:47.464106,U0060,PC0060,Logoff
3161,2025-01-28 08:33:00,U0061,PC0061,Logon
3162,2025-01-28 17:00:21.255103,U0061,PC0061,Logoff
3163,2025-01-28 08:34:00,U0062,PC0062,Logon
3164,2025-01-28 15:52:19.438671,U0062,PC0062,Logoff
3165,2025-01-28 08:00:00,U0063,PC0063,Logon
3166,2025-01-28 14:14:53.416296,U0063,PC0063,Logoff
3167,2025-01-28 08:02:00,U0064,PC0064,Logon
3168,2025-01-28 16:11:28.992564,U0064,PC0064,Logoff
3169,2025-01-28 08:24:00,U0065,PC0065,Logon
3170,2025-01-28 15:59:02.519059,U0065,PC0065,Logoff
3171,2025-01-28 08:30:00,U0066,PC0066,Logon
3172,2025-01-28 17:06:29.686290,U0066,PC0066,Logoff
3173,2025-01-28 08:08:00,U0067,PC0067,Logon
3174,2025-01-28 16:54:33.700490,U0067,PC0067,Logoff
3175,2025-01-28 08:19:00,U0068,PC0068,Logon
3176,2025-01-28 15:33:51.233146,U0068,PC0068,Logoff
3177,2025-01-28 08:15:00,U0069,PC0069,Logon
3178,2025-01-28 15:44:54.952271,U0069,PC0069,Logoff
3179,2025-01-28 09:02:00,U0070,PC0070,Logon
3180,2025-01-28 17:32:56.261118,U0070,PC0070,Logoff
3181,2025-01-28 09:09:00,U0071,LAB020,Logon
3182,2025-01-28 17:40:19.713165,U0071,LAB020,Logoff
3183,2025-01-28 08:21:00,U0072,PC0072,Logon
3184,2025-01-28 16:01:09.158792,U0072,PC0072,Logoff
3185,2025-01-28 08:05:00,U0073,PC0073,Logon
3186,2025-01-28 17:24:50.069655,U0073,PC0073,Logoff
3187,2025-01-28 08:55:00,U0074,PC0074,Logon
3188,2025-01-28 17:48:37.311682,U0074,PC0074,Logoff
3189,2025-01-28 09:43:00,U0075,PC0075,Logon
3190,2025-01-28 19:32:46.632726,U0075,PC0075,Logoff
3191,2025-01-28 08:10:00,U0076,PC0076,Logon
3192,2025-01-28 16:52:44.359774,U0076,PC0076,Logoff
3193,2025-01-28 10:34:00,U0077,PC0077,Logon
3194,2025-01-28 17:56:56.489963,U0077,PC0077,Logoff
3195,2025-01-28 08:30:00,U0078,PC0078,Logon
3196,2025-01-28 14:37:11.963878,U0078,PC0078,Logoff
3197,2025-01-28 09:16:00,U0079,PC0079,Logon
3198,2025-01-28 15:23:00.659251,U0079,PC0079,Logoff
3199,2025-01-28 08:04:00,U0080,PC0080,Logon
3200,2025-01-28 16:30:14.327473,U0080,PC0080,Logoff
3201,2025-01-29 09:50:00,U0001,PC0001,Logon
3202,2025-01-29 18:15:31.601511,U0001,PC0001,Logoff
3203,2025-01-29 09:05:00,U0002,PC0002,Logon
3204,2025-01-29 18:21:43.916928,U0002,PC0002,Logoff
3205,2025-01-29 08:46:00,U0003,PC0003,Logon
3206,2025-01-29 16:05:22.817502,U0003,PC0003,Logoff
3207,2025-01-29 08:05:00,U0004,PC0004,Logon
3208,2025-01-29 16:54:48.690523,U0004,PC0004,Logoff
3209,2025-01-29 09:50:00,U0005,PC0005,Logon
3210,2025-01-29 18:17:04.411150,U0005,PC0005,Logoff
3211,2025-01-29 09:28:00,U0006,PC0006,Logon
3212,2025-01-29 16:17:19.052877,U0006,PC0006,Logoff
3213,2025-01-29 09:15:00,U0007,PC0007,Logon
3214,2025-01-29 18:46:23.659038,U0007,PC0007,Logoff
3215,2025-01-29 09:46:00,U0008,PC0008,Logon
3216,2025-01-29 19:32:54.476072,U0008,PC0008,Logoff
3217,2025-01-29 08:22:00,U0009,PC0009,Logon
3218,2025-01-29 15:50:31.986709,U0009,PC0009,Logoff
3219,2025-01-29 08:19:00,U0010,PC0010,Logon
3220,2025-01-29 17:02:17.325566,U0010,PC0010,Logoff
3221,2025-01-29 08:11:00,U0011,PC0011,Logon
3222,2025-01-29 16:56:26.982538,U0011,PC0011,Logoff
3223,2025-01-29 09:12:00,U0012,PC0012,Logon
3224,2025-01-29 17:53:42.730440,U0012,PC0012,Logoff
3225,2025-01-29 09:38:00,U0013,PC0013,Logon
3226,2025-01-29 16:38:43.655973,U0013,PC0013,Logoff
3227,2025-01-29 08:31:00,U0014,PC0014,Logon
3228,2025-01-29 17:45:58.628059,U0014,PC0014,Logoff
3229,2025-01-29 09:07:00,U0015,PC0015,Logon
3230,2025-01-29 17:04:39.529730,U0015,PC0015,Logoff
3231,2025-01-29 08:37:00,U0016,PC0016,Logon
3232,2025-01-29 14:35:27.091657,U0016,PC0016,Logoff
3233,2025-01-29 08:01:00,U0017,PC0017,Logon
3234,2025-01-29 17:55:41.108714,U0017,PC0017,Logoff
3235,2025-01-29 08:52:00,U0018,PC0018,Logon
3236,2025-01-29 17:03:22.127356,U0018,PC0018,Logoff
3237,2025-01-29 09:34:00,U0019,PC0019,Logon
3238,2025-01-29 16:18:42.278395,U0019,PC0019,Logoff
3239,2025-01-29 09:33:00,U0020,PC0020,Logon
3240,2025-01-29 18:29:16.495935,U0020,PC0020,Logoff
3241,2025-01-29 09:04:00,U0021,PC0021,Logon
3242,2025-01-29 19:56:06.251000,U0021,PC0021,Logoff
3243,2025-01-29 08:16:00,U0022,PC0022,Logon
3244,2025-01-29 17:19:31.422708,U0022,PC0022,Logoff
3245,2025-01-29 08:32:00,U0023,PC0023,Logon
3246,2025-01-29 17:18:18.912557,U0023,PC0023,Logoff
3247,2025-01-29 09:33:00,U0024,PC0024,Logon
3248,2025-01-29 16:49:00.637690,U0024,PC0024,Logoff
3249,2025-01-29 09:05:00,U0025,PC0025,Logon
3250,2025-01-29 15:13:31.554775,U0025,PC0025,Logoff
3251,2025-01-29 09:54:00,U0026,PC0026,Logon
3252,2025-01-29 18:11:53.370478,U0026,PC0026,Logoff
3253,2025-01-29 09:39:00,U0027,PC0027,Logon
3254,2025-01-29 18:42:29.225970,U0027,PC0027,Logoff
3255,2025-01-29 09:05:00,U0028,PC0028,Logon
3256,2025-01-29 17:13:53.121911,U0028,PC0028,Logoff
3257,2025-01-29 08:52:00,U0029,PC0029,Logon
3258,2025-01-29 16:09:16.005251,U0029,PC0029,Logoff
3259,2025-01-29 09:28:00,U0030,LAB004,Logon
3260,2025-01-29 18:54:10.807461,U0030,LAB004,Logoff
3261,2025-01-29 08:22:00,U0031,PC0031,Logon
3262,2025-01-29 16:24:45.609890,U0031,PC0031,Logoff
3263,2025-01-29 08:28:00,U0032,LAB019,Logon
3264,2025-01-29 17:38:21.924643,U0032,LAB019,Logoff
3265,2025-01-29 09:15:00,U0033,PC0033,Logon
3266,2025-01-29 19:11:28.382771,U0033,PC0033,Logoff
3267,2025-01-29 08:52:00,U0034,PC0034,Logon
3268,2025-01-29 16:29:19.171564,U0034,PC0034,Logoff
3269,2025-01-29 09:57:00,U0035,PC0035,Logon
3270,2025-01-29 18:35:47.362336,U0035,PC0035,Logoff
3271,2025-01-29 08:39:00,U0036,PC0036,Logon
3272,2025-01-29 15:46:37.340074,U0036,PC0036,Logoff
3273,2025-01-29 09:38:00,U0037,PC0037,Logon
3274,2025-01-29 18:21:16.087305,U0037,PC0037,Logoff
3275,2025-01-29 08:54:00,U0038,PC0038,Logon
3276,2025-01-29 18:15:19.594084,U0038,PC0038,Logoff
3277,2025-01-29 09:49:00,U0039,PC0039,Logon
3278,2025-01-29 17:57:03.467390,U0039,PC0039,Logoff
3279,2025-01-29 09:08:00,U0040,PC0040,Logon
3280,2025-01-29 17:41:14.607976,U0040,PC0040,Logoff
3281,2025-01-29 08:25:00,U0041,PC0041,Logon
3282,2025-01-29 16:26:48.113325,U0041,PC0041,Logoff
3283,2025-01-29 07:24:00,U0042,PC0042,Logon
3284,2025-01-29 16:16:35.240324,U0042,PC0042,Logoff
3285,2025-01-29 08:24:00,U0043,PC0043,Logon
3286,2025-01-29 17:54:12.311382,U0043,PC0043,Logoff
3287,2025-01-29 08:51:00,U0044,PC0044,Logon
3288,2025-01-29 16:38:17.998865,U0044,PC0044,Logoff
3289,2025-01-29 08:46:00,U0045,PC0045,Logon
3290,2025-01-29 16:28:43.060054,U0045,PC0045,Logoff
3291,2025-01-29 09:53:00,U0046,PC0046,Logon
3292,2025-01-29 15:23:43.888836,U0046,PC0046,Logoff
3293,2025-01-29 09:36:00,U0047,PC0047,Logon
3294,2025-01-29 17:56:16.884532,U0047,PC0047,Logoff
3295,2025-01-29 08:40:00,U0048,PC0048,Logon
3296,2025-01-29 15:35:28.875385,U0048,PC0048,Logoff
3297,2025-01-29 09:35:00,U0049,PC0049,Logon
3298,2025-01-29 16:38:16.175232,U0049,PC0049,Logoff
3299,2025-01-29 08:52:00,U0050,PC0050,Logon
3300,2025-01-29 18:00:14.332353,U0050,PC0050,Logoff
3301,2025-01-29 09:25:00,U0051,PC0051,Logon
3302,2025-01-29 16:28:43.467924,U0051,PC0051,Logoff
3303,2025-01-29 09:14:00,U0052,PC0052,Logon
3304,2025-01-29 16:12:27.290339,U0052,PC0052,Logoff
3305,2025-01-29 09:03:00,U0053,PC0053,Logon
3306,2025-01-29 18:06:40.935474,U0053,PC0053,Logoff
3307,2025-01-29 09:47:00,U0054,PC0054,Logon
3308,2025-01-29 18:08:41.979820,U0054,PC0054,Logoff
3309,2025-01-29 09:34:00,U0055,LAB006,Logon
3310,2025-01-29 17:33:58.870779,U0055,LAB006,Logoff
3311,2025-01-29 08:07:00,U0056,PC0056,Logon
3312,2025-01-29 16:33:58.106086,U0056,PC0056,Logoff
3313,2025-01-29 10:23:00,U0057,PC0057,Logon
3314,2025-01-29 17:22:06.865825,U0057,PC0057,Logoff
3315,2025-01-29 08:05:00,U0058,PC0058,Logon
3316,2025-01-29 16:29:59.205737,U0058,PC0058,Logoff
3317,2025-01-29 08:43:00,U0059,PC0059,Logon
3318,2025-01-29 15:44:03.707111,U0059,PC0059,Logoff
3319,2025-01-29 09:40:00,U0060,PC0060,Logon
3320,2025-01-29 19:59:12.146599,U0060,PC0060,Logoff
3321,2025-01-29 09:17:00,U0061,PC0061,Logon
3322,2025-01-29 16:22:45.354157,U0061,PC0061,Logoff
3323,2025-01-29 08:30:00,U0062,PC0062,Logon
3324,2025-01-29 16:45:28.713532,U0062,PC0062,Logoff
3325,2025-01-29 09:04:00,U0063,PC0063,Logon
3326,2025-01-29 17:32:30.603887,U0063,PC0063,Logoff
3327,2025-01-29 08:59:00,U0064,PC0064,Logon
3328,2025-01-29 16:23:38.622054,U0064,PC0064,Logoff
3329,2025-01-29 08:11:00,U0065,PC0065,Logon
3330,2025-01-29 17:01:05.104775,U0065,PC0065,Logoff
3331,2025-01-29 09:07:00,U0066,PC0066,Logon
3332,2025-01-29 15:34:15.372768,U0066,PC0066,Logoff
3333,2025-01-29 09:28:00,U0067,PC0067,Logon
3334,2025-01-29 18:02:26.656395,U0067,PC0067,Logoff
3335,2025-01-29 09:51:00,U0068,PC0068,Logon
3336,2025-01-29 16:30:28.340105,U0068,PC0068,Logoff
3337,2025-01-29 08:56:00,U0069,PC0069,Logon
3338,2025-01-29 16:47:03.710485,U0069,PC0069,Logoff
3339,2025-01-29 21:07:00,U0070,PC0070,Logon
3340,2025-01-30 06:54:46.898963,U0070,PC0070,Logoff
3341,2025-01-29 09:20:00,U0071,PC0071,Logon
3342,2025-01-29 17:05:26.347403,U0071,PC0071,Logoff
3343,2025-01-29 08:57:00,U0072,PC0072,Logon
3344,2025-01-29 18:10:48.002062,U0072,PC0072,Logoff
3345,2025-01-29 08:03:00,U0073,PC0073,Logon
3346,2025-01-29 17:40:42.486797,U0073,PC0073,Logoff
3347,2025-01-29 08:48:00,U0074,PC0074,Logon
3348,2025-01-29 18:23:26.095461,U0074,PC0074,Logoff
3349,2025-01-29 09:40:00,U0075,PC0075,Logon
3350,2025-01-29 17:31:46.816238,U0075,PC0075,Logoff
3351,2025-01-29 08:37:00,U0076,PC0076,Logon
3352,2025-01-29 16:16:32.731642,U0076,PC0076,Logoff
3353,2025-01-29 09:44:00,U0077,PC0077,Logon
3354,2025-01-29 17:48:37.763386,U0077,PC0077,Logoff
3355,2025-01-29 08:28:00,U0078,PC0078,Logon
3356,2025-01-29 16:18:03.726923,U0078,PC0078,Logoff
3357,2025-01-29 09:02:00,U0079,PC0079,Logon
3358,2025-01-29 14:54:16.557260,U0079,PC0079,Logoff
3359,2025-01-29 09:32:00,U0080,PC0080,Logon
3360,2025-01-29 16:33:13.003591,U0080,PC0080,Logoff
3361,2025-01-30 08:56:00,U0001,PC0001,Logon
3362,2025-01-30 15:14:45.560350,U0001,PC0001,Logoff
3363,2025-01-30 08:34:00,U0002,PC0002,Logon
3364,2025-01-30 15:12:40.388989,U0002,PC0002,Logoff
3365,2025-01-30 08:12:00,U0003,PC0003,Logon
3366,2025-01-30 18:09:11.732895,U0003,PC0003,Logoff
3367,2025-01-30 08:25:00,U0004,PC0004,Logon
3368,2025-01-30 16:35:39.900383,U0004,PC0004,Logoff
3369,2025-01-30 09:01:00,U0005,PC0005,Logon
3370,2025-01-30 17:08:51.834670,U0005,PC0005,Logoff
3371,2025-01-30 08:27:00,U0006,PC0006,Logon
3372,2025-01-30 15:15:16.942451,U0006,PC0006,Logoff
3373,2025-01-30 09:16:00,U0007,PC0007,Logon
3374,2025-01-30 19:04:25.907917,U0007,PC0007,Logoff
3375,2025-01-30 08:45:00,U0008,LAB010,Logon
3376,2025-01-30 15:43:33.497073,U0008,LAB010,Logoff
3377,2025-01-30 08:29:00,U0009,PC0009,Logon
3378,2025-01-30 15:31:07.663938,U0009,PC0009,Logoff
3379,2025-01-30 09:43:00,U0010,PC0010,Logon
3380,2025-01-30 16:59:18.220071,U0010,PC0010,Logoff
3381,2025-01-30 10:43:00,U0011,PC0011,Logon
3382,2025-01-30 19:54:25.974940,U0011,PC0011,Logoff
3383,2025-01-30 09:49:00,U0012,PC0012,Logon
3384,2025-01-30 18:50:37.150548,U0012,PC0012,Logoff
3385,2025-01-30 09:19:00,U0013,PC0013,Logon
3386,2025-01-30 16:45:09.789043,U0013,PC0013,Logoff
3387,2025-01-30 08:48:00,U0014,PC0014,Logon
3388,2025-01-30 16:52:41.315027,U0014,PC0014,Logoff
3389,2025-01-30 09:19:00,U0015,PC0015,Logon
3390,2025-01-30 17:27:20.617435,U0015,PC0015,Logoff
3391,2025-01-30 08:49:00,U0016,PC0016,Logon
3392,2025-01-30 16:00:49.832002,U0016,PC0016,Logoff
3393,2025-01-30 08:16:00,U0017,PC0017,Logon
3394,2025-01-30 16:11:27.603824,U0017,PC0017,Logoff
3395,2025-01-30 09:15:00,U0018,PC0018,Logon
3396,2025-01-30 15:51:50.443407,U0018,PC0018,Logoff
3397,2025-01-30 09:59:00,U0019,PC0019,Logon
3398,2025-01-30 19:28:20.807190,U0019,PC0019,Logoff
3399,2025-01-30 10:59:00,U0020,PC0020,Logon
3400,2025-01-30 18:34:44.169277,U0020,PC0020,Logoff
3401,2025-01-30 09:18:00,U0021,PC0021,Logon
3402,2025-01-30 17:52:11.137286,U0021,PC0021,Logoff
3403,2025-01-30 09:39:00,U0022,PC0022,Logon
3404,2025-01-30 17:33:04.157276,U0022,PC0022,Logoff
3405,2025-01-30 09:47:00,U0023,PC0023,Logon
3406,2025-01-30 15:15:03.914093,U0023,PC0023,Logoff
3407,2025-01-30 09:27:00,U0024,PC0024,Logon
3408,2025-01-30 17:34:34.240453,U0024,PC0024,Logoff
3409,2025-01-30 08:27:00,U0025,PC0025,Logon
3410,2025-01-30 18:29:48.703905,U0025,PC0025,Logoff
3411,2025-01-30 08:12:00,U0026,PC0026,Logon
3412,2025-01-30 15:47:48.926439,U0026,PC0026,Logoff
3413,2025-01-30 09:11:00,U0027,PC0027,Logon
3414,2025-01-30 16:21:04.579303,U0027,PC0027,Logoff
3415,2025-01-30 08:23:00,U0028,PC0028,Logon
3416,2025-01-30 16:14:10.708476,U0028,PC0028,Logoff
3417,2025-01-30 09:29:00,U0029,PC0029,Logon
3418,2025-01-30 17:41:28.089026,U0029,PC0029,Logoff
3419,2025-01-30 08:41:00,U0030,PC0030,Logon
3420,2025-01-30 16:09:04.193173,U0030,PC0030,Logoff
3421,2025-01-30 08:02:00,U0031,PC0031,Logon
3422,2025-01-30 15:57:22.004237,U0031,PC0031,Logoff
3423,2025-01-30 09:03:00,U0032,LAB015,Logon
3424,2025-01-30 17:28:05.540721,U0032,LAB015,Logoff
3425,2025-01-30 08:18:00,U0033,PC0033,Logon
3426,2025-01-30 17:21:50.187555,U0033,PC0033,Logoff
3427,2025-01-30 09:27:00,U0034,PC0034,Logon
3428,2025-01-30 18:50:04.315371,U0034,PC0034,Logoff
3429,2025-01-30 09:11:00,U0035,PC0035,Logon
3430,2025-01-30 18:17:04.762648,U0035,PC0035,Logoff
3431,2025-01-30 09:27:00,U0036,PC0036,Logon
3432,2025-01-30 18:47:46.412722,U0036,PC0036,Logoff
3433,2025-01-30 09:33:00,U0037,PC0037,Logon
3434,2025-01-30 17:27:07.505113,U0037,PC0037,Logoff
3435,2025-01-30 10:37:00,U0038,PC0038,Logon
3436,2025-01-30 19:30:20.533640,U0038,PC0038,Logoff
3437,2025-01-30 09:22:00,U0039,PC0039,Logon
3438,2025-01-30 16:05:25.304100,U0039,PC0039,Logoff
3439,2025-01-30 08:47:00,U0040,PC0040,Logon
3440,2025-01-30 17:04:33.775736,U0040,PC0040,Logoff
3441,2025-01-30 09:10:00,U0041,PC0041,Logon
3442,2025-01-30 16:33:09.158766,U0041,PC0041,Logoff
3443,2025-01-30 09:21:00,U0042,PC0042,Logon
3444,2025-01-30 18:56:19.056941,U0042,PC0042,Logoff
3445,2025-01-30 09:42:00,U0043,PC0043,Logon
3446,2025-01-30 16:33:32.369365,U0043,PC0043,Logoff
3447,2025-01-30 08:12:00,U0044,PC0044,Logon
3448,2025-01-30 15:23:42.120669,U0044,PC0044,Logoff
3449,2025-01-30 08:56:00,U0045,PC0045,Logon
3450,2025-01-30 16:31:10.983604,U0045,PC0045,Logoff
3451,2025-01-30 08:52:00,U0046,PC0046,Logon
3452,2025-01-30 15:36:41.512661,U0046,PC0046,Logoff
3453,2025-01-30 08:51:00,U0047,PC0047,Logon
3454,2025-01-30 16:17:21.812507,U0047,PC0047,Logoff
3455,2025-01-30 07:49:00,U0048,PC0048,Logon
3456,2025-01-30 17:52:10.699288,U0048,PC0048,Logoff
3457,2025-01-30 09:16:00,U0049,PC0049,Logon
3458,2025-01-30 16:53:25.317390,U0049,PC0049,Logoff
3459,2025-01-30 09:41:00,U0050,PC0050,Logon
3460,2025-01-30 16:30:42.044350,U0050,PC0050,Logoff
3461,2025-01-30 09:39:00,U0051,PC0051,Logon
3462,2025-01-30 19:32:50.239301,U0051,PC0051,Logoff
3463,2025-01-30 09:35:00,U0052,PC0052,Logon
3464,2025-01-30 18:36:24.710319,U0052,PC0052,Logoff
3465,2025-01-30 09:51:00,U0053,PC0053,Logon
3466,2025-01-30 16:30:47.788420,U0053,PC0053,Logoff
3467,2025-01-30 08:39:00,U0054,PC0054,Logon
3468,2025-01-30 16:46:54.940680,U0054,PC0054,Logoff
3469,2025-01-30 08:13:00,U0055,PC0055,Logon
3470,2025-01-30 15:59:52.848201,U0055,PC0055,Logoff
3471,2025-01-30 08:45:00,U0056,PC0056,Logon
3472,2025-01-30 16:40:08.837408,U0056,PC0056,Logoff
3473,2025-01-30 09:53:00,U0057,PC0057,Logon
3474,2025-01-30 16:49:21.821761,U0057,PC0057,Logoff
3475,2025-01-30 22:42:00,U0058,PC0058,Logon
3476,2025-01-31 05:24:55.496643,U0058,PC0058,Logoff
3477,2025-01-30 09:57:00,U0059,PC0059,Logon
3478,2025-01-30 15:50:39.671009,U0059,PC0059,Logoff
3479,2025-01-30 09:06:00,U0060,PC0060,Logon
3480,2025-01-30 18:29:10.857830,U0060,PC0060,Logoff
3481,2025-01-30 08:40:00,U0061,PC0061,Logon
3482,2025-01-30 14:03:48.706484,U0061,PC0061,Logoff
3483,2025-01-30 08:24:00,U0062,PC0062,Logon
3484,2025-01-30 16:20:08.937019,U0062,PC0062,Logoff
3485,2025-01-30 08:19:00,U0063,PC0063,Logon
3486,2025-01-30 15:48:05.213782,U0063,PC0063,Logoff
3487,2025-01-30 09:49:00,U0064,PC0064,Logon
3488,2025-01-30 18:28:53.737784,U0064,PC0064,Logoff
3489,2025-01-30 08:12:00,U0065,PC0065,Logon
3490,2025-01-30 14:36:08.642989,U0065,PC0065,Logoff
3491,2025-01-30 08:48:00,U0066,PC0066,Logon
3492,2025-01-30 16:35:11.555594,U0066,PC0066,Logoff
3493,2025-01-30 09:38:00,U0067,PC0067,Logon
3494,2025-01-30 17:05:52.859835,U0067,PC0067,Logoff
3495,2025-01-30 09:26:00,U0068,PC0068,Logon
3496,2025-01-30 19:22:06.554544,U0068,PC0068,Logoff
3497,2025-01-30 09:53:00,U0069,PC0069,Logon
3498,2025-01-30 17:50:06.881374,U0069,PC0069,Logoff
3499,2025-01-30 08:18:00,U0070,PC0070,Logon
3500,2025-01-30 15:56:35.976717,U0070,PC0070,Logoff
3501,2025-01-30 09:23:00,U0071,PC0071,Logon
3502,2025-01-30 16:45:21.671595,U0071,PC0071,Logoff
3503,2025-01-30 09:42:00,U0072,PC0072,Logon
3504,2025-01-30 17:45:04.312447,U0072,PC0072,Logoff
3505,2025-01-30 08:51:00,U0073,PC0073,Logon
3506,2025-01-30 15:28:39.124028,U0073,PC0073,Logoff
3507,2025-01-30 09:47:00,U0074,PC0074,Logon
3508,2025-01-30 17:43:20.385701,U0074,PC0074,Logoff
3509,2025-01-30 09:02:00,U0075,PC0075,Logon
3510,2025-01-30 16:29:59.038897,U0075,PC0075,Logoff
3511,2025-01-30 21:34:00,U0076,PC0076,Logon
3512,2025-01-31 04:41:23.614388,U0076,PC0076,Logoff
3513,2025-01-30 09:44:00,U0077,PC0077,Logon
3514,2025-01-30 15:59:08.508565,U0077,PC0077,Logoff
3515,2025-01-30 09:49:00,U0078,PC0078,Logon
3516,2025-01-30 18:17:31.550457,U0078,PC0078,Logoff
3517,2025-01-30 08:49:00,U0079,LAB012,Logon
3518,2025-01-30 17:14:27.818176,U0079,LAB012,Logoff
3519,2025-01-30 09:52:00,U0080,PC0080,Logon
3520,2025-01-30 15:38:59.452178,U0080,PC0080,Logoff
3521,2025-01-31 09:06:00,U0001,PC0001,Logon
3522,2025-01-31 14:36:24.225047,U0001,PC0001,Logoff
3523,2025-01-31 08:28:00,U0002,PC0002,Logon
3524,2025-01-31 18:05:44.998914,U0002,PC0002,Logoff
3525,2025-01-31 08:50:00,U0003,PC0003,Logon
3526,2025-01-31 15:39:34.032128,U0003,PC0003,Logoff
3527,2025-01-31 08:22:00,U0004,PC0004,Logon
3528,2025-01-31 18:26:04.462817,U0004,PC0004,Logoff
3529,2025-01-31 08:31:00,U0005,PC0005,Logon
3530,2025-01-31 15:27:55.284318,U0005,PC0005,Logoff
3531,2025-01-31 09:03:00,U0006,PC0006,Logon
3532,2025-01-31 18:54:27.728437,U0006,PC0006,Logoff
3533,2025-01-31 08:03:00,U0007,PC0007,Logon
3534,2025-01-31 14:48:39.410271,U0007,PC0007,Logoff
3535,2025-01-31 10:13:00,U0008,PC0008,Logon
3536,2025-01-31 19:48:39.992610,U0008,PC0008,Logoff
3537,2025-01-31 09:08:00,U0009,PC0009,Logon
3538,2025-01-31 16:19:15.351544,U0009,PC0009,Logoff
3539,2025-01-31 08:16:00,U0010,PC0010,Logon
3540,2025-01-31 16:06:22.703708,U0010,PC0010,Logoff
3541,2025-01-31 09:11:00,U0011,PC0011,Logon
3542,2025-01-31 18:38:03.605177,U0011,PC0011,Logoff
3543,2025-01-31 09:46:00,U0012,PC0012,Logon
3544,2025-01-31 16:41:21.446123,U0012,PC0012,Logoff
3545,2025-01-31 09:03:00,U0013,PC0013,Logon
3546,2025-01-31 17:21:47.275704,U0013,PC0013,Logoff
3547,2025-01-31 09:29:00,U0014,LAB010,Logon
3548,2025-01-31 18:56:59.547093,U0014,LAB010,Logoff
3549,2025-01-31 08:02:00,U0015,PC0015,Logon
3550,2025-01-31 15:59:51.027917,U0015,PC0015,Logoff
3551,2025-01-31 08:35:00,U0016,PC0016,Logon
3552,2025-01-31 15:00:55.706069,U0016,PC0016,Logoff
3553,2025-01-31 09:47:00,U0017,PC0017,Logon
3554,2025-01-31 20:17:41.603586,U0017,PC0017,Logoff
3555,2025-01-31 08:10:00,U0018,PC0018,Logon
3556,2025-01-31 16:08:03.789800,U0018,PC0018,Logoff
3557,2025-01-31 09:44:00,U0019,PC0019,Logon
3558,2025-01-31 17:51:23.081526,U0019,PC0019,Logoff
3559,2025-01-31 08:45:00,U0020,PC0020,Logon
3560,2025-01-31 15:27:02.821092,U0020,PC0020,Logoff
3561,2025-01-31 09:01:00,U0021,LAB008,Logon
3562,2025-01-31 16:15:35.649683,U0021,LAB008,Logoff
3563,2025-01-31 07:26:00,U0022,PC0022,Logon
3564,2025-01-31 16:37:40.531994,U0022,PC0022,Logoff
3565,2025-01-31 09:14:00,U0023,PC0023,Logon
3566,2025-01-31 17:17:05.979517,U0023,PC0023,Logoff
3567,2025-01-31 09:05:00,U0024,PC0024,Logon
3568,2025-01-31 18:09:27.544846,U0024,PC0024,Logoff
3569,2025-01-31 09:32:00,U0025,PC0025,Logon
3570,2025-01-31 18:26:14.463197,U0025,PC0025,Logoff
3571,2025-01-31 08:32:00,U0026,PC0026,Logon
3572,2025-01-31 17:50:43.141459,U0026,PC0026,Logoff
3573,2025-01-31 09:45:00,U0027,PC0027,Logon
3574,2025-01-31 17:56:38.586997,U0027,PC0027,Logoff
3575,2025-01-31 08:17:00,U0028,PC0028,Logon
3576,2025-01-31 16:34:13.041075,U0028,PC0028,Logoff
3577,2025-01-31 08:56:00,U0029,PC0029,Logon
3578,2025-01-31 16:17:42.182184,U0029,PC0029,Logoff
3579,2025-01-31 08:17:00,U0030,PC0030,Logon
3580,2025-01-31 15:13:01.554245,U0030,PC0030,Logoff
3581,2025-01-31 10:58:00,U0031,PC0031,Logon
3582,2025-01-31 20:17:52.820623,U0031,PC0031,Logoff
3583,2025-01-31 09:09:00,U0032,PC0032,Logon
3584,2025-01-31 15:55:37.577930,U0032,PC0032,Logoff
3585,2025-01-31 09:05:00,U0033,PC0033,Logon
3586,2025-01-31 15:47:23.372549,U0033,PC0033,Logoff
3587,2025-01-31 08:25:00,U0034,PC0034,Logon
3588,2025-01-31 15:29:54.742860,U0034,PC0034,Logoff
3589,2025-01-31 09:15:00,U0035,PC0035,Logon
3590,2025-01-31 16:51:13.573159,U0035,PC0035,Logoff
3591,2025-01-31 22:39:00,U0036,PC0036,Logon
3592,2025-02-01 13:15:14.835203,U0036,PC0036,Logoff
3593,2025-01-31 10:16:00,U0037,PC0037,Logon
3594,2025-01-31 16:47:14.000797,U0037,PC0037,Logoff
3595,2025-01-31 09:43:00,U0038,PC0038,Logon
3596,2025-01-31 18:51:47.187133,U0038,PC0038,Logoff
3597,2025-01-31 08:58:00,U0039,PC0039,Logon
3598,2025-01-31 17:58:25.680011,U0039,PC0039,Logoff
3599,2025-01-31 09:22:00,U0040,PC0040,Logon
3600,2025-01-31 17:08:21.085464,U0040,PC0040,Logoff
3601,2025-01-31 08:44:00,U0041,PC0041,Logon
3602,2025-01-31 16:00:51.205975,U0041,PC0041,Logoff
3603,2025-01-31 10:01:00,U0042,PC0042,Logon
3604,2025-01-31 18:01:02.458148,U0042,PC0042,Logoff
3605,2025-01-31 09:46:00,U0043,PC0043,Logon
3606,2025-01-31 16:58:32.762226,U0043,PC0043,Logoff
3607,2025-01-31 08:01:00,U0044,PC0044,Logon
3608,2025-01-31 17:05:55.145313,U0044,PC0044,Logoff
3609,2025-01-31 08:10:00,U0045,PC0045,Logon
3610,2025-01-31 15:45:05.230436,U0045,PC0045,Logoff
3611,2025-01-31 09:17:00,U0046,PC0046,Logon
3612,2025-01-31 17:23:40.941367,U0046,PC0046,Logoff
3613,2025-01-31 08:55:00,U0047,PC0047,Logon
3614,2025-01-31 17:18:44.951212,U0047,PC0047,Logoff
3615,2025-01-31 09:19:00,U0048,PC0048,Logon
3616,2025-01-31 18:03:04.695164,U0048,PC0048,Logoff
3617,2025-01-31 08:39:00,U0049,PC0049,Logon
3618,2025-01-31 16:21:57.041647,U0049,PC0049,Logoff
3619,2025-01-31 09:34:00,U0050,PC0050,Logon
3620,2025-01-31 18:27:40.729875,U0050,PC0050,Logoff
3621,2025-01-31 08:58:00,U0051,PC0051,Logon
3622,2025-01-31 17:19:05.327641,U0051,PC0051,Logoff
3623,2025-01-31 08:15:00,U0052,PC0052,Logon
3624,2025-01-31 16:17:48.965647,U0052,PC0052,Logoff
3625,2025-01-31 09:21:00,U0053,PC0053,Logon
3626,2025-01-31 16:24:07.586218,U0053,PC0053,Logoff
3627,2025-01-31 08:04:00,U0054,LAB012,Logon
3628,2025-01-31 16:49:50.507214,U0054,LAB012,Logoff
3629,2025-01-31 08:47:00,U0055,PC0055,Logon
3630,2025-01-31 22:09:02.081892,U0055,PC0055,Logoff
3631,2025-01-31 09:02:00,U0056,PC0056,Logon
3632,2025-01-31 16:23:56.570948,U0056,PC0056,Logoff
3633,2025-01-31 08:08:00,U0057,PC0057,Logon
3634,2025-01-31 16:52:39.068557,U0057,PC0057,Logoff
3635,2025-01-31 23:10:00,U0058,PC0058,Logon
3636,2025-02-01 07:26:00.546227,U0058,PC0058,Logoff
3637,2025-01-31 08:47:00,U0059,PC0059,Logon
3638,2025-01-31 17:09:12.220015,U0059,PC0059,Logoff
3639,2025-01-31 08:31:00,U0060,PC0060,Logon
3640,2025-01-31 16:58:28.100196,U0060,PC0060,Logoff
3641,2025-01-31 08:47:00,U0061,PC0061,Logon
3642,2025-01-31 16:36:02.751692,U0061,PC0061,Logoff
3643,2025-01-31 08:11:00,U0062,PC0062,Logon
3644,2025-01-31 16:08:53.972604,U0062,PC0062,Logoff
3645,2025-01-31 08:26:00,U0063,PC0063,Logon
3646,2025-01-31 15:19:09.432779,U0063,PC0063,Logoff
3647,2025-01-31 09:27:00,U0064,PC0064,Logon
3648,2025-01-31 17:39:45.863193,U0064,PC0064,Logoff
3649,2025-01-31 09:51:00,U0065,PC0065,Logon
3650,2025-01-31 17:25:07.947950,U0065,PC0065,Logoff
3651,2025-01-31 09:56:00,U0066,PC0066,Logon
3652,2025-01-31 18:29:02.871260,U0066,PC0066,Logoff
3653,2025-01-31 09:14:00,U0067,PC0067,Logon
3654,2025-01-31 16:24:27.646742,U0067,PC0067,Logoff
3655,2025-01-31 09:02:00,U0068,PC0068,Logon
3656,2025-01-31 17:23:50.905066,U0068,PC0068,Logoff
3657,2025-01-31 09:43:00,U0069,PC0069,Logon
3658,2025-01-31 15:37:48.680430,U0069,PC0069,Logoff
3659,2025-01-31 09:30:00,U0070,PC0070,Logon
3660,2025-01-31 19:42:45.111742,U0070,PC0070,Logoff
3661,2025-01-31 08:23:00,U0071,PC0071,Logon
3662,2025-01-31 15:39:18.922448,U0071,PC0071,Logoff
3663,2025-01-31 09:50:00,U0072,PC0072,Logon
3664,2025-01-31 18:08:44.561558,U0072,PC0072,Logoff
3665,2025-01-31 09:02:00,U0073,PC0073,Logon
3666,2025-01-31 15:46:31.674639,U0073,PC0073,Logoff
3667,2025-01-31 09:08:00,U0074,PC0074,Logon
3668,2025-01-31 17:43:25.519421,U0074,PC0074,Logoff
3669,2025-01-31 08:07:00,U0075,PC0075,Logon
3670,2025-01-31 16:27:19.274345,U0075,PC0075,Logoff
3671,2025-01-31 09:53:00,U0076,PC0076,Logon
3672,2025-01-31 18:45:20.335368,U0076,PC0076,Logoff
3673,2025-01-31 08:03:00,U0077,PC0077,Logon
3674,2025-01-31 16:52:12.569472,U0077,PC0077,Logoff
3675,2025-01-31 08:50:00,U0078,PC0078,Logon
3676,2025-01-31 16:54:22.346753,U0078,PC0078,Logoff
3677,2025-01-31 09:28:00,U0079,PC0079,Logon
3678,2025-01-31 17:18:59.125240,U0079,PC0079,Logoff
3679,2025-01-31 09:58:00,U0080,PC0080,Logon
3680,2025-01-31 17:52:58.615345,U0080,PC0080,Logoff
3681,2025-02-03 08:19:00,U0001,PC0001,Logon
3682,2025-02-03 15:55:23.292519,U0001,PC0001,Logoff
3683,2025-02-03 09:30:00,U0002,PC0002,Logon
3684,2025-02-03 18:43:45.173223,U0002,PC0002,Logoff
3685,2025-02-03 09:55:00,U0003,PC0003,Logon
3686,2025-02-03 17:03:58.072997,U0003,PC0003,Logoff
3687,2025-02-03 10:45:00,U0004,PC0004,Logon
3688,2025-02-03 19:00:53.191120,U0004,PC0004,Logoff
3689,2025-02-03 09:47:00,U0005,PC0005,Logon
3690,2025-02-03 17:37:53.828039,U0005,PC0005,Logoff
3691,2025-02-03 09:39:00,U0006,PC0006,Logon
3692,2025-02-03 18:29:22.086616,U0006,PC0006,Logoff
3693,2025-02-03 09:53:00,U0007,PC0007,Logon
3694,2025-02-03 18:56:26.525899,U0007,PC0007,Logoff
3695,2025-02-03 09:30:00,U0008,PC0008,Logon
3696,2025-02-03 17:11:05.687768,U0008,PC0008,Logoff
3697,2025-02-03 08:35:00,U0009,LAB001,Logon
3698,2025-02-03 16:54:57.387037,U0009,LAB001,Logoff
3699,2025-02-03 09:22:00,U0010,PC0010,Logon
3700,2025-02-03 17:08:38.205477,U0010,PC0010,Logoff
3701,2025-02-03 09:58:00,U0011,PC0011,Logon
3702,2025-02-03 19:25:09.420284,U0011,PC0011,Logoff
3703,2025-02-03 08:00:00,U0012,PC0012,Logon
3704,2025-02-03 15:09:47.085466,U0012,PC0012,Logoff
3705,2025-02-03 08:17:00,U0013,PC0013,Logon
3706,2025-02-03 16:35:27.405605,U0013,PC0013,Logoff
3707,2025-02-03 08:24:00,U0014,PC0014,Logon
3708,2025-02-03 17:45:07.929644,U0014,PC0014,Logoff
3709,2025-02-03 09:06:00,U0015,PC0015,Logon
3710,2025-02-03 17:08:22.009374,U0015,PC0015,Logoff
3711,2025-02-03 08:30:00,U0016,PC0016,Logon
3712,2025-02-03 15:11:03.063061,U0016,PC0016,Logoff
3713,2025-02-03 09:35:00,U0017,PC0017,Logon
3714,2025-02-03 15:27:02.655746,U0017,PC0017,Logoff
3715,2025-02-03 09:50:00,U0018,PC0018,Logon
3716,2025-02-03 17:40:30.646160,U0018,PC0018,Logoff
3717,2025-02-03 10:46:00,U0019,PC0019,Logon
3718,2025-02-03 21:04:28.498502,U0019,PC0019,Logoff
3719,2025-02-03 08:03:00,U0020,PC0020,Logon
3720,2025-02-03 15:56:37.186791,U0020,PC0020,Logoff
3721,2025-02-03 09:31:00,U0021,PC0021,Logon
3722,2025-02-03 19:13:11.421396,U0021,PC0021,Logoff
3723,2025-02-03 08:46:00,U0022,PC0022,Logon
3724,2025-02-03 14:58:49.048325,U0022,PC0022,Logoff
3725,2025-02-03 08:03:00,U0023,PC0023,Logon
3726,2025-02-03 16:37:57.855299,U0023,PC0023,Logoff
3727,2025-02-03 09:03:00,U0024,LAB001,Logon
3728,2025-02-03 18:07:11.177238,U0024,LAB001,Logoff
3729,2025-02-03 08:21:00,U0025,PC0025,Logon
3730,2025-02-03 14:02:01.882093,U0025,PC0025,Logoff
3731,2025-02-03 09:46:00,U0026,PC0026,Logon
3732,2025-02-03 16:56:18.493417,U0026,PC0026,Logoff
3733,2025-02-03 07:47:00,U0027,PC0027,Logon
3734,2025-02-03 15:55:42.229485,U0027,PC0027,Logoff
3735,2025-02-03 09:03:00,U0028,PC0028,Logon
3736,2025-02-03 16:55:40.594324,U0028,PC0028,Logoff
3737,2025-02-03 08:48:00,U0029,PC0029,Logon
3738,2025-02-03 16:38:26.295964,U0029,PC0029,Logoff
3739,2025-02-03 08:09:00,U0030,PC0030,Logon
3740,2025-02-03 14:48:07.030397,U0030,PC0030,Logoff
3741,2025-02-03 08:15:00,U0031,PC0031,Logon
3742,2025-02-03 16:46:16.607658,U0031,PC0031,Logoff
3743,2025-02-03 09:46:00,U0032,PC0032,Logon
3744,2025-02-03 17:56:05.015301,U0032,PC0032,Logoff
3745,2025-02-03 08:40:00,U0033,PC0033,Logon
3746,2025-02-03 16:29:06.588616,U0033,PC0033,Logoff
3747,2025-02-03 07:59:00,U0034,PC0034,Logon
3748,2025-02-03 16:09:42.515990,U0034,PC0034,Logoff
3749,2025-02-03 09:50:00,U0035,PC0035,Logon
3750,2025-02-03 16:21:33.124325,U0035,PC0035,Logoff
3751,2025-02-03 08:09:00,U0036,PC0036,Logon
3752,2025-02-03 16:28:44.784403,U0036,PC0036,Logoff
3753,2025-02-03 09:46:00,U0037,PC0037,Logon
3754,2025-02-03 17:19:06.391381,U0037,PC0037,Logoff
3755,2025-02-03 08:46:00,U0038,PC0038,Logon
3756,2025-02-03 14:47:51.876687,U0038,PC0038,Logoff
3757,2025-02-03 09:16:00,U0039,PC0039,Logon
3758,2025-02-03 19:18:31.473745,U0039,PC0039,Logoff
3759,2025-02-03 09:41:00,U0040,PC0040,Logon
3760,2025-02-03 17:39:39.795675,U0040,PC0040,Logoff
3761,2025-02-03 09:12:00,U0041,PC0041,Logon
3762,2025-02-03 17:11:20.068786,U0041,PC0041,Logoff
3763,2025-02-03 08:31:00,U0042,PC0042,Logon
3764,2025-02-03 17:20:23.807696,U0042,PC0042,Logoff
3765,2025-02-03 09:28:00,U0043,PC0043,Logon
3766,2025-02-03 17:29:03.407707,U0043,PC0043,Logoff
3767,2025-02-03 08:09:00,U0044,PC0044,Logon
3768,2025-02-03 17:27:12.628555,U0044,PC0044,Logoff
3769,2025-02-03 09:40:00,U0045,PC0045,Logon
3770,2025-02-03 17:06:49.484985,U0045,PC0045,Logoff
3771,2025-02-03 09:58:00,U0046,PC0046,Logon
3772,2025-02-03 17:28:08.744982,U0046,PC0046,Logoff
3773,2025-02-03 08:35:00,U0047,PC0047,Logon
3774,2025-02-03 15:49:25.068777,U0047,PC0047,Logoff
3775,2025-02-03 08:23:00,U0048,PC0048,Logon
3776,2025-02-03 16:51:17.552570,U0048,PC0048,Logoff
3777,2025-02-03 08:42:00,U0049,PC0049,Logon
3778,2025-02-03 15:28:17.602207,U0049,PC0049,Logoff
3779,2025-02-03 07:10:00,U0050,PC0050,Logon
3780,2025-02-03 15:04:50.149106,U0050,PC0050,Logoff
3781,2025-02-03 08:09:00,U0051,PC0051,Logon
3782,2025-02-03 15:49:23.893633,U0051,PC0051,Logoff
3783,2025-02-03 08:47:00,U0052,PC0052,Logon
3784,2025-02-03 15:36:39.958488,U0052,PC0052,Logoff
3785,2025-02-03 09:56:00,U0053,PC0053,Logon
3786,2025-02-03 17:22:58.013046,U0053,PC0053,Logoff
3787,2025-02-03 09:55:00,U0054,PC0054,Logon
3788,2025-02-03 17:01:53.104730,U0054,PC0054,Logoff
3789,2025-02-03 09:26:00,U0055,PC0055,Logon
3790,2025-02-03 18:44:11.800934,U0055,PC0055,Logoff
3791,2025-02-03 09:39:00,U0056,LAB006,Logon
3792,2025-02-03 17:14:15.310254,U0056,LAB006,Logoff
3793,2025-02-03 09:14:00,U0057,PC0057,Logon
3794,2025-02-03 16:59:33.605372,U0057,PC0057,Logoff
3795,2025-02-03 09:40:00,U0058,PC0058,Logon
3796,2025-02-03 17:20:27.800212,U0058,PC0058,Logoff
3797,2025-02-03 08:33:00,U0059,PC0059,Logon
3798,2025-02-03 16:45:43.536071,U0059,PC0059,Logoff
3799,2025-02-03 08:20:00,U0060,PC0060,Logon
3800,2025-02-03 15:19:02.836223,U0060,PC0060,Logoff
3801,2025-02-03 08:42:00,U0061,PC0061,Logon
3802,2025-02-03 15:05:59.024024,U0061,PC0061,Logoff
3803,2025-02-03 08:45:00,U0062,PC0062,Logon
3804,2025-02-03 16:54:34.065024,U0062,PC0062,Logoff
3805,2025-02-03 08:54:00,U0063,LAB011,Logon
3806,2025-02-03 17:24:49.012071,U0063,LAB011,Logoff
3807,2025-02-03 09:04:00,U0064,PC0064,Logon
3808,2025-02-03 15:05:53.384832,U0064,PC0064,Logoff
3809,2025-02-03 09:49:00,U0065,PC0065,Logon
3810,2025-02-03 18:37:38.875124,U0065,PC0065,Logoff
3811,2025-02-03 08:29:00,U0066,PC0066,Logon
3812,2025-02-03 16:54:12.689554,U0066,PC0066,Logoff
3813,2025-02-03 08:36:00,U0067,PC0067,Logon
3814,2025-02-03 16:41:51.613356,U0067,PC0067,Logoff
3815,2025-02-03 08:15:00,U0068,PC0068,Logon
3816,2025-02-03 14:27:24.816771,U0068,PC0068,Logoff
3817,2025-02-03 08:29:00,U0069,PC0069,Logon
3818,2025-02-03 16:21:34.575793,U0069,PC0069,Logoff
3819,2025-02-03 08:28:00,U0070,PC0070,Logon
3820,2025-02-03 15:16:57.489990,U0070,PC0070,Logoff
3821,2025-02-03 08:16:00,U0071,PC0071,Logon
3822,2025-02-03 16:32:09.461109,U0071,PC0071,Logoff
3823,2025-02-03 08:18:00,U0072,PC0072,Logon
3824,2025-02-03 16:28:57.003710,U0072,PC0072,Logoff
3825,2025-02-03 08:21:00,U0073,PC0073,Logon
3826,2025-02-03 17:31:18.184493,U0073,PC0073,Logoff
3827,2025-02-03 08:47:00,U0074,PC0074,Logon
3828,2025-02-03 17:16:15.217070,U0074,PC0074,Logoff
3829,2025-02-03 09:34:00,U0075,PC0075,Logon
3830,2025-02-03 18:02:51.269134,U0075,PC0075,Logoff
3831,2025-02-03 08:13:00,U0076,PC0076,Logon
3832,2025-02-03 15:41:18.130632,U0076,PC0076,Logoff
3833,2025-02-03 09:01:00,U0077,PC0077,Logon
3834,2025-02-03 15:35:37.290269,U0077,PC0077,Logoff
3835,2025-02-03 08:03:00,U0078,LAB009,Logon
3836,2025-02-03 15:39:08.792044,U0078,LAB009,Logoff
3837,2025-02-03 09:22:00,U0079,PC0079,Logon
3838,2025-02-03 17:44:47.163490,U0079,PC0079,Logoff
3839,2025-02-03 08:26:00,U0080,PC0080,Logon
3840,2025-02-03 16:07:22.892261,U0080,PC0080,Logoff
3841,2025-02-04 08:13:00,U0001,PC0001,Logon
3842,2025-02-04 15:30:24.759628,U0001,PC0001,Logoff
3843,2025-02-04 09:36:00,U0002,PC0002,Logon
3844,2025-02-04 16:13:41.724735,U0002,PC0002,Logoff
3845,2025-02-04 09:20:00,U0003,PC0003,Logon
3846,2025-02-04 18:09:41.626885,U0003,PC0003,Logoff
3847,2025-02-04 09:54:00,U0004,PC0004,Logon
3848,2025-02-04 17:26:13.417757,U0004,PC0004,Logoff
3849,2025-02-04 08:10:00,U0005,PC0005,Logon
3850,2025-02-04 14:44:00.653468,U0005,PC0005,Logoff
3851,2025-02-04 08:04:00,U0006,PC0006,Logon
3852,2025-02-04 16:33:37.157452,U0006,PC0006,Logoff
3853,2025-02-04 09:26:00,U0007,LAB018,Logon
3854,2025-02-04 16:19:34.235460,U0007,LAB018,Logoff
3855,2025-02-04 08:45:00,U0008,PC0008,Logon
3856,2025-02-04 16:35:55.322807,U0008,PC0008,Logoff
3857,2025-02-04 08:23:00,U0009,PC0009,Logon
3858,2025-02-04 16:58:28.857270,U0009,PC0009,Logoff
3859,2025-02-04 08:07:00,U0010,PC0010,Logon
3860,2025-02-04 15:55:16.594736,U0010,PC0010,Logoff
3861,2025-02-04 08:32:00,U0011,PC0011,Logon
3862,2025-02-04 15:44:38.381379,U0011,PC0011,Logoff
3863,2025-02-04 08:23:00,U0012,PC0012,Logon
3864,2025-02-04 16:10:03.805517,U0012,PC0012,Logoff
3865,2025-02-04 08:19:00,U0013,PC0013,Logon
3866,2025-02-04 15:35:17.538162,U0013,PC0013,Logoff
3867,2025-02-04 09:02:00,U0014,PC0014,Logon
3868,2025-02-04 18:41:13.022167,U0014,PC0014,Logoff
3869,2025-02-04 09:33:00,U0015,PC0015,Logon
3870,2025-02-04 18:32:46.025574,U0015,PC0015,Logoff
3871,2025-02-04 08:58:00,U0016,PC0016,Logon
3872,2025-02-04 17:07:27.941181,U0016,PC0016,Logoff
3873,2025-02-04 08:37:00,U0017,PC0017,Logon
3874,2025-02-04 15:08:23.070261,U0017,PC0017,Logoff
3875,2025-02-04 08:57:00,U0018,PC0018,Logon
3876,2025-02-04 18:08:30.837604,U0018,PC0018,Logoff
3877,2025-02-04 09:24:00,U0019,PC0019,Logon
3878,2025-02-04 17:38:34.816999,U0019,PC0019,Logoff
3879,2025-02-04 08:48:00,U0020,PC0020,Logon
3880,2025-02-04 16:36:13.389655,U0020,PC0020,Logoff
3881,2025-02-04 09:35:00,U0021,PC0021,Logon
3882,2025-02-04 17:45:31.930426,U0021,PC0021,Logoff
3883,2025-02-04 08:00:00,U0022,PC0022,Logon
3884,2025-02-04 15:06:34.855747,U0022,PC0022,Logoff
3885,2025-02-04 08:22:00,U0023,PC0023,Logon
3886,2025-02-04 16:54:10.647274,U0023,PC0023,Logoff
3887,2025-02-04 07:45:00,U0024,PC0024,Logon
3888,2025-02-04 15:35:16.353688,U0024,PC0024,Logoff
3889,2025-02-04 09:01:00,U0025,PC0025,Logon
3890,2025-02-04 17:51:58.603159,U0025,PC0025,Logoff
3891,2025-02-04 09:38:00,U0026,PC0026,Logon
3892,2025-02-04 18:12:57.256748,U0026,PC0026,Logoff
3893,2025-02-04 08:18:00,U0027,PC0027,Logon
3894,2025-02-04 14:23:31.192306,U0027,PC0027,Logoff
3895,2025-02-04 08:09:00,U0028,PC0028,Logon
3896,2025-02-04 17:09:05.874571,U0028,PC0028,Logoff
3897,2025-02-04 09:09:00,U0029,PC0029,Logon
3898,2025-02-04 17:51:37.976768,U0029,PC0029,Logoff
3899,2025-02-04 09:08:00,U0030,PC0030,Logon
3900,2025-02-04 17:30:46.702734,U0030,PC0030,Logoff
3901,2025-02-04 08:17:00,U0031,PC0031,Logon
3902,2025-02-04 16:09:11.782943,U0031,PC0031,Logoff
3903,2025-02-04 09:30:00,U0032,PC0032,Logon
3904,2025-02-04 16:33:26.791179,U0032,PC0032,Logoff
3905,2025-02-04 09:06:00,U0033,PC0033,Logon
3906,2025-02-04 16:46:40.698644,U0033,PC0033,Logoff
3907,2025-02-04 09:40:00,U0034,PC0034,Logon
3908,2025-02-04 16:15:35.465966,U0034,PC0034,Logoff
3909,2025-02-04 09:52:00,U0035,PC0035,Logon
3910,2025-02-04 17:07:47.627511,U0035,PC0035,Logoff
3911,2025-02-04 08:38:00,U0036,PC0036,Logon
3912,2025-02-04 16:51:06.722553,U0036,PC0036,Logoff
3913,2025-02-04 09:17:00,U0037,PC0037,Logon
3914,2025-02-04 16:26:18.210821,U0037,PC0037,Logoff
3915,2025-02-04 08:46:00,U0038,PC0038,Logon
3916,2025-02-04 16:40:29.358848,U0038,PC0038,Logoff
3917,2025-02-04 08:30:00,U0039,PC0039,Logon
3918,2025-02-04 17:02:53.950659,U0039,PC0039,Logoff
3919,2025-02-04 09:05:00,U0040,PC0040,Logon
3920,2025-02-04 17:01:26.105347,U0040,PC0040,Logoff
3921,2025-02-04 09:03:00,U0041,PC0041,Logon
3922,2025-02-04 17:16:27.245080,U0041,PC0041,Logoff
3923,2025-02-04 08:36:00,U0042,PC0042,Logon
3924,2025-02-04 14:59:18.357507,U0042,PC0042,Logoff
3925,2025-02-04 08:48:00,U0043,PC0043,Logon
3926,2025-02-04 16:27:49.006997,U0043,PC0043,Logoff
3927,2025-02-04 09:27:00,U0044,PC0044,Logon
3928,2025-02-04 17:54:44.941047,U0044,PC0044,Logoff
3929,2025-02-04 08:45:00,U0045,PC0045,Logon
3930,2025-02-04 16:55:20.115791,U0045,PC0045,Logoff
3931,2025-02-04 09:08:00,U0046,PC0046,Logon
3932,2025-02-04 18:39:40.912894,U0046,PC0046,Logoff
3933,2025-02-04 09:10:00,U0047,PC0047,Logon
3934,2025-02-04 17:55:39.047956,U0047,PC0047,Logoff
3935,2025-02-04 09:01:00,U0048,PC0048,Logon
3936,2025-02-04 17:24:17.923220,U0048,PC0048,Logoff
3937,2025-02-04 09:23:00,U0049,LAB008,Logon
3938,2025-02-04 16:03:02.001369,U0049,LAB008,Logoff
3939,2025-02-04 08:43:00,U0050,PC0050,Logon
3940,2025-02-04 15:56:38.752504,U0050,PC0050,Logoff
3941,2025-02-04 09:35:00,U0051,PC0051,Logon
3942,2025-02-04 18:48:48.799832,U0051,PC0051,Logoff
3943,2025-02-04 08:13:00,U0052,PC0052,Logon
3944,2025-02-04 13:49:34.904277,U0052,PC0052,Logoff
3945,2025-02-04 08:56:00,U0053,PC0053,Logon
3946,2025-02-04 17:50:48.505435,U0053,PC0053,Logoff
3947,2025-02-04 09:45:00,U0054,PC0054,Logon
3948,2025-02-04 18:10:41.470492,U0054,PC0054,Logoff
3949,2025-02-04 23:23:00,U0055,PC0055,Logon
3950,2025-02-05 06:06:15.489350,U0055,PC0055,Logoff
3951,2025-02-04 09:33:00,U0056,LAB016,Logon
3952,2025-02-04 16:42:56.585484,U0056,LAB016,Logoff
3953,2025-02-04 10:30:00,U0057,PC0057,Logon
3954,2025-02-04 19:04:13.825950,U0057,PC0057,Logoff
3955,2025-02-04 08:30:00,U0058,PC0058,Logon
3956,2025-02-04 15:53:19.013109,U0058,PC0058,Logoff
3957,2025-02-04 08:53:00,U0059,PC0059,Logon
3958,2025-02-04 16:38:37.793081,U0059,PC0059,Logoff
3959,2025-02-04 09:12:00,U0060,PC0060,Logon
3960,2025-02-04 17:23:11.098211,U0060,PC0060,Logoff
3961,2025-02-04 08:10:00,U0061,PC0061,Logon
3962,2025-02-04 18:03:25.586467,U0061,PC0061,Logoff
3963,2025-02-04 09:02:00,U0062,PC0062,Logon
3964,2025-02-04 17:48:07.822833,U0062,PC0062,Logoff
3965,2025-02-04 08:40:00,U0063,PC0063,Logon
3966,2025-02-04 17:01:47.216260,U0063,PC0063,Logoff
3967,2025-02-04 09:57:00,U0064,PC0064,Logon
3968,2025-02-04 16:03:37.262548,U0064,PC0064,Logoff
3969,2025-02-04 10:19:00,U0065,PC0065,Logon
3970,2025-02-04 19:36:26.320059,U0065,PC0065,Logoff
3971,2025-02-04 08:31:00,U0066,PC0066,Logon
3972,2025-02-04 15:24:51.828934,U0066,PC0066,Logoff
3973,2025-02-04 09:10:00,U0067,PC0067,Logon
3974,2025-02-04 17:15:12.111718,U0067,PC0067,Logoff
3975,2025-02-04 09:25:00,U0068,PC0068,Logon
3976,2025-02-04 17:36:29.678626,U0068,PC0068,Logoff
3977,2025-02-04 09:57:00,U0069,PC0069,Logon
3978,2025-02-04 19:23:50.300518,U0069,PC0069,Logoff
3979,2025-02-04 09:48:00,U0070,PC0070,Logon
3980,2025-02-04 16:45:01.240204,U0070,PC0070,Logoff
3981,2025-02-04 09:55:00,U0071,PC0071,Logon
3982,2025-02-04 19:33:26.212429,U0071,PC0071,Logoff
3983,2025-02-04 10:29:00,U0072,PC0072,Logon
3984,2025-02-04 17:21:35.421480,U0072,PC0072,Logoff
3985,2025-02-04 09:01:00,U0073,PC0073,Logon
3986,2025-02-04 14:56:04.444669,U0073,PC0073,Logoff
3987,2025-02-04 09:07:00,U0074,PC0074,Logon
3988,2025-02-04 16:34:06.478927,U0074,PC0074,Logoff
3989,2025-02-04 09:44:00,U0075,PC0075,Logon
3990,2025-02-04 16:57:31.386108,U0075,PC0075,Logoff
3991,2025-02-04 08:55:00,U0076,PC0076,Logon
3992,2025-02-04 16:26:43.450533,U0076,PC0076,Logoff
3993,2025-02-04 08:07:00,U0077,PC0077,Logon
3994,2025-02-04 16:52:03.958036,U0077,PC0077,Logoff
3995,2025-02-04 07:48:00,U0078,PC0078,Logon
3996,2025-02-04 15:49:42.447292,U0078,PC0078,Logoff
3997,2025-02-04 07:12:00,U0079,PC0079,Logon
3998,2025-02-04 14:52:46.927904,U0079,PC0079,Logoff
3999,2025-02-04 09:10:00,U0080,PC0080,Logon
4000,2025-02-04 17:31:38.332409,U0080,PC0080,Logoff
4001,2025-02-05 08:45:00,U0001,PC0001,Logon
4002,2025-02-05 16:43:07.667440,U0001,PC0001,Logoff
4003,2025-02-05 09:29:00,U0002,PC0002,Logon
4004,2025-02-05 17:57:21.469245,U0002,PC0002,Logoff
4005,2025-02-05 08:11:00,U0003,PC0003,Logon
4006,2025-02-05 16:46:33.242186,U0003,PC0003,Logoff
4007,2025-02-05 07:46:00,U0004,PC0004,Logon
4008,2025-02-05 15:08:12.415611,U0004,PC0004,Logoff
4009,2025-02-05 08:08:00,U0005,PC0005,Logon
4010,2025-02-05 16:45:59.976574,U0005,PC0005,Logoff
4011,2025-02-05 09:23:00,U0006,PC0006,Logon
4012,2025-02-05 15:58:39.973006,U0006,PC0006,Logoff
4013,2025-02-05 08:52:00,U0007,PC0007,Logon
4014,2025-02-05 17:03:55.248034,U0007,PC0007,Logoff
4015,2025-02-05 08:40:00,U0008,PC0008,Logon
4016,2025-02-05 16:05:15.153205,U0008,PC0008,Logoff
4017,2025-02-05 08:14:00,U0009,PC0009,Logon
4018,2025-02-05 16:55:46.204790,U0009,PC0009,Logoff
4019,2025-02-05 08:34:00,U0010,PC0010,Logon
4020,2025-02-05 16:28:42.871521,U0010,PC0010,Logoff
4021,2025-02-05 10:58:00,U0011,PC0011,Logon
4022,2025-02-05 17:32:34.742507,U0011,PC0011,Logoff
4023,2025-02-05 08:33:00,U0012,PC0012,Logon
4024,2025-02-05 17:20:00.922793,U0012,PC0012,Logoff
4025,2025-02-05 08:26:00,U0013,PC0013,Logon
4026,2025-02-05 16:06:54.344900,U0013,PC0013,Logoff
4027,2025-02-05 08:19:00,U0014,PC0014,Logon
4028,2025-02-05 16:03:24.719493,U0014,PC0014,Logoff
4029,2025-02-05 09:18:00,U0015,PC0015,Logon
4030,2025-02-05 18:06:07.662451,U0015,PC0015,Logoff
4031,2025-02-05 09:27:00,U0016,PC0016,Logon
4032,2025-02-05 16:02:01.582599,U0016,PC0016,Logoff
4033,2025-02-05 08:11:00,U0017,PC0017,Logon
4034,2025-02-05 13:20:39.316826,U0017,PC0017,Logoff
4035,2025-02-05 08:49:00,U0018,PC0018,Logon
4036,2025-02-05 17:46:24.131471,U0018,PC0018,Logoff
4037,2025-02-05 09:29:00,U0019,PC0019,Logon
4038,2025-02-05 17:15:42.552253,U0019,PC0019,Logoff
4039,2025-02-05 08:12:00,U0020,PC0020,Logon
4040,2025-02-05 15:30:40.012047,U0020,PC0020,Logoff
4041,2025-02-05 09:29:00,U0021,PC0021,Logon
4042,2025-02-05 18:14:57.161806,U0021,PC0021,Logoff
4043,2025-02-05 08:01:00,U0022,PC0022,Logon
4044,2025-02-05 16:18:58.731676,U0022,PC0022,Logoff
4045,2025-02-05 09:28:00,U0023,PC0023,Logon
4046,2025-02-05 17:03:05.638960,U0023,PC0023,Logoff
4047,2025-02-05 09:22:00,U0024,PC0024,Logon
4048,2025-02-05 20:10:52.756000,U0024,PC0024,Logoff
4049,2025-02-05 08:23:00,U0025,PC0025,Logon
4050,2025-02-05 16:46:35.905380,U0025,PC0025,Logoff
4051,2025-02-05 08:27:00,U0026,PC0026,Logon
4052,2025-02-05 16:37:52.504185,U0026,PC0026,Logoff
4053,2025-02-05 09:13:00,U0027,PC0027,Logon
4054,2025-02-05 17:24:41.432425,U0027,PC0027,Logoff
4055,2025-02-05 08:01:00,U0028,PC0028,Logon
4056,2025-02-05 16:13:22.902377,U0028,PC0028,Logoff
4057,2025-02-05 09:51:00,U0029,PC0029,Logon
4058,2025-02-05 18:17:55.088752,U0029,PC0029,Logoff
4059,2025-02-05 09:00:00,U0030,PC0030,Logon
4060,2025-02-05 16:45:46.756908,U0030,PC0030,Logoff
4061,2025-02-05 09:03:00,U0031,PC0031,Logon
4062,2025-02-05 17:19:45.364218,U0031,PC0031,Logoff
4063,2025-02-05 08:43:00,U0032,LAB017,Logon
4064,2025-02-05 17:02:06.675617,U0032,LAB017,Logoff
4065,2025-02-05 08:47:00,U0033,PC0033,Logon
4066,2025-02-05 16:09:01.631010,U0033,PC0033,Logoff
4067,2025-02-05 09:00:00,U0034,PC0034,Logon
4068,2025-02-05 17:17:50.079384,U0034,PC0034,Logoff
4069,2025-02-05 08:15:00,U0035,PC0035,Logon
4070,2025-02-05 17:18:14.348776,U0035,PC0035,Logoff
4071,2025-02-05 09:11:00,U0036,PC0036,Logon
4072,2025-02-05 16:28:42.977632,U0036,PC0036,Logoff
4073,2025-02-05 08:14:00,U0037,PC0037,Logon
4074,2025-02-05 16:05:18.343515,U0037,PC0037,Logoff
4075,2025-02-05 08:14:00,U0038,PC0038,Logon
4076,2025-02-05 16:20:47.305645,U0038,PC0038,Logoff
4077,2025-02-05 08:06:00,U0039,PC0039,Logon
4078,2025-02-05 14:05:33.155301,U0039,PC0039,Logoff
4079,2025-02-05 08:31:00,U0040,PC0040,Logon
4080,2025-02-05 16:12:39.771200,U0040,PC0040,Logoff
4081,2025-02-05 09:38:00,U0041,PC0041,Logon
4082,2025-02-05 16:56:06.481171,U0041,PC0041,Logoff
4083,2025-02-05 09:12:00,U0042,PC0042,Logon
4084,2025-02-05 15:17:18.094018,U0042,PC0042,Logoff
4085,2025-02-05 09:36:00,U0043,PC0043,Logon
4086,2025-02-05 17:22:32.451705,U0043,PC0043,Logoff
4087,2025-02-05 09:55:00,U0044,PC0044,Logon
4088,2025-02-05 17:59:47.285343,U0044,PC0044,Logoff
4089,2025-02-05 09:13:00,U0045,PC0045,Logon
4090,2025-02-05 16:49:45.496928,U0045,PC0045,Logoff
4091,2025-02-05 08:01:00,U0046,PC0046,Logon
4092,2025-02-05 17:26:13.815434,U0046,PC0046,Logoff
4093,2025-02-05 08:28:00,U0047,PC0047,Logon
4094,2025-02-05 16:41:17.610505,U0047,PC0047,Logoff
4095,2025-02-05 09:21:00,U0048,PC0048,Logon
4096,2025-02-05 16:19:04.961128,U0048,PC0048,Logoff
4097,2025-02-05 09:06:00,U0049,PC0049,Logon
4098,2025-02-05 16:30:36.378877,U0049,PC0049,Logoff
4099,2025-02-05 08:04:00,U0050,PC0050,Logon
4100,2025-02-05 16:08:20.204275,U0050,PC0050,Logoff
4101,2025-02-05 08:13:00,U0051,PC0051,Logon
4102,2025-02-05 15:26:16.186646,U0051,PC0051,Logoff
4103,2025-02-05 09:33:00,U0052,PC0052,Logon
4104,2025-02-05 18:26:10.288279,U0052,PC0052,Logoff
4105,2025-02-05 08:54:00,U0053,PC0053,Logon
4106,2025-02-05 17:08:35.244451,U0053,PC0053,Logoff
4107,2025-02-05 08:17:00,U0054,PC0054,Logon
4108,2025-02-05 17:38:23.700189,U0054,PC0054,Logoff
4109,2025-02-05 08:05:00,U0055,PC0055,Logon
4110,2025-02-05 16:18:54.631532,U0055,PC0055,Logoff
4111,2025-02-05 09:50:00,U0056,PC0056,Logon
4112,2025-02-05 17:03:21.462655,U0056,PC0056,Logoff
4113,2025-02-05 09:35:00,U0057,LAB020,Logon
4114,2025-02-05 16:03:10.338925,U0057,LAB020,Logoff
4115,2025-02-05 09:55:00,U0058,PC0058,Logon
4116,2025-02-05 17:32:38.367898,U0058,PC0058,Logoff
4117,2025-02-05 08:54:00,U0059,PC0059,Logon
4118,2025-02-05 15:00:35.963384,U0059,PC0059,Logoff
4119,2025-02-05 08:10:00,U0060,LAB015,Logon
4120,2025-02-05 15:07:36.696488,U0060,LAB015,Logoff
4121,2025-02-05 08:50:00,U0061,PC0061,Logon
4122,2025-02-05 16:41:45.680523,U0061,PC0061,Logoff
4123,2025-02-05 09:26:00,U0062,PC0062,Logon
4124,2025-02-05 17:38:27.372065,U0062,PC0062,Logoff
4125,2025-02-05 09:49:00,U0063,PC0063,Logon
4126,2025-02-05 16:43:16.130200,U0063,PC0063,Logoff
4127,2025-02-05 08:57:00,U0064,PC0064,Logon
4128,2025-02-05 18:44:55.410066,U0064,PC0064,Logoff
4129,2025-02-05 08:59:00,U0065,PC0065,Logon
4130,2025-02-05 18:38:22.349707,U0065,PC0065,Logoff
4131,2025-02-05 08:19:00,U0066,PC0066,Logon
4132,2025-02-05 16:19:08.236570,U0066,PC0066,Logoff
4133,2025-02-05 09:26:00,U0067,PC0067,Logon
4134,2025-02-05 18:42:18.812719,U0067,PC0067,Logoff
4135,2025-02-05 08:21:00,U0068,PC0068,Logon
4136,2025-02-05 15:57:42.325007,U0068,PC0068,Logoff
4137,2025-02-05 08:35:00,U0069,PC0069,Logon
4138,2025-02-05 16:55:16.647102,U0069,PC0069,Logoff
4139,2025-02-05 09:25:00,U0070,PC0070,Logon
4140,2025-02-05 17:25:15.227492,U0070,PC0070,Logoff
4141,2025-02-05 09:09:00,U0071,PC0071,Logon
4142,2025-02-05 18:47:18.095036,U0071,PC0071,Logoff
4143,2025-02-05 09:34:00,U0072,PC0072,Logon
4144,2025-02-05 17:52:41.950282,U0072,PC0072,Logoff
4145,2025-02-05 08:45:00,U0073,PC0073,Logon
4146,2025-02-05 14:07:09.371507,U0073,PC0073,Logoff
4147,2025-02-05 09:41:00,U0074,PC0074,Logon
4148,2025-02-05 17:35:18.632767,U0074,PC0074,Logoff
4149,2025-02-05 08:23:00,U0075,PC0075,Logon
4150,2025-02-05 16:37:36.708735,U0075,PC0075,Logoff
4151,2025-02-05 08:19:00,U0076,PC0076,Logon
4152,2025-02-05 17:26:40.008902,U0076,PC0076,Logoff
4153,2025-02-05 09:40:00,U0077,PC0077,Logon
4154,2025-02-05 16:55:11.076174,U0077,PC0077,Logoff
4155,2025-02-05 09:09:00,U0078,PC0078,Logon
4156,2025-02-05 16:55:58.328130,U0078,PC0078,Logoff
4157,2025-02-05 09:13:00,U0079,PC0079,Logon
4158,2025-02-05 16:44:21.321458,U0079,PC0079,Logoff
4159,2025-02-05 08:33:00,U0080,LAB008,Logon
4160,2025-02-05 16:38:03.005629,U0080,LAB008,Logoff
4161,2025-02-06 09:51:00,U0001,PC0001,Logon
4162,2025-02-06 18:19:47.377327,U0001,PC0001,Logoff
4163,2025-02-06 08:40:00,U0002,PC0002,Logon
4164,2025-02-06 14:49:49.104778,U0002,PC0002,Logoff
4165,2025-02-06 08:33:00,U0003,PC0003,Logon
4166,2025-02-06 17:20:37.746482,U0003,PC0003,Logoff
4167,2025-02-06 08:18:00,U0004,PC0004,Logon
4168,2025-02-06 16:03:13.019751,U0004,PC0004,Logoff
4169,2025-02-06 09:44:00,U0005,PC0005,Logon
4170,2025-02-06 17:01:16.896382,U0005,PC0005,Logoff
4171,2025-02-06 08:54:00,U0006,PC0006,Logon
4172,2025-02-06 16:44:21.727970,U0006,PC0006,Logoff
4173,2025-02-06 08:03:00,U0007,PC0007,Logon
4174,2025-02-06 15:05:01.513249,U0007,PC0007,Logoff
4175,2025-02-06 08:04:00,U0008,LAB007,Logon
4176,2025-02-06 16:33:29.420330,U0008,LAB007,Logoff
4177,2025-02-06 08:01:00,U0009,PC0009,Logon
4178,2025-02-06 16:19:25.131862,U0009,PC0009,Logoff
4179,2025-02-06 09:18:00,U0010,PC0010,Logon
4180,2025-02-06 16:57:25.636098,U0010,PC0010,Logoff
4181,2025-02-06 09:53:00,U0011,PC0011,Logon
4182,2025-02-06 17:22:26.831895,U0011,PC0011,Logoff
4183,2025-02-06 08:02:00,U0012,PC0012,Logon
4184,2025-02-06 15:26:54.332448,U0012,PC0012,Logoff
4185,2025-02-06 08:28:00,U0013,PC0013,Logon
4186,2025-02-06 16:49:34.112871,U0013,PC0013,Logoff
4187,2025-02-06 10:52:00,U0014,PC0014,Logon
4188,2025-02-06 18:09:02.243629,U0014,PC0014,Logoff
4189,2025-02-06 08:16:00,U0015,PC0015,Logon
4190,2025-02-06 16:12:12.757153,U0015,PC0015,Logoff
4191,2025-02-06 09:26:00,U0016,PC0016,Logon
4192,2025-02-06 17:41:48.782923,U0016,PC0016,Logoff
4193,2025-02-06 09:58:00,U0017,PC0017,Logon
4194,2025-02-06 15:32:24.988546,U0017,PC0017,Logoff
4195,2025-02-06 07:59:00,U0018,PC0018,Logon
4196,2025-02-06 15:29:14.838581,U0018,PC0018,Logoff
4197,2025-02-06 09:44:00,U0019,PC0019,Logon
4198,2025-02-06 16:10:03.667086,U0019,PC0019,Logoff
4199,2025-02-06 07:04:00,U0020,PC0020,Logon
4200,2025-02-06 15:38:16.245862,U0020,PC0020,Logoff
4201,2025-02-06 09:46:00,U0021,LAB010,Logon
4202,2025-02-06 16:40:35.249736,U0021,LAB010,Logoff
4203,2025-02-06 08:31:00,U0022,PC0022,Logon
4204,2025-02-06 15:32:48.922609,U0022,PC0022,Logoff
4205,2025-02-06 09:43:00,U0023,PC0023,Logon
4206,2025-02-06 17:05:25.265006,U0023,PC0023,Logoff
4207,2025-02-06 09:56:00,U0024,PC0024,Logon
4208,2025-02-06 15:04:43.344014,U0024,PC0024,Logoff
4209,2025-02-06 08:28:00,U0025,PC0025,Logon
4210,2025-02-06 15:20:26.205741,U0025,PC0025,Logoff
4211,2025-02-06 08:46:00,U0026,PC0026,Logon
4212,2025-02-06 16:13:43.028069,U0026,PC0026,Logoff
4213,2025-02-06 09:45:00,U0027,PC0027,Logon
4214,2025-02-06 15:53:26.387622,U0027,PC0027,Logoff
4215,2025-02-06 09:09:00,U0028,PC0028,Logon
4216,2025-02-06 17:42:30.011124,U0028,PC0028,Logoff
4217,2025-02-06 09:40:00,U0029,PC0029,Logon
4218,2025-02-06 17:11:05.642504,U0029,PC0029,Logoff
4219,2025-02-06 09:43:00,U0030,PC0030,Logon
4220,2025-02-06 15:54:46.093947,U0030,PC0030,Logoff
4221,2025-02-06 07:54:00,U0031,PC0031,Logon
4222,2025-02-06 16:44:41.187753,U0031,PC0031,Logoff
4223,2025-02-06 08:30:00,U0032,PC0032,Logon
4224,2025-02-06 17:40:42.645683,U0032,PC0032,Logoff
4225,2025-02-06 08:56:00,U0033,PC0033,Logon
4226,2025-02-06 17:27:11.647702,U0033,PC0033,Logoff
4227,2025-02-06 09:32:00,U0034,PC0034,Logon
4228,2025-02-06 17:57:10.940190,U0034,PC0034,Logoff
4229,2025-02-06 09:03:00,U0035,PC0035,Logon
4230,2025-02-06 17:03:30.801891,U0035,PC0035,Logoff
4231,2025-02-06 08:29:00,U0036,PC0036,Logon
4232,2025-02-06 17:50:20.062569,U0036,PC0036,Logoff
4233,2025-02-06 08:08:00,U0037,PC0037,Logon
4234,2025-02-06 16:38:16.139723,U0037,PC0037,Logoff
4235,2025-02-06 08:26:00,U0038,PC0038,Logon
4236,2025-02-06 15:15:13.945208,U0038,PC0038,Logoff
4237,2025-02-06 09:22:00,U0039,PC0039,Logon
4238,2025-02-06 17:01:09.711760,U0039,PC0039,Logoff
4239,2025-02-06 09:25:00,U0040,PC0040,Logon
4240,2025-02-06 17:20:18.369627,U0040,PC0040,Logoff
4241,2025-02-06 08:52:00,U0041,PC0041,Logon
4242,2025-02-06 17:45:31.443359,U0041,PC0041,Logoff
4243,2025-02-06 08:37:00,U0042,PC0042,Logon
4244,2025-02-06 17:18:55.279729,U0042,PC0042,Logoff
4245,2025-02-06 09:50:00,U0043,PC0043,Logon
4246,2025-02-06 16:17:24.774379,U0043,PC0043,Logoff
4247,2025-02-06 09:33:00,U0044,PC0044,Logon
4248,2025-02-06 19:44:46.403312,U0044,PC0044,Logoff
4249,2025-02-06 09:26:00,U0045,PC0045,Logon
4250,2025-02-06 17:22:32.936089,U0045,PC0045,Logoff
4251,2025-02-06 09:58:00,U0046,PC0046,Logon
4252,2025-02-06 18:10:38.406475,U0046,PC0046,Logoff
4253,2025-02-06 09:48:00,U0047,PC0047,Logon
4254,2025-02-06 16:42:30.149380,U0047,PC0047,Logoff
4255,2025-02-06 09:06:00,U0048,PC0048,Logon
4256,2025-02-06 18:08:07.596299,U0048,PC0048,Logoff
4257,2025-02-06 08:27:00,U0049,PC0049,Logon
4258,2025-02-06 17:52:28.184956,U0049,PC0049,Logoff
4259,2025-02-06 08:26:00,U0050,PC0050,Logon
4260,2025-02-06 15:32:44.029758,U0050,PC0050,Logoff
4261,2025-02-06 09:07:00,U0051,PC0051,Logon
4262,2025-02-06 16:49:47.540751,U0051,PC0051,Logoff
4263,2025-02-06 09:10:00,U0052,PC0052,Logon
4264,2025-02-06 16:52:29.668924,U0052,PC0052,Logoff
4265,2025-02-06 08:30:00,U0053,PC0053,Logon
4266,2025-02-06 16:59:36.816736,U0053,PC0053,Logoff
4267,2025-02-06 09:42:00,U0054,PC0054,Logon
4268,2025-02-06 15:42:16.085590,U0054,PC0054,Logoff
4269,2025-02-06 08:22:00,U0055,PC0055,Logon
4270,2025-02-06 17:17:45.875945,U0055,PC0055,Logoff
4271,2025-02-06 08:37:00,U0056,PC0056,Logon
4272,2025-02-06 16:05:34.567310,U0056,PC0056,Logoff
4273,2025-02-06 08:48:00,U0057,PC0057,Logon
4274,2025-02-06 15:43:12.949243,U0057,PC0057,Logoff
4275,2025-02-06 07:07:00,U0058,PC0058,Logon
4276,2025-02-06 15:00:55.389413,U0058,PC0058,Logoff
4277,2025-02-06 08:13:00,U0059,PC0059,Logon
4278,2025-02-06 15:15:00.283592,U0059,PC0059,Logoff
4279,2025-02-06 08:22:00,U0060,PC0060,Logon
4280,2025-02-06 16:43:50.294271,U0060,PC0060,Logoff
4281,2025-02-06 10:37:00,U0061,PC0061,Logon
4282,2025-02-06 17:06:17.219690,U0061,PC0061,Logoff
4283,2025-02-06 09:40:00,U0062,PC0062,Logon
4284,2025-02-06 18:38:23.165620,U0062,PC0062,Logoff
4285,2025-02-06 08:41:00,U0063,LAB004,Logon
4286,2025-02-06 16:53:11.649437,U0063,LAB004,Logoff
4287,2025-02-06 08:31:00,U0064,PC0064,Logon
4288,2025-02-06 16:42:08.478890,U0064,PC0064,Logoff
4289,2025-02-06 09:41:00,U0065,PC0065,Logon
4290,2025-02-06 18:17:20.182437,U0065,PC0065,Logoff
4291,2025-02-06 09:09:00,U0066,PC0066,Logon
4292,2025-02-06 16:43:10.886448,U0066,PC0066,Logoff
4293,2025-02-06 08:30:00,U0067,PC0067,Logon
4294,2025-02-06 16:17:29.514442,U0067,PC0067,Logoff
4295,2025-02-06 09:50:00,U0068,PC0068,Logon
4296,2025-02-06 16:18:22.195716,U0068,PC0068,Logoff
4297,2025-02-06 08:50:00,U0069,PC0069,Logon
4298,2025-02-06 16:57:34.563850,U0069,PC0069,Logoff
4299,2025-02-06 08:39:00,U0070,LAB016,Logon
4300,2025-02-06 15:51:26.915590,U0070,LAB016,Logoff
4301,2025-02-06 08:49:00,U0071,PC0071,Logon
4302,2025-02-06 15:27:03.777345,U0071,PC0071,Logoff
4303,2025-02-06 08:16:00,U0072,PC0072,Logon
4304,2025-02-06 16:58:12.340500,U0072,PC0072,Logoff
4305,2025-02-06 08:27:00,U0073,PC0073,Logon
4306,2025-02-06 14:51:07.660316,U0073,PC0073,Logoff
4307,2025-02-06 08:14:00,U0074,PC0074,Logon
4308,2025-02-06 16:57:55.039809,U0074,PC0074,Logoff
4309,2025-02-06 08:46:00,U0075,PC0075,Logon
4310,2025-02-06 16:18:07.508119,U0075,PC0075,Logoff
4311,2025-02-06 09:51:00,U0076,LAB012,Logon
4312,2025-02-06 16:06:15.453242,U0076,LAB012,Logoff
4313,2025-02-06 09:58:00,U0077,PC0077,Logon
4314,2025-02-06 18:21:00.366113,U0077,PC0077,Logoff
4315,2025-02-06 08:22:00,U0078,PC0078,Logon
4316,2025-02-06 17:22:21.328242,U0078,PC0078,Logoff
4317,2025-02-06 08:13:00,U0079,PC0079,Logon
4318,2025-02-06 17:20:40.472376,U0079,PC0079,Logoff
4319,2025-02-06 09:02:00,U0080,PC0080,Logon
4320,2025-02-06 16:41:48.410676,U0080,PC0080,Logoff
4321,2025-02-07 08:00:00,U0001,PC0001,Logon
4322,2025-02-07 15:53:33.846843,U0001,PC0001,Logoff
4323,2025-02-07 09:40:00,U0002,PC0002,Logon
4324,2025-02-07 16:35:23.955141,U0002,PC0002,Logoff
4325,2025-02-07 08:04:00,U0003,PC0003,Logon
4326,2025-02-07 17:06:10.690411,U0003,PC0003,Logoff
4327,2025-02-07 08:06:00,U0004,PC0004,Logon
4328,2025-02-07 17:00:01.919078,U0004,PC0004,Logoff
4329,2025-02-07 09:14:00,U0005,PC0005,Logon
4330,2025-02-07 16:49:53.537903,U0005,PC0005,Logoff
4331,2025-02-07 09:38:00,U0006,LAB020,Logon
4332,2025-02-07 16:28:46.707787,U0006,LAB020,Logoff
4333,2025-02-07 09:06:00,U0007,PC0007,Logon
4334,2025-02-07 17:17:57.926350,U0007,PC0007,Logoff
4335,2025-02-07 09:38:00,U0008,PC0008,Logon
4336,2025-02-07 16:59:15.940541,U0008,PC0008,Logoff
4337,2025-02-07 08:20:00,U0009,PC0009,Logon
4338,2025-02-07 16:50:11.707433,U0009,PC0009,Logoff
4339,2025-02-07 07:23:00,U0010,PC0010,Logon
4340,2025-02-07 15:03:57.538228,U0010,PC0010,Logoff
4341,2025-02-07 09:25:00,U0011,PC0011,Logon
4342,2025-02-07 17:36:30.831849,U0011,PC0011,Logoff
4343,2025-02-07 09:56:00,U0012,PC0012,Logon
4344,2025-02-07 18:57:30.392949,U0012,PC0012,Logoff
4345,2025-02-07 08:35:00,U0013,PC0013,Logon
4346,2025-02-07 16:36:38.328167,U0013,PC0013,Logoff
4347,2025-02-07 08:51:00,U0014,PC0014,Logon
4348,2025-02-07 15:16:04.163652,U0014,PC0014,Logoff
4349,2025-02-07 08:27:00,U0015,PC0015,Logon
4350,2025-02-07 15:53:21.260735,U0015,PC0015,Logoff
4351,2025-02-07 07:22:00,U0016,PC0016,Logon
4352,2025-02-07 15:24:50.976486,U0016,PC0016,Logoff
4353,2025-02-07 08:47:00,U0017,PC0017,Logon
4354,2025-02-07 15:06:37.581955,U0017,PC0017,Logoff
4355,2025-02-07 09:22:00,U0018,PC0018,Logon
4356,2025-02-07 18:04:57.141881,U0018,PC0018,Logoff
4357,2025-02-07 09:21:00,U0019,PC0019,Logon
4358,2025-02-07 17:01:33.354569,U0019,PC0019,Logoff
4359,2025-02-07 09:35:00,U0020,PC0020,Logon
4360,2025-02-07 18:15:48.793298,U0020,PC0020,Logoff
4361,2025-02-07 22:09:00,U0021,PC0021,Logon
4362,2025-02-08 05:19:31.395898,U0021,PC0021,Logoff
4363,2025-02-07 09:39:00,U0022,PC0022,Logon
4364,2025-02-07 18:50:43.730343,U0022,PC0022,Logoff
4365,2025-02-07 08:53:00,U0023,PC0023,Logon
4366,2025-02-07 18:58:52.581621,U0023,PC0023,Logoff
4367,2025-02-07 08:37:00,U0024,PC0024,Logon
4368,2025-02-07 16:38:56.665248,U0024,PC0024,Logoff
4369,2025-02-07 08:56:00,U0025,PC0025,Logon
4370,2025-02-07 17:09:23.775009,U0025,PC0025,Logoff
4371,2025-02-07 08:14:00,U0026,PC0026,Logon
4372,2025-02-07 15:41:14.249524,U0026,PC0026,Logoff
4373,2025-02-07 08:30:00,U0027,PC0027,Logon
4374,2025-02-07 16:38:07.218052,U0027,PC0027,Logoff
4375,2025-02-07 09:15:00,U0028,PC0028,Logon
4376,2025-02-07 17:53:45.622274,U0028,PC0028,Logoff
4377,2025-02-07 07:52:00,U0029,PC0029,Logon
4378,2025-02-07 17:54:31.450751,U0029,PC0029,Logoff
4379,2025-02-07 09:57:00,U0030,PC0030,Logon
4380,2025-02-07 17:10:24.603094,U0030,PC0030,Logoff
4381,2025-02-07 09:22:00,U0031,PC0031,Logon
4382,2025-02-07 17:32:34.283361,U0031,PC0031,Logoff
4383,2025-02-07 08:45:00,U0032,PC0032,Logon
4384,2025-02-07 16:56:52.500002,U0032,PC0032,Logoff
4385,2025-02-07 08:36:00,U0033,PC0033,Logon
4386,2025-02-07 16:11:44.296826,U0033,PC0033,Logoff
4387,2025-02-07 08:35:00,U0034,PC0034,Logon
4388,2025-02-07 15:09:02.383357,U0034,PC0034,Logoff
4389,2025-02-07 09:26:00,U0035,PC0035,Logon
4390,2025-02-07 18:01:07.077971,U0035,PC0035,Logoff
4391,2025-02-07 09:31:00,U0036,LAB011,Logon
4392,2025-02-07 18:20:11.730909,U0036,LAB011,Logoff
4393,2025-02-07 09:15:00,U0037,PC0037,Logon
4394,2025-02-07 16:43:02.188206,U0037,PC0037,Logoff
4395,2025-02-07 09:27:00,U0038,PC0038,Logon
4396,2025-02-07 16:05:32.936857,U0038,PC0038,Logoff
4397,2025-02-07 08:20:00,U0039,PC0039,Logon
4398,2025-02-07 15:22:08.879743,U0039,PC0039,Logoff
4399,2025-02-07 09:51:00,U0040,PC0040,Logon
4400,2025-02-07 18:47:34.038651,U0040,PC0040,Logoff
4401,2025-02-07 09:09:00,U0041,PC0041,Logon
4402,2025-02-07 18:13:18.947515,U0041,PC0041,Logoff
4403,2025-02-07 08:12:00,U0042,PC0042,Logon
4404,2025-02-07 16:32:54.942431,U0042,PC0042,Logoff
4405,2025-02-07 08:26:00,U0043,PC0043,Logon
4406,2025-02-07 17:16:48.775574,U0043,PC0043,Logoff
4407,2025-02-07 08:01:00,U0044,PC0044,Logon
4408,2025-02-07 15:37:54.205602,U0044,PC0044,Logoff
4409,2025-02-07 09:46:00,U0045,PC0045,Logon
4410,2025-02-07 18:38:34.209002,U0045,PC0045,Logoff
4411,2025-02-07 08:09:00,U0046,PC0046,Logon
4412,2025-02-07 16:05:20.127583,U0046,PC0046,Logoff
4413,2025-02-07 08:11:00,U0047,PC0047,Logon
4414,2025-02-07 13:41:06.980337,U0047,PC0047,Logoff
4415,2025-02-07 09:56:00,U0048,PC0048,Logon
4416,2025-02-07 18:32:32.059283,U0048,PC0048,Logoff
4417,2025-02-07 09:01:00,U0049,PC0049,Logon
4418,2025-02-07 15:04:01.577816,U0049,PC0049,Logoff
4419,2025-02-07 08:32:00,U0050,PC0050,Logon
4420,2025-02-07 14:18:53.948064,U0050,PC0050,Logoff
4421,2025-02-07 09:00:00,U0051,PC0051,Logon
4422,2025-02-07 15:54:50.203504,U0051,PC0051,Logoff
4423,2025-02-07 09:32:00,U0052,PC0052,Logon
4424,2025-02-07 18:28:45.130717,U0052,PC0052,Logoff
4425,2025-02-07 08:08:00,U0053,PC0053,Logon
4426,2025-02-07 15:00:01.974175,U0053,PC0053,Logoff
4427,2025-02-07 09:02:00,U0054,PC0054,Logon
4428,2025-02-07 22:11:20.433466,U0054,PC0054,Logoff
4429,2025-02-07 23:57:00,U0055,PC0055,Logon
4430,2025-02-08 07:28:01.820673,U0055,PC0055,Logoff
4431,2025-02-07 08:07:00,U0056,PC0056,Logon
4432,2025-02-07 13:53:10.315131,U0056,PC0056,Logoff
4433,2025-02-07 09:08:00,U0057,PC0057,Logon
4434,2025-02-07 16:34:18.392113,U0057,PC0057,Logoff
4435,2025-02-07 08:07:00,U0058,PC0058,Logon
4436,2025-02-07 16:48:45.109821,U0058,PC0058,Logoff
4437,2025-02-07 09:06:00,U0059,PC0059,Logon
4438,2025-02-07 16:49:38.839003,U0059,PC0059,Logoff
4439,2025-02-07 08:51:00,U0060,PC0060,Logon
4440,2025-02-07 17:21:00.514919,U0060,PC0060,Logoff
4441,2025-02-07 08:02:00,U0061,PC0061,Logon
4442,2025-02-07 16:15:23.350997,U0061,PC0061,Logoff
4443,2025-02-07 09:32:00,U0062,LAB003,Logon
4444,2025-02-07 18:12:48.828750,U0062,LAB003,Logoff
4445,2025-02-07 08:39:00,U0063,PC0063,Logon
4446,2025-02-07 15:53:19.121029,U0063,PC0063,Logoff
4447,2025-02-07 08:42:00,U0064,PC0064,Logon
4448,2025-02-07 16:47:59.593036,U0064,PC0064,Logoff
4449,2025-02-07 09:31:00,U0065,PC0065,Logon
4450,2025-02-07 19:00:48.157467,U0065,PC0065,Logoff
4451,2025-02-07 08:00:00,U0066,PC0066,Logon
4452,2025-02-07 15:30:08.739006,U0066,PC0066,Logoff
4453,2025-02-07 09:56:00,U0067,PC0067,Logon
4454,2025-02-07 18:13:47.676979,U0067,PC0067,Logoff
4455,2025-02-07 09:23:00,U0068,PC0068,Logon
4456,2025-02-07 17:40:19.420811,U0068,PC0068,Logoff
4457,2025-02-07 08:31:00,U0069,PC0069,Logon
4458,2025-02-07 15:11:00.737923,U0069,PC0069,Logoff
4459,2025-02-07 08:58:00,U0070,PC0070,Logon
4460,2025-02-07 17:37:43.386605,U0070,PC0070,Logoff
4461,2025-02-07 09:43:00,U0071,PC0071,Logon
4462,2025-02-07 19:33:57.703709,U0071,PC0071,Logoff
4463,2025-02-07 09:09:00,U0072,PC0072,Logon
4464,2025-02-07 18:18:46.218879,U0072,PC0072,Logoff
4465,2025-02-07 08:37:00,U0073,PC0073,Logon
4466,2025-02-07 15:27:36.903060,U0073,PC0073,Logoff
4467,2025-02-07 09:44:00,U0074,PC0074,Logon
4468,2025-02-07 18:09:03.650708,U0074,PC0074,Logoff
4469,2025-02-07 09:02:00,U0075,PC0075,Logon
4470,2025-02-07 17:25:14.537330,U0075,PC0075,Logoff
4471,2025-02-07 09:22:00,U0076,PC0076,Logon
4472,2025-02-07 18:39:01.740695,U0076,PC0076,Logoff
4473,2025-02-07 09:20:00,U0077,PC0077,Logon
4474,2025-02-07 17:52:39.193268,U0077,PC0077,Logoff
4475,2025-02-07 09:32:00,U0078,PC0078,Logon
4476,2025-02-07 18:02:50.625189,U0078,PC0078,Logoff
4477,2025-02-07 08:20:00,U0079,PC0079,Logon
4478,2025-02-07 17:05:23.632830,U0079,PC0079,Logoff
4479,2025-02-07 08:57:00,U0080,PC0080,Logon
4480,2025-02-07 18:00:14.009588,U0080,PC0080,Logoff
4481,2025-02-10 08:57:00,U0001,PC0001,Logon
4482,2025-02-10 17:14:08.891832,U0001,PC0001,Logoff
4483,2025-02-10 08:27:00,U0002,PC0002,Logon
4484,2025-02-10 17:00:12.200339,U0002,PC0002,Logoff
4485,2025-02-10 08:22:00,U0003,PC0003,Logon
4486,2025-02-10 14:46:18.878551,U0003,PC0003,Logoff
4487,2025-02-10 09:52:00,U0004,PC0004,Logon
4488,2025-02-10 17:17:19.485203,U0004,PC0004,Logoff
4489,2025-02-10 09:19:00,U0005,PC0005,Logon
4490,2025-02-10 17:19:04.772479,U0005,PC0005,Logoff
4491,2025-02-10 09:09:00,U0006,PC0006,Logon
4492,2025-02-10 16:11:32.751762,U0006,PC0006,Logoff
4493,2025-02-10 08:54:00,U0007,PC0007,Logon
4494,2025-02-10 16:26:28.900910,U0007,PC0007,Logoff
4495,2025-02-10 09:24:00,U0008,PC0008,Logon
4496,2025-02-10 19:04:38.557516,U0008,PC0008,Logoff
4497,2025-02-10 08:00:00,U0009,LAB009,Logon
4498,2025-02-10 17:04:36.653321,U0009,LAB009,Logoff
4499,2025-02-10 07:24:00,U0010,PC0010,Logon
4500,2025-02-10 14:12:20.918156,U0010,PC0010,Logoff
4501,2025-02-10 08:59:00,U0011,PC0011,Logon
4502,2025-02-10 15:37:50.968718,U0011,PC0011,Logoff
4503,2025-02-10 08:38:00,U0012,PC0012,Logon
4504,2025-02-10 17:02:46.796084,U0012,PC0012,Logoff
4505,2025-02-10 08:53:00,U0013,PC0013,Logon
4506,2025-02-10 17:15:45.859431,U0013,PC0013,Logoff
4507,2025-02-10 09:32:00,U0014,PC0014,Logon
4508,2025-02-10 17:47:56.221175,U0014,PC0014,Logoff
4509,2025-02-10 09:03:00,U0015,PC0015,Logon
4510,2025-02-10 16:58:49.683770,U0015,PC0015,Logoff
4511,2025-02-10 08:30:00,U0016,PC0016,Logon
4512,2025-02-10 17:33:28.131051,U0016,PC0016,Logoff
4513,2025-02-10 08:07:00,U0017,PC0017,Logon
4514,2025-02-10 15:10:51.853324,U0017,PC0017,Logoff
4515,2025-02-10 08:23:00,U0018,PC0018,Logon
4516,2025-02-10 15:28:13.880691,U0018,PC0018,Logoff
4517,2025-02-10 08:01:00,U0019,PC0019,Logon
4518,2025-02-10 16:21:38.594118,U0019,PC0019,Logoff
4519,2025-02-10 09:18:00,U0020,PC0020,Logon
4520,2025-02-10 16:24:07.811761,U0020,PC0020,Logoff
4521,2025-02-10 08:46:00,U0021,PC0021,Logon
4522,2025-02-10 17:50:27.598817,U0021,PC0021,Logoff
4523,2025-02-10 09:37:00,U0022,LAB019,Logon
4524,2025-02-10 19:41:30.234142,U0022,LAB019,Logoff
4525,2025-02-10 09:10:00,U0023,PC0023,Logon
4526,2025-02-10 18:18:39.455047,U0023,PC0023,Logoff
4527,2025-02-10 08:04:00,U0024,PC0024,Logon
4528,2025-02-10 16:49:49.897266,U0024,PC0024,Logoff
4529,2025-02-10 08:29:00,U0025,PC0025,Logon
4530,2025-02-10 15:55:56.465507,U0025,PC0025,Logoff
4531,2025-02-10 09:47:00,U0026,PC0026,Logon
4532,2025-02-10 18:43:42.761525,U0026,PC0026,Logoff
4533,2025-02-10 09:32:00,U0027,PC0027,Logon
4534,2025-02-10 16:39:17.494315,U0027,PC0027,Logoff
4535,2025-02-10 09:28:00,U0028,PC0028,Logon
4536,2025-02-10 16:49:44.684849,U0028,PC0028,Logoff
4537,2025-02-10 09:43:00,U0029,PC0029,Logon
4538,2025-02-10 17:24:47.939757,U0029,PC0029,Logoff
4539,2025-02-10 08:17:00,U0030,PC0030,Logon
4540,2025-02-10 17:02:58.474710,U0030,PC0030,Logoff
4541,2025-02-10 08:33:00,U0031,PC0031,Logon
4542,2025-02-10 18:29:42.702267,U0031,PC0031,Logoff
4543,2025-02-10 08:34:00,U0032,PC0032,Logon
4544,2025-02-10 15:58:08.396340,U0032,PC0032,Logoff
4545,2025-02-10 09:02:00,U0033,PC0033,Logon
4546,2025-02-10 17:37:03.530999,U0033,PC0033,Logoff
4547,2025-02-10 08:50:00,U0034,PC0034,Logon
4548,2025-02-10 16:46:33.393469,U0034,PC0034,Logoff
4549,2025-02-10 09:17:00,U0035,PC0035,Logon
4550,2025-02-10 17:03:08.149881,U0035,PC0035,Logoff
4551,2025-02-10 09:22:00,U0036,PC0036,Logon
4552,2025-02-10 18:12:21.656811,U0036,PC0036,Logoff
4553,2025-02-10 09:35:00,U0037,PC0037,Logon
4554,2025-02-10 16:37:01.835796,U0037,PC0037,Logoff
4555,2025-02-10 08:17:00,U0038,PC0038,Logon
4556,2025-02-10 15:58:58.322585,U0038,PC0038,Logoff
4557,2025-02-10 08:31:00,U0039,PC0039,Logon
4558,2025-02-10 16:52:36.591062,U0039,PC0039,Logoff
4559,2025-02-10 08:50:00,U0040,PC0040,Logon
4560,2025-02-10 17:29:19.453787,U0040,PC0040,Logoff
4561,2025-02-10 08:50:00,U0041,PC0041,Logon
4562,2025-02-10 18:33:08.546206,U0041,PC0041,Logoff
4563,2025-02-10 08:52:00,U0042,PC0042,Logon
4564,2025-02-10 17:05:09.488414,U0042,PC0042,Logoff
4565,2025-02-10 09:35:00,U0043,PC0043,Logon
4566,2025-02-10 17:00:45.694451,U0043,PC0043,Logoff
4567,2025-02-10 09:38:00,U0044,PC0044,Logon
4568,2025-02-10 16:24:14.939048,U0044,PC0044,Logoff
4569,2025-02-10 09:36:00,U0045,PC0045,Logon
4570,2025-02-10 17:36:50.937354,U0045,PC0045,Logoff
4571,2025-02-10 08:58:00,U0046,PC0046,Logon
4572,2025-02-10 16:40:02.945619,U0046,PC0046,Logoff
4573,2025-02-10 09:32:00,U0047,PC0047,Logon
4574,2025-02-10 16:56:55.960949,U0047,PC0047,Logoff
4575,2025-02-10 08:24:00,U0048,PC0048,Logon
4576,2025-02-10 16:10:42.468249,U0048,PC0048,Logoff
4577,2025-02-10 08:10:00,U0049,PC0049,Logon
4578,2025-02-10 17:59:13.958069,U0049,PC0049,Logoff
4579,2025-02-10 08:41:00,U0050,LAB012,Logon
4580,2025-02-10 17:30:53.820430,U0050,LAB012,Logoff
4581,2025-02-10 09:47:00,U0051,PC0051,Logon
4582,2025-02-10 16:47:55.677418,U0051,PC0051,Logoff
4583,2025-02-10 08:32:00,U0052,PC0052,Logon
4584,2025-02-10 17:19:02.410006,U0052,PC0052,Logoff
4585,2025-02-10 08:33:00,U0053,PC0053,Logon
4586,2025-02-10 17:44:35.206605,U0053,PC0053,Logoff
4587,2025-02-10 09:44:00,U0054,PC0054,Logon
4588,2025-02-10 18:39:08.093477,U0054,PC0054,Logoff
4589,2025-02-10 08:24:00,U0055,PC0055,Logon
4590,2025-02-10 15:19:12.567188,U0055,PC0055,Logoff
4591,2025-02-10 08:58:00,U0056,PC0056,Logon
4592,2025-02-10 17:09:46.467386,U0056,PC0056,Logoff
4593,2025-02-10 09:06:00,U0057,PC0057,Logon
4594,2025-02-10 14:55:42.342943,U0057,PC0057,Logoff
4595,2025-02-10 08:27:00,U0058,PC0058,Logon
4596,2025-02-10 16:36:29.121211,U0058,PC0058,Logoff
4597,2025-02-10 08:03:00,U0059,LAB017,Logon
4598,2025-02-10 17:20:28.585820,U0059,LAB017,Logoff
4599,2025-02-10 09:54:00,U0060,PC0060,Logon
4600,2025-02-10 19:12:36.690869,U0060,PC0060,Logoff
4601,2025-02-10 08:31:00,U0061,PC0061,Logon
4602,2025-02-10 17:27:14.918973,U0061,PC0061,Logoff
4603,2025-02-10 09:53:00,U0062,PC0062,Logon
4604,2025-02-10 19:11:42.096417,U0062,PC0062,Logoff
4605,2025-02-10 08:53:00,U0063,PC0063,Logon
4606,2025-02-10 16:37:46.766121,U0063,PC0063,Logoff
4607,2025-02-10 08:20:00,U0064,PC0064,Logon
4608,2025-02-10 16:49:21.316326,U0064,PC0064,Logoff
4609,2025-02-10 09:33:00,U0065,PC0065,Logon
4610,2025-02-10 16:42:39.986374,U0065,PC0065,Logoff
4611,2025-02-10 09:52:00,U0066,PC0066,Logon
4612,2025-02-10 15:50:48.261604,U0066,PC0066,Logoff
4613,2025-02-10 09:06:00,U0067,PC0067,Logon
4614,2025-02-10 16:35:15.452734,U0067,PC0067,Logoff
4615,2025-02-10 09:45:00,U0068,PC0068,Logon
4616,2025-02-10 17:26:25.261030,U0068,PC0068,Logoff
4617,2025-02-10 09:43:00,U0069,PC0069,Logon
4618,2025-02-10 14:52:44.976811,U0069,PC0069,Logoff
4619,2025-02-10 21:23:00,U0070,PC0070,Logon
4620,2025-02-11 05:16:39.052473,U0070,PC0070,Logoff
4621,2025-02-10 08:47:00,U0071,PC0071,Logon
4622,2025-02-10 18:30:34.415564,U0071,PC0071,Logoff
4623,2025-02-10 08:22:00,U0072,PC0072,Logon
4624,2025-02-10 17:08:18.466238,U0072,PC0072,Logoff
4625,2025-02-10 09:37:00,U0073,PC0073,Logon
4626,2025-02-10 18:52:41.469309,U0073,PC0073,Logoff
4627,2025-02-10 08:21:00,U0074,LAB005,Logon
4628,2025-02-10 15:37:01.311963,U0074,LAB005,Logoff
4629,2025-02-10 09:51:00,U0075,PC0075,Logon
4630,2025-02-10 18:16:31.156710,U0075,PC0075,Logoff
4631,2025-02-10 08:48:00,U0076,PC0076,Logon
4632,2025-02-10 16:15:38.501948,U0076,PC0076,Logoff
4633,2025-02-10 09:26:00,U0077,PC0077,Logon
4634,2025-02-10 18:16:15.951198,U0077,PC0077,Logoff
4635,2025-02-10 08:21:00,U0078,PC0078,Logon
4636,2025-02-10 13:26:08.678437,U0078,PC0078,Logoff
4637,2025-02-10 09:55:00,U0079,PC0079,Logon
4638,2025-02-10 16:41:46.845516,U0079,PC0079,Logoff
4639,2025-02-10 07:37:00,U0080,PC0080,Logon
4640,2025-02-10 12:47:03.626670,U0080,PC0080,Logoff
4641,2025-02-11 09:08:00,U0001,PC0001,Logon
4642,2025-02-11 17:15:43.022821,U0001,PC0001,Logoff
4643,2025-02-11 08:00:00,U0002,PC0002,Logon
4644,2025-02-11 17:23:20.487707,U0002,PC0002,Logoff
4645,2025-02-11 09:38:00,U0003,PC0003,Logon
4646,2025-02-11 19:14:58.680154,U0003,PC0003,Logoff
4647,2025-02-11 08:19:00,U0004,PC0004,Logon
4648,2025-02-11 16:16:55.617754,U0004,PC0004,Logoff
4649,2025-02-11 08:39:00,U0005,PC0005,Logon
4650,2025-02-11 16:25:14.223605,U0005,PC0005,Logoff
4651,2025-02-11 08:38:00,U0006,PC0006,Logon
4652,2025-02-11 17:15:35.809094,U0006,PC0006,Logoff
4653,2025-02-11 09:51:00,U0007,PC0007,Logon
4654,2025-02-11 18:28:24.265698,U0007,PC0007,Logoff
4655,2025-02-11 09:28:00,U0008,PC0008,Logon
4656,2025-02-11 19:37:17.743239,U0008,PC0008,Logoff
4657,2025-02-11 08:08:00,U0009,PC0009,Logon
4658,2025-02-11 15:11:32.318278,U0009,PC0009,Logoff
4659,2025-02-11 09:48:00,U0010,PC0010,Logon
4660,2025-02-11 16:59:51.791902,U0010,PC0010,Logoff
4661,2025-02-11 09:55:00,U0011,PC0011,Logon
4662,2025-02-11 17:38:00.415060,U0011,PC0011,Logoff
4663,2025-02-11 08:51:00,U0012,PC0012,Logon
4664,2025-02-11 16:22:43.263404,U0012,PC0012,Logoff
4665,2025-02-11 09:54:00,U0013,PC0013,Logon
4666,2025-02-11 17:44:32.110860,U0013,PC0013,Logoff
4667,2025-02-11 08:10:00,U0014,PC0014,Logon
4668,2025-02-11 17:49:55.266903,U0014,PC0014,Logoff
4669,2025-02-11 08:41:00,U0015,PC0015,Logon
4670,2025-02-11 16:43:08.037867,U0015,PC0015,Logoff
4671,2025-02-11 09:36:00,U0016,PC0016,Logon
4672,2025-02-11 15:58:07.193602,U0016,PC0016,Logoff
4673,2025-02-11 09:39:00,U0017,PC0017,Logon
4674,2025-02-11 16:35:41.612368,U0017,PC0017,Logoff
4675,2025-02-11 09:03:00,U0018,PC0018,Logon
4676,2025-02-11 16:05:14.456357,U0018,PC0018,Logoff
4677,2025-02-11 09:15:00,U0019,PC0019,Logon
4678,2025-02-11 18:21:20.999039,U0019,PC0019,Logoff
4679,2025-02-11 09:14:00,U0020,PC0020,Logon
4680,2025-02-11 17:29:04.739934,U0020,PC0020,Logoff
4681,2025-02-11 21:32:00,U0021,PC0021,Logon
4682,2025-02-12 04:57:24.889525,U0021,PC0021,Logoff
4683,2025-02-11 09:50:00,U0022,PC0022,Logon
4684,2025-02-11 17:08:01.817207,U0022,PC0022,Logoff
4685,2025-02-11 08:19:00,U0023,PC0023,Logon
4686,2025-02-11 16:58:55.328166,U0023,PC0023,Logoff
4687,2025-02-11 08:38:00,U0024,PC0024,Logon
4688,2025-02-11 15:40:59.771409,U0024,PC0024,Logoff
4689,2025-02-11 08:15:00,U0025,PC0025,Logon
4690,2025-02-11 15:46:01.524578,U0025,PC0025,Logoff
4691,2025-02-11 08:14:00,U0026,PC0026,Logon
4692,2025-02-11 16:28:35.130220,U0026,PC0026,Logoff
4693,2025-02-11 09:51:00,U0027,PC0027,Logon
4694,2025-02-11 18:22:36.832525,U0027,PC0027,Logoff
4695,2025-02-11 08:46:00,U0028,PC0028,Logon
4696,2025-02-11 16:34:06.495565,U0028,PC0028,Logoff
4697,2025-02-11 09:40:00,U0029,PC0029,Logon
4698,2025-02-11 18:56:21.252587,U0029,PC0029,Logoff
4699,2025-02-11 09:30:00,U0030,PC0030,Logon
4700,2025-02-11 17:01:51.128925,U0030,PC0030,Logoff
4701,2025-02-11 08:11:00,U0031,PC0031,Logon
4702,2025-02-11 14:44:17.261048,U0031,PC0031,Logoff
4703,2025-02-11 09:55:00,U0032,PC0032,Logon
4704,2025-02-11 18:29:40.722685,U0032,PC0032,Logoff
4705,2025-02-11 09:51:00,U0033,PC0033,Logon
4706,2025-02-11 17:43:16.825993,U0033,PC0033,Logoff
4707,2025-02-11 09:14:00,U0034,PC0034,Logon
4708,2025-02-11 16:44:57.173419,U0034,PC0034,Logoff
4709,2025-02-11 09:36:00,U0035,PC0035,Logon
4710,2025-02-11 17:33:40.525578,U0035,PC0035,Logoff
4711,2025-02-11 08:10:00,U0036,PC0036,Logon
4712,2025-02-11 16:45:33.109106,U0036,PC0036,Logoff
4713,2025-02-11 09:09:00,U0037,PC0037,Logon
4714,2025-02-11 17:30:25.101933,U0037,PC0037,Logoff
4715,2025-02-11 09:32:00,U0038,PC0038,Logon
4716,2025-02-11 17:29:43.584906,U0038,PC0038,Logoff
4717,2025-02-11 10:20:00,U0039,PC0039,Logon
4718,2025-02-11 19:31:03.323923,U0039,PC0039,Logoff
4719,2025-02-11 09:03:00,U0040,PC0040,Logon
4720,2025-02-11 17:09:42.476970,U0040,PC0040,Logoff
4721,2025-02-11 09:12:00,U0041,PC0041,Logon
4722,2025-02-11 17:43:04.781195,U0041,PC0041,Logoff
4723,2025-02-11 09:47:00,U0042,PC0042,Logon
4724,2025-02-11 17:28:47.168429,U0042,PC0042,Logoff
4725,2025-02-11 08:12:00,U0043,PC0043,Logon
4726,2025-02-11 13:01:46.467351,U0043,PC0043,Logoff
4727,2025-02-11 09:35:00,U0044,PC0044,Logon
4728,2025-02-11 17:05:41.486112,U0044,PC0044,Logoff
4729,2025-02-11 09:33:00,U0045,PC0045,Logon
4730,2025-02-11 17:34:09.638655,U0045,PC0045,Logoff
4731,2025-02-11 08:42:00,U0046,PC0046,Logon
4732,2025-02-11 16:39:00.431445,U0046,PC0046,Logoff
4733,2025-02-11 08:28:00,U0047,PC0047,Logon
4734,2025-02-11 16:56:24.266697,U0047,PC0047,Logoff
4735,2025-02-11 09:22:00,U0048,PC0048,Logon
4736,2025-02-11 18:19:28.222672,U0048,PC0048,Logoff
4737,2025-02-11 08:45:00,U0049,PC0049,Logon
4738,2025-02-11 16:47:02.429146,U0049,PC0049,Logoff
4739,2025-02-11 08:46:00,U0050,PC0050,Logon
4740,2025-02-11 17:28:05.381215,U0050,PC0050,Logoff
4741,2025-02-11 09:39:00,U0051,PC0051,Logon
4742,2025-02-11 18:08:44.898076,U0051,PC0051,Logoff
4743,2025-02-11 09:39:00,U0052,PC0052,Logon
4744,2025-02-11 18:03:53.182407,U0052,PC0052,Logoff
4745,2025-02-11 09:28:00,U0053,PC0053,Logon
4746,2025-02-11 17:10:53.660675,U0053,PC0053,Logoff
4747,2025-02-11 09:33:00,U0054,PC0054,Logon
4748,2025-02-11 16:27:49.945323,U0054,PC0054,Logoff
4749,2025-02-11 08:11:00,U0055,PC0055,Logon
4750,2025-02-11 16:16:52.127855,U0055,PC0055,Logoff
4751,2025-02-11 09:27:00,U0056,PC0056,Logon
4752,2025-02-11 17:11:37.389033,U0056,PC0056,Logoff
4753,2025-02-11 08:23:00,U0057,PC0057,Logon
4754,2025-02-11 15:58:35.213120,U0057,PC0057,Logoff
4755,2025-02-11 08:58:00,U0058,PC0058,Logon
4756,2025-02-11 17:15:41.897241,U0058,PC0058,Logoff
4757,2025-02-11 08:58:00,U0059,LAB014,Logon
4758,2025-02-11 18:14:51.382476,U0059,LAB014,Logoff
4759,2025-02-11 08:53:00,U0060,PC0060,Logon
4760,2025-02-11 17:36:18.852548,U0060,PC0060,Logoff
4761,2025-02-11 08:43:00,U0061,PC0061,Logon
4762,2025-02-11 17:23:07.824470,U0061,PC0061,Logoff
4763,2025-02-11 09:14:00,U0062,PC0062,Logon
4764,2025-02-11 17:37:03.127459,U0062,PC0062,Logoff
4765,2025-02-11 08:46:00,U0063,LAB012,Logon
4766,2025-02-11 17:00:58.373483,U0063,LAB012,Logoff
4767,2025-02-11 08:15:00,U0064,PC0064,Logon
4768,2025-02-11 15:59:50.052282,U0064,PC0064,Logoff
4769,2025-02-11 09:45:00,U0065,PC0065,Logon
4770,2025-02-11 18:32:48.126937,U0065,PC0065,Logoff
4771,2025-02-11 09:32:00,U0066,PC0066,Logon
4772,2025-02-11 16:33:30.696327,U0066,PC0066,Logoff
4773,2025-02-11 09:31:00,U0067,PC0067,Logon
4774,2025-02-11 17:32:09.772456,U0067,PC0067,Logoff
4775,2025-02-11 07:11:00,U0068,PC0068,Logon
4776,2025-02-11 15:57:57.467375,U0068,PC0068,Logoff
4777,2025-02-11 08:41:00,U0069,PC0069,Logon
4778,2025-02-11 17:53:08.824493,U0069,PC0069,Logoff
4779,2025-02-11 08:24:00,U0070,PC0070,Logon
4780,2025-02-11 13:13:23.866272,U0070,PC0070,Logoff
4781,2025-02-11 09:42:00,U0071,PC0071,Logon
4782,2025-02-11 17:59:29.629236,U0071,PC0071,Logoff
4783,2025-02-11 08:02:00,U0072,PC0072,Logon
4784,2025-02-11 15:03:17.401635,U0072,PC0072,Logoff
4785,2025-02-11 10:32:00,U0073,PC0073,Logon
4786,2025-02-11 18:13:39.801789,U0073,PC0073,Logoff
4787,2025-02-11 09:31:00,U0074,LAB019,Logon
4788,2025-02-11 16:51:57.624621,U0074,LAB019,Logoff
4789,2025-02-11 07:19:00,U0075,PC0075,Logon
4790,2025-02-11 15:08:47.070312,U0075,PC0075,Logoff
4791,2025-02-11 08:58:00,U0076,PC0076,Logon
4792,2025-02-11 16:34:00.438341,U0076,PC0076,Logoff
4793,2025-02-11 08:53:00,U0077,PC0077,Logon
4794,2025-02-11 17:08:51.365778,U0077,PC0077,Logoff
4795,2025-02-11 08:24:00,U0078,PC0078,Logon
4796,2025-02-11 15:08:09.577795,U0078,PC0078,Logoff
4797,2025-02-11 09:01:00,U0079,PC0079,Logon
4798,2025-02-11 15:04:02.261681,U0079,PC0079,Logoff
4799,2025-02-11 07:31:00,U0080,PC0080,Logon
4800,2025-02-11 16:15:21.049781,U0080,PC0080,Logoff
4801,2025-02-12 09:43:00,U0001,PC0001,Logon
4802,2025-02-12 17:39:33.376686,U0001,PC0001,Logoff
4803,2025-02-12 08:46:00,U0002,PC0002,Logon
4804,2025-02-12 16:03:31.520614,U0002,PC0002,Logoff
4805,2025-02-12 08:00:00,U0003,LAB020,Logon
4806,2025-02-12 14:24:14.781713,U0003,LAB020,Logoff
4807,2025-02-12 08:33:00,U0004,PC0004,Logon
4808,2025-02-12 17:12:08.389217,U0004,PC0004,Logoff
4809,2025-02-12 09:43:00,U0005,PC0005,Logon
4810,2025-02-12 17:17:50.034890,U0005,PC0005,Logoff
4811,2025-02-12 09:03:00,U0006,PC0006,Logon
4812,2025-02-12 15:08:09.383746,U0006,PC0006,Logoff
4813,2025-02-12 09:54:00,U0007,LAB014,Logon
4814,2025-02-12 17:05:45.785707,U0007,LAB014,Logoff
4815,2025-02-12 09:57:00,U0008,PC0008,Logon
4816,2025-02-12 17:42:08.091294,U0008,PC0008,Logoff
4817,2025-02-12 09:04:00,U0009,PC0009,Logon
4818,2025-02-12 16:11:32.031666,U0009,PC0009,Logoff
4819,2025-02-12 09:28:00,U0010,PC0010,Logon
4820,2025-02-12 17:11:13.773132,U0010,PC0010,Logoff
4821,2025-02-12 08:44:00,U0011,PC0011,Logon
4822,2025-02-12 16:32:58.125985,U0011,PC0011,Logoff
4823,2025-02-12 08:12:00,U0012,PC0012,Logon
4824,2025-02-12 16:11:09.243723,U0012,PC0012,Logoff
4825,2025-02-12 08:26:00,U0013,PC0013,Logon
4826,2025-02-12 16:40:28.464894,U0013,PC0013,Logoff
4827,2025-02-12 09:41:00,U0014,PC0014,Logon
4828,2025-02-12 18:28:52.780379,U0014,PC0014,Logoff
4829,2025-02-12 09:36:00,U0015,PC0015,Logon
4830,2025-02-12 16:32:57.756041,U0015,PC0015,Logoff
4831,2025-02-12 09:27:00,U0016,PC0016,Logon
4832,2025-02-12 16:15:49.188862,U0016,PC0016,Logoff
4833,2025-02-12 09:23:00,U0017,PC0017,Logon
4834,2025-02-12 18:00:11.059625,U0017,PC0017,Logoff
4835,2025-02-12 08:06:00,U0018,PC0018,Logon
4836,2025-02-12 16:11:34.725288,U0018,PC0018,Logoff
4837,2025-02-12 08:47:00,U0019,LAB001,Logon
4838,2025-02-12 16:01:28.445071,U0019,LAB001,Logoff
4839,2025-02-12 09:38:00,U0020,PC0020,Logon
4840,2025-02-12 16:58:46.755094,U0020,PC0020,Logoff
4841,2025-02-12 08:51:00,U0021,PC0021,Logon
4842,2025-02-12 16:55:32.501784,U0021,PC0021,Logoff
4843,2025-02-12 09:25:00,U0022,PC0022,Logon
4844,2025-02-12 17:16:30.065090,U0022,PC0022,Logoff
4845,2025-02-12 09:20:00,U0023,PC0023,Logon
4846,2025-02-12 17:51:51.512383,U0023,PC0023,Logoff
4847,2025-02-12 07:09:00,U0024,PC0024,Logon
4848,2025-02-12 14:37:13.918931,U0024,PC0024,Logoff
4849,2025-02-12 08:57:00,U0025,PC0025,Logon
4850,2025-02-12 17:25:45.699432,U0025,PC0025,Logoff
4851,2025-02-12 07:02:00,U0026,PC0026,Logon
4852,2025-02-12 17:34:56.434951,U0026,PC0026,Logoff
4853,2025-02-12 09:56:00,U0027,PC0027,Logon
4854,2025-02-12 18:04:55.956494,U0027,PC0027,Logoff
4855,2025-02-12 09:06:00,U0028,PC0028,Logon
4856,2025-02-12 19:26:37.154590,U0028,PC0028,Logoff
4857,2025-02-12 09:50:00,U0029,PC0029,Logon
4858,2025-02-12 18:46:55.727147,U0029,PC0029,Logoff
4859,2025-02-12 09:26:00,U0030,PC0030,Logon
4860,2025-02-12 17:17:30.507288,U0030,PC0030,Logoff
4861,2025-02-12 08:42:00,U0031,PC0031,Logon
4862,2025-02-12 15:52:25.996830,U0031,PC0031,Logoff
4863,2025-02-12 08:15:00,U0032,PC0032,Logon
4864,2025-02-12 14:53:57.998528,U0032,PC0032,Logoff
4865,2025-02-12 08:22:00,U0033,PC0033,Logon
4866,2025-02-12 14:40:55.196722,U0033,PC0033,Logoff
4867,2025-02-12 09:47:00,U0034,PC0034,Logon
4868,2025-02-12 17:44:49.209811,U0034,PC0034,Logoff
4869,2025-02-12 09:44:00,U0035,PC0035,Logon
4870,2025-02-12 17:12:40.326348,U0035,PC0035,Logoff
4871,2025-02-12 10:51:00,U0036,PC0036,Logon
4872,2025-02-12 20:12:36.417241,U0036,PC0036,Logoff
4873,2025-02-12 08:00:00,U0037,PC0037,Logon
4874,2025-02-12 16:13:58.325115,U0037,PC0037,Logoff
4875,2025-02-12 08:25:00,U0038,PC0038,Logon
4876,2025-02-12 15:24:07.872984,U0038,PC0038,Logoff
4877,2025-02-12 08:57:00,U0039,PC0039,Logon
4878,2025-02-12 17:22:55.980087,U0039,PC0039,Logoff
4879,2025-02-12 08:58:00,U0040,PC0040,Logon
4880,2025-02-12 17:56:04.173686,U0040,PC0040,Logoff
4881,2025-02-12 09:18:00,U0041,PC0041,Logon
4882,2025-02-12 18:40:26.091787,U0041,PC0041,Logoff
4883,2025-02-12 08:19:00,U0042,PC0042,Logon
4884,2025-02-12 16:47:31.316198,U0042,PC0042,Logoff
4885,2025-02-12 09:30:00,U0043,PC0043,Logon
4886,2025-02-12 17:01:32.958570,U0043,PC0043,Logoff
4887,2025-02-12 08:12:00,U0044,PC0044,Logon
4888,2025-02-12 17:48:34.274397,U0044,PC0044,Logoff
4889,2025-02-12 09:52:00,U0045,PC0045,Logon
4890,2025-02-12 18:30:09.483903,U0045,PC0045,Logoff
4891,2025-02-12 08:07:00,U0046,PC0046,Logon
4892,2025-02-12 14:53:50.575921,U0046,PC0046,Logoff
4893,2025-02-12 08:40:00,U0047,PC0047,Logon
4894,2025-02-12 16:32:33.523005,U0047,PC0047,Logoff
4895,2025-02-12 08:30:00,U0048,LAB001,Logon
4896,2025-02-12 16:29:24.558689,U0048,LAB001,Logoff
4897,2025-02-12 08:04:00,U0049,PC0049,Logon
4898,2025-02-12 14:56:47.829279,U0049,PC0049,Logoff
4899,2025-02-12 09:00:00,U0050,PC0050,Logon
4900,2025-02-12 17:36:13.645873,U0050,PC0050,Logoff
4901,2025-02-12 08:34:00,U0051,PC0051,Logon
4902,2025-02-12 15:32:56.048487,U0051,PC0051,Logoff
4903,2025-02-12 08:20:00,U0052,PC0052,Logon
4904,2025-02-12 15:57:36.234315,U0052,PC0052,Logoff
4905,2025-02-12 09:43:00,U0053,PC0053,Logon
4906,2025-02-12 18:38:41.684489,U0053,PC0053,Logoff
4907,2025-02-12 08:41:00,U0054,LAB017,Logon
4908,2025-02-12 15:31:47.427266,U0054,LAB017,Logoff
4909,2025-02-12 23:04:00,U0055,PC0055,Logon
4910,2025-02-13 06:14:35.274106,U0055,PC0055,Logoff
4911,2025-02-12 08:23:00,U0056,PC0056,Logon
4912,2025-02-12 17:42:30.993926,U0056,PC0056,Logoff
4913,2025-02-12 09:22:00,U0057,PC0057,Logon
4914,2025-02-12 17:31:28.707524,U0057,PC0057,Logoff
4915,2025-02-12 08:53:00,U0058,PC0058,Logon
4916,2025-02-12 17:05:41.027643,U0058,PC0058,Logoff
4917,2025-02-12 09:51:00,U0059,PC0059,Logon
4918,2025-02-12 17:28:27.718803,U0059,PC0059,Logoff
4919,2025-02-12 09:12:00,U0060,PC0060,Logon
4920,2025-02-12 18:29:33.883042,U0060,PC0060,Logoff
4921,2025-02-12 09:05:00,U0061,PC0061,Logon
4922,2025-02-12 17:23:18.875256,U0061,PC0061,Logoff
4923,2025-02-12 09:03:00,U0062,PC0062,Logon
4924,2025-02-12 18:27:51.074238,U0062,PC0062,Logoff
4925,2025-02-12 09:00:00,U0063,PC0063,Logon
4926,2025-02-12 16:29:55.557212,U0063,PC0063,Logoff
4927,2025-02-12 08:09:00,U0064,PC0064,Logon
4928,2025-02-12 16:23:18.797834,U0064,PC0064,Logoff
4929,2025-02-12 08:21:00,U0065,PC0065,Logon
4930,2025-02-12 16:12:24.267905,U0065,PC0065,Logoff
4931,2025-02-12 09:17:00,U0066,PC0066,Logon
4932,2025-02-12 15:05:31.486136,U0066,PC0066,Logoff
4933,2025-02-12 09:23:00,U0067,PC0067,Logon
4934,2025-02-12 18:30:20.547187,U0067,PC0067,Logoff
4935,2025-02-12 08:03:00,U0068,PC0068,Logon
4936,2025-02-12 16:35:36.206980,U0068,PC0068,Logoff
4937,2025-02-12 09:04:00,U0069,PC0069,Logon
4938,2025-02-12 18:17:47.965326,U0069,PC0069,Logoff
4939,2025-02-12 21:08:00,U0070,PC0070,Logon
4940,2025-02-13 03:43:59.745397,U0070,PC0070,Logoff
4941,2025-02-12 09:46:00,U0071,PC0071,Logon
4942,2025-02-12 17:33:39.739727,U0071,PC0071,Logoff
4943,2025-02-12 09:01:00,U0072,PC0072,Logon
4944,2025-02-12 16:17:18.581157,U0072,PC0072,Logoff
4945,2025-02-12 09:19:00,U0073,PC0073,Logon
4946,2025-02-12 18:21:24.222552,U0073,PC0073,Logoff
4947,2025-02-12 08:10:00,U0074,PC0074,Logon
4948,2025-02-12 14:49:55.401815,U0074,PC0074,Logoff
4949,2025-02-12 08:38:00,U0075,PC0075,Logon
4950,2025-02-12 17:04:04.209526,U0075,PC0075,Logoff
4951,2025-02-12 09:28:00,U0076,PC0076,Logon
4952,2025-02-12 18:43:11.278169,U0076,PC0076,Logoff
4953,2025-02-12 09:21:00,U0077,PC0077,Logon
4954,2025-02-12 18:19:10.448493,U0077,PC0077,Logoff
4955,2025-02-12 09:20:00,U0078,PC0078,Logon
4956,2025-02-12 15:56:38.524571,U0078,PC0078,Logoff
4957,2025-02-12 08:39:00,U0079,PC0079,Logon
4958,2025-02-12 17:42:36.323064,U0079,PC0079,Logoff
4959,2025-02-12 08:27:00,U0080,PC0080,Logon
4960,2025-02-12 16:57:11.125327,U0080,PC0080,Logoff
4961,2025-02-13 08:04:00,U0001,PC0001,Logon
4962,2025-02-13 15:02:12.677345,U0001,PC0001,Logoff
4963,2025-02-13 08:09:00,U0002,PC0002,Logon
4964,2025-02-13 16:27:32.570795,U0002,PC0002,Logoff
4965,2025-02-13 08:35:00,U0003,PC0003,Logon
4966,2025-02-13 16:20:51.439519,U0003,PC0003,Logoff
4967,2025-02-13 08:06:00,U0004,PC0004,Logon
4968,2025-02-13 17:13:09.281703,U0004,PC0004,Logoff
4969,2025-02-13 08:05:00,U0005,PC0005,Logon
4970,2025-02-13 17:32:09.919962,U0005,PC0005,Logoff
4971,2025-02-13 09:32:00,U0006,PC0006,Logon
4972,2025-02-13 17:27:08.234527,U0006,PC0006,Logoff
4973,2025-02-13 08:50:00,U0007,PC0007,Logon
4974,2025-02-13 14:44:50.767640,U0007,PC0007,Logoff
4975,2025-02-13 08:42:00,U0008,PC0008,Logon
4976,2025-02-13 15:19:34.194630,U0008,PC0008,Logoff
4977,2025-02-13 09:06:00,U0009,PC0009,Logon
4978,2025-02-13 17:12:56.968514,U0009,PC0009,Logoff
4979,2025-02-13 09:50:00,U0010,PC0010,Logon
4980,2025-02-13 15:36:46.484368,U0010,PC0010,Logoff
4981,2025-02-13 08:50:00,U0011,PC0011,Logon
4982,2025-02-13 17:43:13.487195,U0011,PC0011,Logoff
4983,2025-02-13 09:34:00,U0012,PC0012,Logon
4984,2025-02-13 17:25:10.060997,U0012,PC0012,Logoff
4985,2025-02-13 09:51:00,U0013,LAB003,Logon
4986,2025-02-13 19:29:08.872102,U0013,LAB003,Logoff
4987,2025-02-13 08:24:00,U0014,PC0014,Logon
4988,2025-02-13 16:28:09.731290,U0014,PC0014,Logoff
4989,2025-02-13 09:18:00,U0015,PC0015,Logon
4990,2025-02-13 19:41:31.594687,U0015,PC0015,Logoff
4991,2025-02-13 07:33:00,U0016,PC0016,Logon
4992,2025-02-13 16:13:59.602853,U0016,PC0016,Logoff
4993,2025-02-13 08:26:00,U0017,PC0017,Logon
4994,2025-02-13 17:00:00.378214,U0017,PC0017,Logoff
4995,2025-02-13 08:11:00,U0018,PC0018,Logon
4996,2025-02-13 16:08:03.725889,U0018,PC0018,Logoff
4997,2025-02-13 09:12:00,U0019,PC0019,Logon
4998,2025-02-13 20:18:46.476724,U0019,PC0019,Logoff
4999,2025-02-13 09:52:00,U0020,PC0020,Logon
5000,2025-02-13 17:01:06.963847,U0020,PC0020,Logoff
5001,2025-02-13 08:32:00,U0021,PC0021,Logon
5002,2025-02-13 16:04:47.709210,U0021,PC0021,Logoff
5003,2025-02-13 08:45:00,U0022,PC0022,Logon
5004,2025-02-13 16:25:11.675310,U0022,PC0022,Logoff
5005,2025-02-13 09:56:00,U0023,PC0023,Logon
5006,2025-02-13 16:39:32.764371,U0023,PC0023,Logoff
5007,2025-02-13 09:59:00,U0024,PC0024,Logon
5008,2025-02-13 18:28:15.989356,U0024,PC0024,Logoff
5009,2025-02-13 08:04:00,U0025,PC0025,Logon
5010,2025-02-13 15:55:30.493306,U0025,PC0025,Logoff
5011,2025-02-13 09:12:00,U0026,PC0026,Logon
5012,2025-02-13 17:56:00.772129,U0026,PC0026,Logoff
5013,2025-02-13 09:36:00,U0027,PC0027,Logon
5014,2025-02-13 17:21:44.340059,U0027,PC0027,Logoff
5015,2025-02-13 09:24:00,U0028,PC0028,Logon
5016,2025-02-13 16:53:17.651191,U0028,PC0028,Logoff
5017,2025-02-13 07:08:00,U0029,PC0029,Logon
5018,2025-02-13 17:10:31.840478,U0029,PC0029,Logoff
5019,2025-02-13 09:21:00,U0030,PC0030,Logon
5020,2025-02-13 17:44:53.330154,U0030,PC0030,Logoff
5021,2025-02-13 08:40:00,U0031,PC0031,Logon
5022,2025-02-13 15:55:53.579517,U0031,PC0031,Logoff
5023,2025-02-13 08:34:00,U0032,PC0032,Logon
5024,2025-02-13 14:58:02.178856,U0032,PC0032,Logoff
5025,2025-02-13 10:14:00,U0033,PC0033,Logon
5026,2025-02-13 16:59:55.756806,U0033,PC0033,Logoff
5027,2025-02-13 08:53:00,U0034,PC0034,Logon
5028,2025-02-13 16:26:35.066864,U0034,PC0034,Logoff
5029,2025-02-13 09:10:00,U0035,PC0035,Logon
5030,2025-02-13 17:10:52.232397,U0035,PC0035,Logoff
5031,2025-02-13 08:38:00,U0036,PC0036,Logon
5032,2025-02-13 17:53:15.618099,U0036,PC0036,Logoff
5033,2025-02-13 09:35:00,U0037,LAB004,Logon
5034,2025-02-13 18:07:18.365846,U0037,LAB004,Logoff
5035,2025-02-13 09:08:00,U0038,PC0038,Logon
5036,2025-02-13 19:31:39.702842,U0038,PC0038,Logoff
5037,2025-02-13 10:37:00,U0039,PC0039,Logon
5038,2025-02-13 17:55:47.824765,U0039,PC0039,Logoff
5039,2025-02-13 09:18:00,U0040,PC0040,Logon
5040,2025-02-13 17:40:59.405483,U0040,PC0040,Logoff
5041,2025-02-13 09:57:00,U0041,PC0041,Logon
5042,2025-02-13 16:15:27.825006,U0041,PC0041,Logoff
5043,2025-02-13 08:20:00,U0042,PC0042,Logon
5044,2025-02-13 15:31:13.835075,U0042,PC0042,Logoff
5045,2025-02-13 09:28:00,U0043,PC0043,Logon
5046,2025-02-13 18:32:15.889801,U0043,PC0043,Logoff
5047,2025-02-13 07:41:00,U0044,PC0044,Logon
5048,2025-02-13 15:39:40.674490,U0044,PC0044,Logoff
5049,2025-02-13 09:07:00,U0045,PC0045,Logon
5050,2025-02-13 16:55:47.955736,U0045,PC0045,Logoff
5051,2025-02-13 09:12:00,U0046,PC0046,Logon
5052,2025-02-13 17:33:04.195683,U0046,PC0046,Logoff
5053,2025-02-13 09:39:00,U0047,PC0047,Logon
5054,2025-02-13 17:22:43.266079,U0047,PC0047,Logoff
5055,2025-02-13 08:24:00,U0048,LAB008,Logon
5056,2025-02-13 15:16:42.491469,U0048,LAB008,Logoff
5057,2025-02-13 09:18:00,U0049,PC0049,Logon
5058,2025-02-13 17:19:10.049720,U0049,PC0049,Logoff
5059,2025-02-13 08:53:00,U0050,PC0050,Logon
5060,2025-02-13 16:27:33.995848,U0050,PC0050,Logoff
5061,2025-02-13 08:15:00,U0051,PC0051,Logon
5062,2025-02-13 17:17:48.882460,U0051,PC0051,Logoff
5063,2025-02-13 08:35:00,U0052,PC0052,Logon
5064,2025-02-13 15:14:32.167032,U0052,PC0052,Logoff
5065,2025-02-13 09:19:00,U0053,PC0053,Logon
5066,2025-02-13 17:06:42.444010,U0053,PC0053,Logoff
5067,2025-02-13 09:39:00,U0054,LAB004,Logon
5068,2025-02-13 19:15:27.281903,U0054,LAB004,Logoff
5069,2025-02-13 08:18:00,U0055,PC0055,Logon
5070,2025-02-13 16:35:21.061223,U0055,PC0055,Logoff
5071,2025-02-13 08:42:00,U0056,PC0056,Logon
5072,2025-02-13 16:28:49.189972,U0056,PC0056,Logoff
5073,2025-02-13 09:13:00,U0057,PC0057,Logon
5074,2025-02-13 15:39:40.654558,U0057,PC0057,Logoff
5075,2025-02-13 23:31:00,U0058,PC0058,Logon
5076,2025-02-14 07:37:02.847862,U0058,PC0058,Logoff
5077,2025-02-13 09:29:00,U0059,PC0059,Logon
5078,2025-02-13 18:31:13.772035,U0059,PC0059,Logoff
5079,2025-02-13 09:15:00,U0060,PC0060,Logon
5080,2025-02-13 18:43:41.058834,U0060,PC0060,Logoff
5081,2025-02-13 08:04:00,U0061,PC0061,Logon
5082,2025-02-13 16:12:09.328442,U0061,PC0061,Logoff
5083,2025-02-13 09:23:00,U0062,PC0062,Logon
5084,2025-02-13 16:18:50.683822,U0062,PC0062,Logoff
5085,2025-02-13 09:29:00,U0063,PC0063,Logon
5086,2025-02-13 19:48:28.823901,U0063,PC0063,Logoff
5087,2025-02-13 08:06:00,U0064,PC0064,Logon
5088,2025-02-13 16:36:18.075918,U0064,PC0064,Logoff
5089,2025-02-13 09:46:00,U0065,PC0065,Logon
5090,2025-02-13 17:03:11.095188,U0065,PC0065,Logoff
5091,2025-02-13 08:39:00,U0066,PC0066,Logon
5092,2025-02-13 15:56:39.215461,U0066,PC0066,Logoff
5093,2025-02-13 08:28:00,U0067,PC0067,Logon
5094,2025-02-13 18:10:14.767481,U0067,PC0067,Logoff
5095,2025-02-13 08:40:00,U0068,PC0068,Logon
5096,2025-02-13 16:19:14.690415,U0068,PC0068,Logoff
5097,2025-02-13 09:05:00,U0069,LAB001,Logon
5098,2025-02-13 15:57:41.696030,U0069,LAB001,Logoff
5099,2025-02-13 08:52:00,U0070,PC0070,Logon
5100,2025-02-13 16:56:05.060169,U0070,PC0070,Logoff
5101,2025-02-13 09:44:00,U0071,PC0071,Logon
5102,2025-02-13 18:14:06.066163,U0071,PC0071,Logoff
5103,2025-02-13 09:00:00,U0072,PC0072,Logon
5104,2025-02-13 17:04:41.223847,U0072,PC0072,Logoff
5105,2025-02-13 09:48:00,U0073,PC0073,Logon
5106,2025-02-13 18:00:05.950458,U0073,PC0073,Logoff
5107,2025-02-13 08:04:00,U0074,PC0074,Logon
5108,2025-02-13 16:06:45.885198,U0074,PC0074,Logoff
5109,2025-02-13 08:33:00,U0075,PC0075,Logon
5110,2025-02-13 16:37:51.897154,U0075,PC0075,Logoff
5111,2025-02-13 08:18:00,U0076,PC0076,Logon
5112,2025-02-13 18:50:21.773842,U0076,PC0076,Logoff
5113,2025-02-13 08:34:00,U0077,PC0077,Logon
5114,2025-02-13 15:09:44.737561,U0077,PC0077,Logoff
5115,2025-02-13 08:45:00,U0078,PC0078,Logon
5116,2025-02-13 17:16:09.691484,U0078,PC0078,Logoff
5117,2025-02-13 09:00:00,U0079,PC0079,Logon
5118,2025-02-13 16:24:37.971360,U0079,PC0079,Logoff
5119,2025-02-13 08:53:00,U0080,PC0080,Logon
5120,2025-02-13 17:42:00.613241,U0080,PC0080,Logoff
5121,2025-02-14 08:33:00,U0001,PC0001,Logon
5122,2025-02-14 16:06:49.840411,U0001,PC0001,Logoff
5123,2025-02-14 08:05:00,U0002,PC0002,Logon
5124,2025-02-14 16:00:49.319568,U0002,PC0002,Logoff
5125,2025-02-14 09:09:00,U0003,PC0003,Logon
5126,2025-02-14 16:27:58.916584,U0003,PC0003,Logoff
5127,2025-02-14 08:54:00,U0004,PC0004,Logon
5128,2025-02-14 16:53:08.626729,U0004,PC0004,Logoff
5129,2025-02-14 09:59:00,U0005,PC0005,Logon
5130,2025-02-14 18:04:52.177829,U0005,PC0005,Logoff
5131,2025-02-14 09:20:00,U0006,PC0006,Logon
5132,2025-02-14 18:10:37.822235,U0006,PC0006,Logoff
5133,2025-02-14 09:43:00,U0007,PC0007,Logon
5134,2025-02-14 18:10:12.907885,U0007,PC0007,Logoff
5135,2025-02-14 08:43:00,U0008,PC0008,Logon
5136,2025-02-14 16:46:00.819717,U0008,PC0008,Logoff
5137,2025-02-14 09:47:00,U0009,PC0009,Logon
5138,2025-02-14 18:30:44.188300,U0009,PC0009,Logoff
5139,2025-02-14 08:47:00,U0010,PC0010,Logon
5140,2025-02-14 16:07:27.458610,U0010,PC0010,Logoff
5141,2025-02-14 08:48:00,U0011,PC0011,Logon
5142,2025-02-14 17:20:11.090040,U0011,PC0011,Logoff
5143,2025-02-14 09:32:00,U0012,PC0012,Logon
5144,2025-02-14 17:07:33.143614,U0012,PC0012,Logoff
5145,2025-02-14 09:18:00,U0013,PC0013,Logon
5146,2025-02-14 17:25:24.527313,U0013,PC0013,Logoff
5147,2025-02-14 08:20:00,U0014,LAB019,Logon
5148,2025-02-14 16:07:19.016773,U0014,LAB019,Logoff
5149,2025-02-14 09:41:00,U0015,PC0015,Logon
5150,2025-02-14 18:00:32.080140,U0015,PC0015,Logoff
5151,2025-02-14 10:14:00,U0016,PC0016,Logon
5152,2025-02-14 17:22:51.991285,U0016,PC0016,Logoff
5153,2025-02-14 09:19:00,U0017,PC0017,Logon
5154,2025-02-14 16:47:14.876365,U0017,PC0017,Logoff
5155,2025-02-14 08:15:00,U0018,PC0018,Logon
5156,2025-02-14 16:14:20.878307,U0018,PC0018,Logoff
5157,2025-02-14 09:04:00,U0019,PC0019,Logon
5158,2025-02-14 19:59:05.424798,U0019,PC0019,Logoff
5159,2025-02-14 08:00:00,U0020,LAB012,Logon
5160,2025-02-14 14:52:11.356574,U0020,LAB012,Logoff
5161,2025-02-14 09:06:00,U0021,PC0021,Logon
5162,2025-02-14 15:01:31.295865,U0021,PC0021,Logoff
5163,2025-02-14 08:20:00,U0022,PC0022,Logon
5164,2025-02-14 16:20:57.691016,U0022,PC0022,Logoff
5165,2025-02-14 09:54:00,U0023,PC0023,Logon
5166,2025-02-14 18:52:25.040098,U0023,PC0023,Logoff
5167,2025-02-14 08:39:00,U0024,PC0024,Logon
5168,2025-02-14 16:29:57.789547,U0024,PC0024,Logoff
5169,2025-02-14 08:35:00,U0025,PC0025,Logon
5170,2025-02-14 15:27:18.974803,U0025,PC0025,Logoff
5171,2025-02-14 09:05:00,U0026,PC0026,Logon
5172,2025-02-14 15:48:35.092025,U0026,PC0026,Logoff
5173,2025-02-14 08:53:00,U0027,PC0027,Logon
5174,2025-02-14 15:53:17.373744,U0027,PC0027,Logoff
5175,2025-02-14 09:25:00,U0028,PC0028,Logon
5176,2025-02-14 19:13:05.148357,U0028,PC0028,Logoff
5177,2025-02-14 21:15:00,U0029,PC0029,Logon
5178,2025-02-15 03:23:49.133462,U0029,PC0029,Logoff
5179,2025-02-14 08:53:00,U0030,PC0030,Logon
5180,2025-02-14 16:53:56.512065,U0030,PC0030,Logoff
5181,2025-02-14 09:18:00,U0031,PC0031,Logon
5182,2025-02-14 16:51:13.246145,U0031,PC0031,Logoff
5183,2025-02-14 08:25:00,U0032,PC0032,Logon
5184,2025-02-14 16:47:03.037478,U0032,PC0032,Logoff
5185,2025-02-14 09:23:00,U0033,PC0033,Logon
5186,2025-02-14 15:25:41.824427,U0033,PC0033,Logoff
5187,2025-02-14 08:11:00,U0034,PC0034,Logon
5188,2025-02-14 16:23:49.711658,U0034,PC0034,Logoff
5189,2025-02-14 08:01:00,U0035,PC0035,Logon
5190,2025-02-14 17:44:52.210674,U0035,PC0035,Logoff
5191,2025-02-14 08:25:00,U0036,PC0036,Logon
5192,2025-02-14 16:22:31.346327,U0036,PC0036,Logoff
5193,2025-02-14 09:40:00,U0037,PC0037,Logon
5194,2025-02-14 17:04:31.374760,U0037,PC0037,Logoff
5195,2025-02-14 08:02:00,U0038,PC0038,Logon
5196,2025-02-14 15:36:16.843703,U0038,PC0038,Logoff
5197,2025-02-14 09:01:00,U0039,PC0039,Logon
5198,2025-02-14 16:40:47.177544,U0039,PC0039,Logoff
5199,2025-02-14 08:21:00,U0040,PC0040,Logon
5200,2025-02-14 17:16:32.419954,U0040,PC0040,Logoff
5201,2025-02-14 08:12:00,U0041,PC0041,Logon
5202,2025-02-14 15:41:23.421071,U0041,PC0041,Logoff
5203,2025-02-14 09:00:00,U0042,PC0042,Logon
5204,2025-02-14 17:46:14.700755,U0042,PC0042,Logoff
5205,2025-02-14 10:06:00,U0043,PC0043,Logon
5206,2025-02-14 18:55:38.049988,U0043,PC0043,Logoff
5207,2025-02-14 09:07:00,U0044,PC0044,Logon
5208,2025-02-14 16:36:38.521684,U0044,PC0044,Logoff
5209,2025-02-14 08:50:00,U0045,PC0045,Logon
5210,2025-02-14 16:53:44.392859,U0045,PC0045,Logoff
5211,2025-02-14 09:51:00,U0046,PC0046,Logon
5212,2025-02-14 16:46:17.354131,U0046,PC0046,Logoff
5213,2025-02-14 08:45:00,U0047,PC0047,Logon
5214,2025-02-14 17:08:57.543366,U0047,PC0047,Logoff
5215,2025-02-14 09:21:00,U0048,PC0048,Logon
5216,2025-02-14 17:51:15.436272,U0048,PC0048,Logoff
5217,2025-02-14 09:29:00,U0049,PC0049,Logon
5218,2025-02-14 16:58:34.768827,U0049,PC0049,Logoff
5219,2025-02-14 08:29:00,U0050,PC0050,Logon
5220,2025-02-14 15:17:03.774967,U0050,PC0050,Logoff
5221,2025-02-14 09:35:00,U0051,LAB008,Logon
5222,2025-02-14 17:35:48.421313,U0051,LAB008,Logoff
5223,2025-02-14 08:47:00,U0052,PC0052,Logon
5224,2025-02-14 15:51:16.348507,U0052,PC0052,Logoff
5225,2025-02-14 10:06:00,U0053,PC0053,Logon
5226,2025-02-14 17:01:36.019084,U0053,PC0053,Logoff
5227,2025-02-14 08:00:00,U0054,PC0054,Logon
5228,2025-02-14 16:24:57.012611,U0054,PC0054,Logoff
5229,2025-02-14 09:41:00,U0055,PC0055,Logon
5230,2025-02-14 18:38:28.555399,U0055,PC0055,Logoff
5231,2025-02-14 09:41:00,U0056,PC0056,Logon
5232,2025-02-14 18:11:22.167560,U0056,PC0056,Logoff
5233,2025-02-14 08:32:00,U0057,PC0057,Logon
5234,2025-02-14 16:16:34.997550,U0057,PC0057,Logoff
5235,2025-02-14 09:41:00,U0058,PC0058,Logon
5236,2025-02-14 19:45:05.613749,U0058,PC0058,Logoff
5237,2025-02-14 08:17:00,U0059,PC0059,Logon
5238,2025-02-14 17:29:09.275419,U0059,PC0059,Logoff
5239,2025-02-14 09:41:00,U0060,PC0060,Logon
5240,2025-02-14 18:31:16.189927,U0060,PC0060,Logoff
5241,2025-02-14 08:11:00,U0061,PC0061,Logon
5242,2025-02-14 15:20:27.242532,U0061,PC0061,Logoff
5243,2025-02-14 09:21:00,U0062,PC0062,Logon
5244,2025-02-14 18:00:15.951698,U0062,PC0062,Logoff
5245,2025-02-14 09:51:00,U0063,PC0063,Logon
5246,2025-02-14 17:50:12.103313,U0063,PC0063,Logoff
5247,2025-02-14 08:30:00,U0064,PC0064,Logon
5248,2025-02-14 14:56:28.366818,U0064,PC0064,Logoff
5249,2025-02-14 09:54:00,U0065,PC0065,Logon
5250,2025-02-14 18:19:26.002137,U0065,PC0065,Logoff
5251,2025-02-14 08:09:00,U0066,PC0066,Logon
5252,2025-02-14 15:36:41.134776,U0066,PC0066,Logoff
5253,2025-02-14 08:04:00,U0067,PC0067,Logon
5254,2025-02-14 14:35:01.256045,U0067,PC0067,Logoff
5255,2025-02-14 08:23:00,U0068,PC0068,Logon
5256,2025-02-14 15:14:58.210715,U0068,PC0068,Logoff
5257,2025-02-14 08:40:00,U0069,PC0069,Logon
5258,2025-02-14 15:55:40.689006,U0069,PC0069,Logoff
5259,2025-02-14 08:22:00,U0070,PC0070,Logon
5260,2025-02-14 18:23:21.324830,U0070,PC0070,Logoff
5261,2025-02-14 09:50:00,U0071,PC0071,Logon
5262,2025-02-14 17:03:15.530083,U0071,PC0071,Logoff
5263,2025-02-14 09:05:00,U0072,PC0072,Logon
5264,2025-02-14 17:30:02.874323,U0072,PC0072,Logoff
5265,2025-02-14 09:07:00,U0073,PC0073,Logon
5266,2025-02-14 16:17:53.021904,U0073,PC0073,Logoff
5267,2025-02-14 09:54:00,U0074,LAB008,Logon
5268,2025-02-14 17:21:07.540905,U0074,LAB008,Logoff
5269,2025-02-14 08:47:00,U0075,PC0075,Logon
5270,2025-02-14 17:30:26.891614,U0075,PC0075,Logoff
5271,2025-02-14 21:10:00,U0076,PC0076,Logon
5272,2025-02-15 07:45:16.472305,U0076,PC0076,Logoff
5273,2025-02-14 08:49:00,U0077,PC0077,Logon
5274,2025-02-14 17:30:56.110866,U0077,PC0077,Logoff
5275,2025-02-14 08:11:00,U0078,LAB010,Logon
5276,2025-02-14 16:58:00.091358,U0078,LAB010,Logoff
5277,2025-02-14 08:42:00,U0079,PC0079,Logon
5278,2025-02-14 15:26:14.028807,U0079,PC0079,Logoff
5279,2025-02-14 08:05:00,U0080,PC0080,Logon
5280,2025-02-14 16:09:44.270564,U0080,PC0080,Logoff
5281,2025-02-17 08:00:00,U0001,LAB007,Logon
5282,2025-02-17 16:39:32.595638,U0001,LAB007,Logoff
5283,2025-02-17 09:07:00,U0002,PC0002,Logon
5284,2025-02-17 17:42:58.479148,U0002,PC0002,Logoff
5285,2025-02-17 09:41:00,U0003,PC0003,Logon
5286,2025-02-17 18:05:56.975866,U0003,PC0003,Logoff
5287,2025-02-17 08:31:00,U0004,PC0004,Logon
5288,2025-02-17 17:52:48.155449,U0004,PC0004,Logoff
5289,2025-02-17 08:27:00,U0005,PC0005,Logon
5290,2025-02-17 17:21:37.506599,U0005,PC0005,Logoff
5291,2025-02-17 09:20:00,U0006,PC0006,Logon
5292,2025-02-17 17:47:24.076839,U0006,PC0006,Logoff
5293,2025-02-17 08:08:00,U0007,PC0007,Logon
5294,2025-02-17 15:12:54.436201,U0007,PC0007,Logoff
5295,2025-02-17 09:07:00,U0008,PC0008,Logon
5296,2025-02-17 16:56:51.158332,U0008,PC0008,Logoff
5297,2025-02-17 09:03:00,U0009,PC0009,Logon
5298,2025-02-17 17:48:31.767898,U0009,PC0009,Logoff
5299,2025-02-17 09:26:00,U0010,PC0010,Logon
5300,2025-02-17 17:42:43.679325,U0010,PC0010,Logoff
5301,2025-02-17 08:36:00,U0011,PC0011,Logon
5302,2025-02-17 16:17:14.393595,U0011,PC0011,Logoff
5303,2025-02-17 09:52:00,U0012,PC0012,Logon
5304,2025-02-17 18:25:12.850312,U0012,PC0012,Logoff
5305,2025-02-17 08:44:00,U0013,PC0013,Logon
5306,2025-02-17 17:48:55.604327,U0013,PC0013,Logoff
5307,2025-02-17 08:08:00,U0014,PC0014,Logon
5308,2025-02-17 15:16:54.016172,U0014,PC0014,Logoff
5309,2025-02-17 08:24:00,U0015,PC0015,Logon
5310,2025-02-17 15:25:16.532989,U0015,PC0015,Logoff
5311,2025-02-17 08:32:00,U0016,PC0016,Logon
5312,2025-02-17 17:46:01.407402,U0016,PC0016,Logoff
5313,2025-02-17 08:35:00,U0017,PC0017,Logon
5314,2025-02-17 16:46:18.512740,U0017,PC0017,Logoff
5315,2025-02-17 08:38:00,U0018,PC0018,Logon
5316,2025-02-17 16:22:22.887451,U0018,PC0018,Logoff
5317,2025-02-17 08:18:00,U0019,PC0019,Logon
5318,2025-02-17 16:04:46.062375,U0019,PC0019,Logoff
5319,2025-02-17 08:36:00,U0020,PC0020,Logon
5320,2025-02-17 17:08:25.036599,U0020,PC0020,Logoff
5321,2025-02-17 09:47:00,U0021,PC0021,Logon
5322,2025-02-17 16:35:05.788350,U0021,PC0021,Logoff
5323,2025-02-17 09:12:00,U0022,PC0022,Logon
5324,2025-02-17 17:24:37.090945,U0022,PC0022,Logoff
5325,2025-02-17 09:24:00,U0023,PC0023,Logon
5326,2025-02-17 17:23:26.943528,U0023,PC0023,Logoff
5327,2025-02-17 08:22:00,U0024,PC0024,Logon
5328,2025-02-17 16:35:04.088423,U0024,PC0024,Logoff
5329,2025-02-17 09:47:00,U0025,PC0025,Logon
5330,2025-02-17 16:02:11.175511,U0025,PC0025,Logoff
5331,2025-02-17 08:32:00,U0026,PC0026,Logon
5332,2025-02-17 16:16:42.190907,U0026,PC0026,Logoff
5333,2025-02-17 09:38:00,U0027,PC0027,Logon
5334,2025-02-17 18:49:35.919621,U0027,PC0027,Logoff
5335,2025-02-17 08:02:00,U0028,PC0028,Logon
5336,2025-02-17 15:32:07.337351,U0028,PC0028,Logoff
5337,2025-02-17 08:56:00,U0029,PC0029,Logon
5338,2025-02-17 16:07:54.500676,U0029,PC0029,Logoff
5339,2025-02-17 08:48:00,U0030,PC0030,Logon
5340,2025-02-17 17:34:14.887992,U0030,PC0030,Logoff
5341,2025-02-17 08:16:00,U0031,PC0031,Logon
5342,2025-02-17 16:41:40.131823,U0031,PC0031,Logoff
5343,2025-02-17 08:26:00,U0032,PC0032,Logon
5344,2025-02-17 15:52:19.183213,U0032,PC0032,Logoff
5345,2025-02-17 08:12:00,U0033,PC0033,Logon
5346,2025-02-17 17:52:29.494822,U0033,PC0033,Logoff
5347,2025-02-17 08:01:00,U0034,PC0034,Logon
5348,2025-02-17 13:48:55.523496,U0034,PC0034,Logoff
5349,2025-02-17 08:27:00,U0035,PC0035,Logon
5350,2025-02-17 16:29:02.506511,U0035,PC0035,Logoff
5351,2025-02-17 09:19:00,U0036,PC0036,Logon
5352,2025-02-17 17:41:31.641087,U0036,PC0036,Logoff
5353,2025-02-17 09:13:00,U0037,PC0037,Logon
5354,2025-02-17 18:22:44.134551,U0037,PC0037,Logoff
5355,2025-02-17 08:53:00,U0038,PC0038,Logon
5356,2025-02-17 17:46:41.678002,U0038,PC0038,Logoff
5357,2025-02-17 08:09:00,U0039,PC0039,Logon
5358,2025-02-17 15:14:42.187801,U0039,PC0039,Logoff
5359,2025-02-17 08:29:00,U0040,PC0040,Logon
5360,2025-02-17 16:12:30.556918,U0040,PC0040,Logoff
5361,2025-02-17 08:26:00,U0041,PC0041,Logon
5362,2025-02-17 16:32:50.765372,U0041,PC0041,Logoff
5363,2025-02-17 09:03:00,U0042,PC0042,Logon
5364,2025-02-17 16:07:20.808009,U0042,PC0042,Logoff
5365,2025-02-17 08:26:00,U0043,PC0043,Logon
5366,2025-02-17 14:56:09.191993,U0043,PC0043,Logoff
5367,2025-02-17 09:28:00,U0044,PC0044,Logon
5368,2025-02-17 17:09:46.946138,U0044,PC0044,Logoff
5369,2025-02-17 08:11:00,U0045,LAB009,Logon
5370,2025-02-17 17:46:20.185182,U0045,LAB009,Logoff
5371,2025-02-17 08:30:00,U0046,PC0046,Logon
5372,2025-02-17 15:22:27.886389,U0046,PC0046,Logoff
5373,2025-02-17 08:30:00,U0047,PC0047,Logon
5374,2025-02-17 16:25:55.663026,U0047,PC0047,Logoff
5375,2025-02-17 09:50:00,U0048,PC0048,Logon
5376,2025-02-17 18:34:22.831685,U0048,PC0048,Logoff
5377,2025-02-17 10:25:00,U0049,PC0049,Logon
5378,2025-02-17 16:10:02.043165,U0049,PC0049,Logoff
5379,2025-02-17 09:27:00,U0050,PC0050,Logon
5380,2025-02-17 16:53:34.329939,U0050,PC0050,Logoff
5381,2025-02-17 08:13:00,U0051,PC0051,Logon
5382,2025-02-17 15:35:48.820338,U0051,PC0051,Logoff
5383,2025-02-17 08:57:00,U0052,PC0052,Logon
5384,2025-02-17 18:38:04.289405,U0052,PC0052,Logoff
5385,2025-02-17 09:15:00,U0053,PC0053,Logon
5386,2025-02-17 17:16:23.505523,U0053,PC0053,Logoff
5387,2025-02-17 09:18:00,U0054,PC0054,Logon
5388,2025-02-17 15:47:14.895725,U0054,PC0054,Logoff
5389,2025-02-17 08:10:00,U0055,PC0055,Logon
5390,2025-02-17 13:59:19.316164,U0055,PC0055,Logoff
5391,2025-02-17 08:16:00,U0056,PC0056,Logon
5392,2025-02-17 16:25:42.114696,U0056,PC0056,Logoff
5393,2025-02-17 09:16:00,U0057,PC0057,Logon
5394,2025-02-17 17:24:57.630880,U0057,PC0057,Logoff
5395,2025-02-17 08:46:00,U0058,PC0058,Logon
5396,2025-02-17 17:34:11.357073,U0058,PC0058,Logoff
5397,2025-02-17 09:59:00,U0059,PC0059,Logon
5398,2025-02-17 18:42:58.995413,U0059,PC0059,Logoff
5399,2025-02-17 08:41:00,U0060,LAB013,Logon
5400,2025-02-17 16:59:41.367092,U0060,LAB013,Logoff
5401,2025-02-17 08:19:00,U0061,PC0061,Logon
5402,2025-02-17 15:55:09.636291,U0061,PC0061,Logoff
5403,2025-02-17 09:33:00,U0062,PC0062,Logon
5404,2025-02-17 17:38:27.936983,U0062,PC0062,Logoff
5405,2025-02-17 08:12:00,U0063,LAB003,Logon
5406,2025-02-17 16:12:22.583362,U0063,LAB003,Logoff
5407,2025-02-17 08:46:00,U0064,PC0064,Logon
5408,2025-02-17 17:55:00.962625,U0064,PC0064,Logoff
5409,2025-02-17 08:05:00,U0065,PC0065,Logon
5410,2025-02-17 17:12:06.779799,U0065,PC0065,Logoff
5411,2025-02-17 08:28:00,U0066,PC0066,Logon
5412,2025-02-17 15:56:35.126442,U0066,PC0066,Logoff
5413,2025-02-17 08:03:00,U0067,PC0067,Logon
5414,2025-02-17 16:55:34.226154,U0067,PC0067,Logoff
5415,2025-02-17 08:28:00,U0068,PC0068,Logon
5416,2025-02-17 17:06:40.543557,U0068,PC0068,Logoff
5417,2025-02-17 08:18:00,U0069,PC0069,Logon
5418,2025-02-17 14:19:26.532120,U0069,PC0069,Logoff
5419,2025-02-17 08:05:00,U0070,PC0070,Logon
5420,2025-02-17 14:54:15.210428,U0070,PC0070,Logoff
5421,2025-02-17 09:46:00,U0071,PC0071,Logon
5422,2025-02-17 16:34:34.532152,U0071,PC0071,Logoff
5423,2025-02-17 09:57:00,U0072,PC0072,Logon
5424,2025-02-17 17:51:32.126903,U0072,PC0072,Logoff
5425,2025-02-17 08:17:00,U0073,PC0073,Logon
5426,2025-02-17 16:56:21.211696,U0073,PC0073,Logoff
5427,2025-02-17 09:54:00,U0074,PC0074,Logon
5428,2025-02-17 17:52:47.644494,U0074,PC0074,Logoff
5429,2025-02-17 08:57:00,U0075,PC0075,Logon
5430,2025-02-17 15:10:33.709382,U0075,PC0075,Logoff
5431,2025-02-17 08:43:00,U0076,PC0076,Logon
5432,2025-02-17 16:05:58.035912,U0076,PC0076,Logoff
5433,2025-02-17 09:28:00,U0077,PC0077,Logon
5434,2025-02-17 17:07:17.471228,U0077,PC0077,Logoff
5435,2025-02-17 09:28:00,U0078,PC0078,Logon
5436,2025-02-17 16:51:13.260223,U0078,PC0078,Logoff
5437,2025-02-17 08:38:00,U0079,PC0079,Logon
5438,2025-02-17 17:49:02.354796,U0079,PC0079,Logoff
5439,2025-02-17 09:04:00,U0080,PC0080,Logon
5440,2025-02-17 17:00:23.864850,U0080,PC0080,Logoff
5441,2025-02-18 08:56:00,U0001,PC0001,Logon
5442,2025-02-18 16:18:00.366972,U0001,PC0001,Logoff
5443,2025-02-18 08:08:00,U0002,PC0002,Logon
5444,2025-02-18 15:35:32.375283,U0002,PC0002,Logoff
5445,2025-02-18 09:36:00,U0003,PC0003,Logon
5446,2025-02-18 17:22:41.202223,U0003,PC0003,Logoff
5447,2025-02-18 08:56:00,U0004,PC0004,Logon
5448,2025-02-18 18:42:05.409455,U0004,PC0004,Logoff
5449,2025-02-18 09:11:00,U0005,PC0005,Logon
5450,2025-02-18 15:46:35.003758,U0005,PC0005,Logoff
5451,2025-02-18 08:38:00,U0006,PC0006,Logon
5452,2025-02-18 16:44:39.190978,U0006,PC0006,Logoff
5453,2025-02-18 09:44:00,U0007,PC0007,Logon
5454,2025-02-18 16:37:30.795150,U0007,PC0007,Logoff
5455,2025-02-18 09:08:00,U0008,PC0008,Logon
5456,2025-02-18 18:31:58.151137,U0008,PC0008,Logoff
5457,2025-02-18 08:57:00,U0009,PC0009,Logon
5458,2025-02-18 16:40:20.950972,U0009,PC0009,Logoff
5459,2025-02-18 08:59:00,U0010,PC0010,Logon
5460,2025-02-18 16:46:47.539892,U0010,PC0010,Logoff
5461,2025-02-18 08:13:00,U0011,PC0011,Logon
5462,2025-02-18 16:52:34.739993,U0011,PC0011,Logoff
5463,2025-02-18 09:53:00,U0012,PC0012,Logon
5464,2025-02-18 17:08:06.854167,U0012,PC0012,Logoff
5465,2025-02-18 08:35:00,U0013,PC0013,Logon
5466,2025-02-18 16:33:43.518795,U0013,PC0013,Logoff
5467,2025-02-18 09:22:00,U0014,PC0014,Logon
5468,2025-02-18 17:36:57.903676,U0014,PC0014,Logoff
5469,2025-02-18 08:03:00,U0015,PC0015,Logon
5470,2025-02-18 16:10:29.107559,U0015,PC0015,Logoff
5471,2025-02-18 09:53:00,U0016,PC0016,Logon
5472,2025-02-18 18:15:54.243008,U0016,PC0016,Logoff
5473,2025-02-18 08:05:00,U0017,PC0017,Logon
5474,2025-02-18 15:34:59.287858,U0017,PC0017,Logoff
5475,2025-02-18 08:29:00,U0018,PC0018,Logon
5476,2025-02-18 18:07:12.263863,U0018,PC0018,Logoff
5477,2025-02-18 08:34:00,U0019,PC0019,Logon
5478,2025-02-18 16:32:48.740360,U0019,PC0019,Logoff
5479,2025-02-18 08:04:00,U0020,PC0020,Logon
5480,2025-02-18 17:09:56.340087,U0020,PC0020,Logoff
5481,2025-02-18 09:32:00,U0021,PC0021,Logon
5482,2025-02-18 17:59:02.206978,U0021,PC0021,Logoff
5483,2025-02-18 09:24:00,U0022,PC0022,Logon
5484,2025-02-18 17:26:12.418199,U0022,PC0022,Logoff
5485,2025-02-18 07:00:00,U0023,PC0023,Logon
5486,2025-02-18 15:44:42.543111,U0023,PC0023,Logoff
5487,2025-02-18 09:11:00,U0024,PC0024,Logon
5488,2025-02-18 17:36:42.031382,U0024,PC0024,Logoff
5489,2025-02-18 08:03:00,U0025,PC0025,Logon
5490,2025-02-18 15:39:55.955236,U0025,PC0025,Logoff
5491,2025-02-18 08:43:00,U0026,PC0026,Logon
5492,2025-02-18 17:44:17.842743,U0026,PC0026,Logoff
5493,2025-02-18 08:05:00,U0027,PC0027,Logon
5494,2025-02-18 18:09:57.577160,U0027,PC0027,Logoff
5495,2025-02-18 09:22:00,U0028,PC0028,Logon
5496,2025-02-18 16:05:27.542424,U0028,PC0028,Logoff
5497,2025-02-18 08:03:00,U0029,PC0029,Logon
5498,2025-02-18 15:23:53.969560,U0029,PC0029,Logoff
5499,2025-02-18 07:19:00,U0030,PC0030,Logon
5500,2025-02-18 16:54:58.095384,U0030,PC0030,Logoff
5501,2025-02-18 09:41:00,U0031,PC0031,Logon
5502,2025-02-18 18:12:59.546344,U0031,PC0031,Logoff
5503,2025-02-18 09:56:00,U0032,PC0032,Logon
5504,2025-02-18 16:33:04.736753,U0032,PC0032,Logoff
5505,2025-02-18 08:39:00,U0033,PC0033,Logon
5506,2025-02-18 17:29:30.410789,U0033,PC0033,Logoff
5507,2025-02-18 08:36:00,U0034,PC0034,Logon
5508,2025-02-18 14:04:05.630461,U0034,PC0034,Logoff
5509,2025-02-18 08:36:00,U0035,PC0035,Logon
5510,2025-02-18 16:27:29.672806,U0035,PC0035,Logoff
5511,2025-02-18 09:24:00,U0036,PC0036,Logon
5512,2025-02-18 18:07:42.667117,U0036,PC0036,Logoff
5513,2025-02-18 09:30:00,U0037,PC0037,Logon
5514,2025-02-18 17:45:31.571299,U0037,PC0037,Logoff
5515,2025-02-18 09:42:00,U0038,PC0038,Logon
5516,2025-02-18 16:10:51.708789,U0038,PC0038,Logoff
5517,2025-02-18 09:27:00,U0039,PC0039,Logon
5518,2025-02-18 18:04:35.538108,U0039,PC0039,Logoff
5519,2025-02-18 08:48:00,U0040,PC0040,Logon
5520,2025-02-18 15:17:49.665809,U0040,PC0040,Logoff
5521,2025-02-18 08:48:00,U0041,PC0041,Logon
5522,2025-02-18 16:08:18.450807,U0041,PC0041,Logoff
5523,2025-02-18 09:49:00,U0042,PC0042,Logon
5524,2025-02-18 17:12:07.660379,U0042,PC0042,Logoff
5525,2025-02-18 08:42:00,U0043,PC0043,Logon
5526,2025-02-18 16:05:18.118548,U0043,PC0043,Logoff
5527,2025-02-18 09:52:00,U0044,PC0044,Logon
5528,2025-02-18 17:52:46.956148,U0044,PC0044,Logoff
5529,2025-02-18 08:46:00,U0045,PC0045,Logon
5530,2025-02-18 16:39:23.980205,U0045,PC0045,Logoff
5531,2025-02-18 09:54:00,U0046,PC0046,Logon
5532,2025-02-18 17:09:02.981784,U0046,PC0046,Logoff
5533,2025-02-18 09:38:00,U0047,PC0047,Logon
5534,2025-02-18 17:50:37.786676,U0047,PC0047,Logoff
5535,2025-02-18 08:01:00,U0048,PC0048,Logon
5536,2025-02-18 18:31:03.241793,U0048,PC0048,Logoff
5537,2025-02-18 08:47:00,U0049,PC0049,Logon
5538,2025-02-18 16:25:46.731266,U0049,PC0049,Logoff
5539,2025-02-18 08:57:00,U0050,PC0050,Logon
5540,2025-02-18 17:54:08.863094,U0050,PC0050,Logoff
5541,2025-02-18 09:00:00,U0051,PC0051,Logon
5542,2025-02-18 18:40:11.722013,U0051,PC0051,Logoff
5543,2025-02-18 09:32:00,U0052,PC0052,Logon
5544,2025-02-18 17:20:08.566316,U0052,PC0052,Logoff
5545,2025-02-18 08:23:00,U0053,PC0053,Logon
5546,2025-02-18 14:42:43.788819,U0053,PC0053,Logoff
5547,2025-02-18 10:51:00,U0054,PC0054,Logon
5548,2025-02-18 19:19:08.321081,U0054,PC0054,Logoff
5549,2025-02-18 08:15:00,U0055,PC0055,Logon
5550,2025-02-18 17:34:41.004800,U0055,PC0055,Logoff
5551,2025-02-18 08:32:00,U0056,PC0056,Logon
5552,2025-02-18 16:56:23.839323,U0056,PC0056,Logoff
5553,2025-02-18 08:13:00,U0057,PC0057,Logon
5554,2025-02-18 16:51:19.237704,U0057,PC0057,Logoff
5555,2025-02-18 08:46:00,U0058,PC0058,Logon
5556,2025-02-18 15:18:56.659592,U0058,PC0058,Logoff
5557,2025-02-18 09:12:00,U0059,PC0059,Logon
5558,2025-02-18 18:14:55.910911,U0059,PC0059,Logoff
5559,2025-02-18 08:24:00,U0060,PC0060,Logon
5560,2025-02-18 17:10:30.414438,U0060,PC0060,Logoff
5561,2025-02-18 08:36:00,U0061,PC0061,Logon
5562,2025-02-18 16:34:25.461144,U0061,PC0061,Logoff
5563,2025-02-18 08:39:00,U0062,PC0062,Logon
5564,2025-02-18 17:23:49.131024,U0062,PC0062,Logoff
5565,2025-02-18 09:16:00,U0063,PC0063,Logon
5566,2025-02-18 17:57:24.265235,U0063,PC0063,Logoff
5567,2025-02-18 09:41:00,U0064,PC0064,Logon
5568,2025-02-18 18:22:29.826870,U0064,PC0064,Logoff
5569,2025-02-18 09:39:00,U0065,PC0065,Logon
5570,2025-02-18 16:39:06.435869,U0065,PC0065,Logoff
5571,2025-02-18 08:58:00,U0066,PC0066,Logon
5572,2025-02-18 16:26:00.874553,U0066,PC0066,Logoff
5573,2025-02-18 08:32:00,U0067,PC0067,Logon
5574,2025-02-18 16:09:31.677057,U0067,PC0067,Logoff
5575,2025-02-18 08:47:00,U0068,PC0068,Logon
5576,2025-02-18 14:49:33.581079,U0068,PC0068,Logoff
5577,2025-02-18 08:04:00,U0069,PC0069,Logon
5578,2025-02-18 16:15:36.166027,U0069,PC0069,Logoff
5579,2025-02-18 08:55:00,U0070,PC0070,Logon
5580,2025-02-18 16:55:56.456051,U0070,PC0070,Logoff
5581,2025-02-18 09:46:00,U0071,PC0071,Logon
5582,2025-02-18 18:47:23.003599,U0071,PC0071,Logoff
5583,2025-02-18 09:30:00,U0072,LAB008,Logon
5584,2025-02-18 17:53:28.060357,U0072,LAB008,Logoff
5585,2025-02-18 09:13:00,U0073,PC0073,Logon
5586,2025-02-18 16:29:33.726970,U0073,PC0073,Logoff
5587,2025-02-18 08:18:00,U0074,PC0074,Logon
5588,2025-02-18 13:33:39.095258,U0074,PC0074,Logoff
5589,2025-02-18 09:18:00,U0075,PC0075,Logon
5590,2025-02-18 18:50:25.166327,U0075,PC0075,Logoff
5591,2025-02-18 08:51:00,U0076,PC0076,Logon
5592,2025-02-18 16:35:45.773857,U0076,PC0076,Logoff
5593,2025-02-18 08:53:00,U0077,PC0077,Logon
5594,2025-02-18 17:15:57.552785,U0077,PC0077,Logoff
5595,2025-02-18 09:16:00,U0078,PC0078,Logon
5596,2025-02-18 15:31:26.020894,U0078,PC0078,Logoff
5597,2025-02-18 09:46:00,U0079,PC0079,Logon
5598,2025-02-18 17:29:23.981622,U0079,PC0079,Logoff
5599,2025-02-18 09:46:00,U0080,PC0080,Logon
5600,2025-02-18 18:13:32.378406,U0080,PC0080,Logoff
5601,2025-02-19 21:26:00,U0001,LAB010,Logon
5602,2025-02-20 05:19:47.087328,U0001,LAB010,Logoff
5603,2025-02-19 08:54:00,U0002,PC0002,Logon
5604,2025-02-19 17:52:13.138326,U0002,PC0002,Logoff
5605,2025-02-19 09:09:00,U0003,PC0003,Logon
5606,2025-02-19 17:22:14.100736,U0003,PC0003,Logoff
5607,2025-02-19 08:53:00,U0004,PC0004,Logon
5608,2025-02-19 16:30:17.112924,U0004,PC0004,Logoff
5609,2025-02-19 09:59:00,U0005,PC0005,Logon
5610,2025-02-19 18:01:15.707663,U0005,PC0005,Logoff
5611,2025-02-19 09:17:00,U0006,LAB013,Logon
5612,2025-02-19 19:02:59.442481,U0006,LAB013,Logoff
5613,2025-02-19 09:36:00,U0007,PC0007,Logon
5614,2025-02-19 17:41:35.370016,U0007,PC0007,Logoff
5615,2025-02-19 08:14:00,U0008,PC0008,Logon
5616,2025-02-19 13:40:47.221454,U0008,PC0008,Logoff
5617,2025-02-19 08:48:00,U0009,LAB020,Logon
5618,2025-02-19 16:28:26.355015,U0009,LAB020,Logoff
5619,2025-02-19 09:17:00,U0010,PC0010,Logon
5620,2025-02-19 17:07:45.941183,U0010,PC0010,Logoff
5621,2025-02-19 08:36:00,U0011,PC0011,Logon
5622,2025-02-19 14:49:14.163850,U0011,PC0011,Logoff
5623,2025-02-19 08:28:00,U0012,PC0012,Logon
5624,2025-02-19 16:56:35.943747,U0012,PC0012,Logoff
5625,2025-02-19 09:35:00,U0013,PC0013,Logon
5626,2025-02-19 17:29:08.908619,U0013,PC0013,Logoff
5627,2025-02-19 09:56:00,U0014,PC0014,Logon
5628,2025-02-19 18:53:08.921365,U0014,PC0014,Logoff
5629,2025-02-19 08:15:00,U0015,PC0015,Logon
5630,2025-02-19 16:37:00.530556,U0015,PC0015,Logoff
5631,2025-02-19 08:34:00,U0016,LAB016,Logon
5632,2025-02-19 17:25:53.367979,U0016,LAB016,Logoff
5633,2025-02-19 09:47:00,U0017,PC0017,Logon
5634,2025-02-19 18:04:54.426530,U0017,PC0017,Logoff
5635,2025-02-19 08:05:00,U0018,PC0018,Logon
5636,2025-02-19 16:47:25.316495,U0018,PC0018,Logoff
5637,2025-02-19 10:18:00,U0019,PC0019,Logon
5638,2025-02-19 17:17:31.517896,U0019,PC0019,Logoff
5639,2025-02-19 08:54:00,U0020,PC0020,Logon
5640,2025-02-19 17:07:53.786907,U0020,PC0020,Logoff
5641,2025-02-19 09:40:00,U0021,PC0021,Logon
5642,2025-02-19 17:06:25.633373,U0021,PC0021,Logoff
5643,2025-02-19 07:55:00,U0022,PC0022,Logon
5644,2025-02-19 17:16:33.082179,U0022,PC0022,Logoff
5645,2025-02-19 09:04:00,U0023,PC0023,Logon
5646,2025-02-19 15:19:25.388890,U0023,PC0023,Logoff
5647,2025-02-19 08:03:00,U0024,PC0024,Logon
5648,2025-02-19 17:37:05.456746,U0024,PC0024,Logoff
5649,2025-02-19 09:47:00,U0025,PC0025,Logon
5650,2025-02-19 18:43:19.104082,U0025,PC0025,Logoff
5651,2025-02-19 08:12:00,U0026,PC0026,Logon
5652,2025-02-19 16:16:58.754708,U0026,PC0026,Logoff
5653,2025-02-19 08:14:00,U0027,PC0027,Logon
5654,2025-02-19 17:21:41.663220,U0027,PC0027,Logoff
5655,2025-02-19 08:05:00,U0028,PC0028,Logon
5656,2025-02-19 15:16:39.121242,U0028,PC0028,Logoff
5657,2025-02-19 09:31:00,U0029,PC0029,Logon
5658,2025-02-19 17:28:20.298760,U0029,PC0029,Logoff
5659,2025-02-19 09:16:00,U0030,PC0030,Logon
5660,2025-02-19 16:35:42.556055,U0030,PC0030,Logoff
5661,2025-02-19 08:37:00,U0031,PC0031,Logon
5662,2025-02-19 15:41:39.313255,U0031,PC0031,Logoff
5663,2025-02-19 09:15:00,U0032,PC0032,Logon
5664,2025-02-19 15:46:17.231027,U0032,PC0032,Logoff
5665,2025-02-19 08:48:00,U0033,PC0033,Logon
5666,2025-02-19 15:21:49.486086,U0033,PC0033,Logoff
5667,2025-02-19 09:48:00,U0034,PC0034,Logon
5668,2025-02-19 18:30:59.721623,U0034,PC0034,Logoff
5669,2025-02-19 08:40:00,U0035,PC0035,Logon
5670,2025-02-19 18:00:01.988684,U0035,PC0035,Logoff
5671,2025-02-19 10:38:00,U0036,PC0036,Logon
5672,2025-02-19 18:40:45.622992,U0036,PC0036,Logoff
5673,2025-02-19 08:24:00,U0037,PC0037,Logon
5674,2025-02-19 19:13:27.590128,U0037,PC0037,Logoff
5675,2025-02-19 08:45:00,U0038,PC0038,Logon
5676,2025-02-19 16:46:12.383281,U0038,PC0038,Logoff
5677,2025-02-19 09:18:00,U0039,LAB001,Logon
5678,2025-02-19 18:38:42.531434,U0039,LAB001,Logoff
5679,2025-02-19 09:51:00,U0040,PC0040,Logon
5680,2025-02-19 17:21:04.917975,U0040,PC0040,Logoff
5681,2025-02-19 08:03:00,U0041,PC0041,Logon
5682,2025-02-19 15:42:29.441447,U0041,PC0041,Logoff
5683,2025-02-19 08:33:00,U0042,PC0042,Logon
5684,2025-02-19 16:35:52.171151,U0042,PC0042,Logoff
5685,2025-02-19 08:18:00,U0043,PC0043,Logon
5686,2025-02-19 14:48:21.463944,U0043,PC0043,Logoff
5687,2025-02-19 09:13:00,U0044,PC0044,Logon
5688,2025-02-19 16:43:08.378916,U0044,PC0044,Logoff
5689,2025-02-19 08:23:00,U0045,PC0045,Logon
5690,2025-02-19 16:12:54.267116,U0045,PC0045,Logoff
5691,2025-02-19 09:59:00,U0046,PC0046,Logon
5692,2025-02-19 16:14:12.719788,U0046,PC0046,Logoff
5693,2025-02-19 09:09:00,U0047,PC0047,Logon
5694,2025-02-19 16:06:10.232753,U0047,PC0047,Logoff
5695,2025-02-19 09:38:00,U0048,LAB001,Logon
5696,2025-02-19 18:09:26.257843,U0048,LAB001,Logoff
5697,2025-02-19 08:09:00,U0049,PC0049,Logon
5698,2025-02-19 15:24:17.396027,U0049,PC0049,Logoff
5699,2025-02-19 08:08:00,U0050,PC0050,Logon
5700,2025-02-19 16:44:46.046670,U0050,PC0050,Logoff
5701,2025-02-19 08:48:00,U0051,PC0051,Logon
5702,2025-02-19 16:34:58.228294,U0051,PC0051,Logoff
5703,2025-02-19 09:13:00,U0052,PC0052,Logon
5704,2025-02-19 16:36:46.107848,U0052,PC0052,Logoff
5705,2025-02-19 08:41:00,U0053,PC0053,Logon
5706,2025-02-19 14:35:51.147220,U0053,PC0053,Logoff
5707,2025-02-19 09:28:00,U0054,PC0054,Logon
5708,2025-02-19 17:45:55.672009,U0054,PC0054,Logoff
5709,2025-02-19 08:53:00,U0055,PC0055,Logon
5710,2025-02-19 18:46:55.445933,U0055,PC0055,Logoff
5711,2025-02-19 09:50:00,U0056,PC0056,Logon
5712,2025-02-19 16:47:49.883141,U0056,PC0056,Logoff
5713,2025-02-19 09:25:00,U0057,PC0057,Logon
5714,2025-02-19 17:48:52.973579,U0057,PC0057,Logoff
5715,2025-02-19 09:21:00,U0058,PC0058,Logon
5716,2025-02-19 16:55:27.279823,U0058,PC0058,Logoff
5717,2025-02-19 09:09:00,U0059,LAB014,Logon
5718,2025-02-19 16:53:17.670155,U0059,LAB014,Logoff
5719,2025-02-19 09:30:00,U0060,PC0060,Logon
5720,2025-02-19 15:35:42.199966,U0060,PC0060,Logoff
5721,2025-02-19 08:25:00,U0061,PC0061,Logon
5722,2025-02-19 18:08:19.758352,U0061,PC0061,Logoff
5723,2025-02-19 08:55:00,U0062,PC0062,Logon
5724,2025-02-19 16:18:46.182129,U0062,PC0062,Logoff
5725,2025-02-19 08:41:00,U0063,PC0063,Logon
5726,2025-02-19 15:28:06.697911,U0063,PC0063,Logoff
5727,2025-02-19 07:07:00,U0064,PC0064,Logon
5728,2025-02-19 14:53:09.888965,U0064,PC0064,Logoff
5729,2025-02-19 09:04:00,U0065,PC0065,Logon
5730,2025-02-19 17:00:50.981753,U0065,PC0065,Logoff
5731,2025-02-19 08:15:00,U0066,PC0066,Logon
5732,2025-02-19 16:17:34.947135,U0066,PC0066,Logoff
5733,2025-02-19 09:33:00,U0067,PC0067,Logon
5734,2025-02-19 17:21:34.393731,U0067,PC0067,Logoff
5735,2025-02-19 08:16:00,U0068,PC0068,Logon
5736,2025-02-19 15:59:07.948254,U0068,PC0068,Logoff
5737,2025-02-19 09:41:00,U0069,PC0069,Logon
5738,2025-02-19 19:05:43.296763,U0069,PC0069,Logoff
5739,2025-02-19 08:36:00,U0070,PC0070,Logon
5740,2025-02-19 16:41:56.161633,U0070,PC0070,Logoff
5741,2025-02-19 09:46:00,U0071,PC0071,Logon
5742,2025-02-19 16:46:26.719176,U0071,PC0071,Logoff
5743,2025-02-19 09:24:00,U0072,PC0072,Logon
5744,2025-02-19 15:56:03.574114,U0072,PC0072,Logoff
5745,2025-02-19 08:20:00,U0073,PC0073,Logon
5746,2025-02-19 16:42:00.287068,U0073,PC0073,Logoff
5747,2025-02-19 08:21:00,U0074,PC0074,Logon
5748,2025-02-19 16:33:08.209467,U0074,PC0074,Logoff
5749,2025-02-19 08:26:00,U0075,PC0075,Logon
5750,2025-02-19 15:27:24.959825,U0075,PC0075,Logoff
5751,2025-02-19 08:55:00,U0076,PC0076,Logon
5752,2025-02-19 15:41:00.835302,U0076,PC0076,Logoff
5753,2025-02-19 09:35:00,U0077,PC0077,Logon
5754,2025-02-19 16:13:38.506759,U0077,PC0077,Logoff
5755,2025-02-19 08:48:00,U0078,PC0078,Logon
5756,2025-02-19 15:45:27.822283,U0078,PC0078,Logoff
5757,2025-02-19 09:35:00,U0079,PC0079,Logon
5758,2025-02-19 17:15:06.847063,U0079,PC0079,Logoff
5759,2025-02-19 08:55:00,U0080,LAB005,Logon
5760,2025-02-19 17:46:11.525562,U0080,LAB005,Logoff
5761,2025-02-20 09:12:00,U0001,LAB010,Logon
5762,2025-02-20 17:42:59.920005,U0001,LAB010,Logoff
5763,2025-02-20 08:32:00,U0002,LAB007,Logon
5764,2025-02-20 15:07:42.659002,U0002,LAB007,Logoff
5765,2025-02-20 09:29:00,U0003,PC0003,Logon
5766,2025-02-20 17:09:52.153120,U0003,PC0003,Logoff
5767,2025-02-20 09:18:00,U0004,PC0004,Logon
5768,2025-02-20 17:13:12.329570,U0004,PC0004,Logoff
5769,2025-02-20 09:11:00,U0005,PC0005,Logon
5770,2025-02-20 15:33:35.822892,U0005,PC0005,Logoff
5771,2025-02-20 09:00:00,U0006,PC0006,Logon
5772,2025-02-20 16:50:08.728854,U0006,PC0006,Logoff
5773,2025-02-20 09:47:00,U0007,PC0007,Logon
5774,2025-02-20 16:56:50.069987,U0007,PC0007,Logoff
5775,2025-02-20 09:37:00,U0008,PC0008,Logon
5776,2025-02-20 16:18:49.758851,U0008,PC0008,Logoff
5777,2025-02-20 09:13:00,U0009,PC0009,Logon
5778,2025-02-20 16:51:38.493296,U0009,PC0009,Logoff
5779,2025-02-20 09:41:00,U0010,PC0010,Logon
5780,2025-02-20 18:22:52.706508,U0010,PC0010,Logoff
5781,2025-02-20 08:42:00,U0011,LAB009,Logon
5782,2025-02-20 16:00:55.829770,U0011,LAB009,Logoff
5783,2025-02-20 09:53:00,U0012,PC0012,Logon
5784,2025-02-20 19:58:53.597308,U0012,PC0012,Logoff
5785,2025-02-20 08:12:00,U0013,PC0013,Logon
5786,2025-02-20 16:47:28.090025,U0013,PC0013,Logoff
5787,2025-02-20 08:51:00,U0014,PC0014,Logon
5788,2025-02-20 18:47:32.084141,U0014,PC0014,Logoff
5789,2025-02-20 08:25:00,U0015,PC0015,Logon
5790,2025-02-20 16:30:40.635761,U0015,PC0015,Logoff
5791,2025-02-20 08:19:00,U0016,PC0016,Logon
5792,2025-02-20 13:48:36.342346,U0016,PC0016,Logoff
5793,2025-02-20 09:23:00,U0017,PC0017,Logon
5794,2025-02-20 17:31:22.192066,U0017,PC0017,Logoff
5795,2025-02-20 08:01:00,U0018,PC0018,Logon
5796,2025-02-20 15:54:37.701276,U0018,PC0018,Logoff
5797,2025-02-20 10:08:00,U0019,PC0019,Logon
5798,2025-02-20 17:52:30.569503,U0019,PC0019,Logoff
5799,2025-02-20 09:44:00,U0020,PC0020,Logon
5800,2025-02-20 17:05:02.286649,U0020,PC0020,Logoff
5801,2025-02-20 09:19:00,U0021,PC0021,Logon
5802,2025-02-20 17:04:42.358770,U0021,PC0021,Logoff
5803,2025-02-20 08:29:00,U0022,PC0022,Logon
5804,2025-02-20 18:18:08.034716,U0022,PC0022,Logoff
5805,2025-02-20 09:25:00,U0023,PC0023,Logon
5806,2025-02-20 17:33:12.287931,U0023,PC0023,Logoff
5807,2025-02-20 07:03:00,U0024,PC0024,Logon
5808,2025-02-20 14:41:20.366796,U0024,PC0024,Logoff
5809,2025-02-20 10:52:00,U0025,PC0025,Logon
5810,2025-02-20 18:38:09.618000,U0025,PC0025,Logoff
5811,2025-02-20 09:48:00,U0026,PC0026,Logon
5812,2025-02-20 19:14:30.992647,U0026,PC0026,Logoff
5813,2025-02-20 09:07:00,U0027,PC0027,Logon
5814,2025-02-20 16:16:29.442125,U0027,PC0027,Logoff
5815,2025-02-20 07:13:00,U0028,PC0028,Logon
5816,2025-02-20 15:54:02.987551,U0028,PC0028,Logoff
5817,2025-02-20 08:45:00,U0029,PC0029,Logon
5818,2025-02-20 16:55:34.141627,U0029,PC0029,Logoff
5819,2025-02-20 08:33:00,U0030,PC0030,Logon
5820,2025-02-20 16:17:05.144854,U0030,PC0030,Logoff
5821,2025-02-20 09:44:00,U0031,PC0031,Logon
5822,2025-02-20 18:00:06.936892,U0031,PC0031,Logoff
5823,2025-02-20 08:02:00,U0032,PC0032,Logon
5824,2025-02-20 17:13:48.879416,U0032,PC0032,Logoff
5825,2025-02-20 08:44:00,U0033,PC0033,Logon
5826,2025-02-20 15:03:31.909942,U0033,PC0033,Logoff
5827,2025-02-20 08:27:00,U0034,PC0034,Logon
5828,2025-02-20 16:29:03.751112,U0034,PC0034,Logoff
5829,2025-02-20 09:16:00,U0035,LAB001,Logon
5830,2025-02-20 18:37:43.676653,U0035,LAB001,Logoff
5831,2025-02-20 08:54:00,U0036,PC0036,Logon
5832,2025-02-20 16:46:49.369352,U0036,PC0036,Logoff
5833,2025-02-20 08:58:00,U0037,LAB017,Logon
5834,2025-02-20 17:47:13.992610,U0037,LAB017,Logoff
5835,2025-02-20 09:18:00,U0038,PC0038,Logon
5836,2025-02-20 16:52:47.900182,U0038,PC0038,Logoff
5837,2025-02-20 08:25:00,U0039,PC0039,Logon
5838,2025-02-20 17:51:39.883902,U0039,PC0039,Logoff
5839,2025-02-20 08:28:00,U0040,PC0040,Logon
5840,2025-02-20 15:52:31.399166,U0040,PC0040,Logoff
5841,2025-02-20 09:52:00,U0041,PC0041,Logon
5842,2025-02-20 16:40:12.391457,U0041,PC0041,Logoff
5843,2025-02-20 08:39:00,U0042,PC0042,Logon
5844,2025-02-20 14:31:33.788702,U0042,PC0042,Logoff
5845,2025-02-20 09:51:00,U0043,LAB014,Logon
5846,2025-02-20 17:18:17.329519,U0043,LAB014,Logoff
5847,2025-02-20 10:20:00,U0044,PC0044,Logon
5848,2025-02-20 17:20:20.321764,U0044,PC0044,Logoff
5849,2025-02-20 08:55:00,U0045,PC0045,Logon
5850,2025-02-20 16:21:04.585307,U0045,PC0045,Logoff
5851,2025-02-20 09:12:00,U0046,PC0046,Logon
5852,2025-02-20 16:43:47.267980,U0046,PC0046,Logoff
5853,2025-02-20 09:05:00,U0047,PC0047,Logon
5854,2025-02-20 16:06:17.081796,U0047,PC0047,Logoff
5855,2025-02-20 08:33:00,U0048,LAB013,Logon
5856,2025-02-20 14:45:06.426938,U0048,LAB013,Logoff
5857,2025-02-20 07:07:00,U0049,PC0049,Logon
5858,2025-02-20 14:35:54.951530,U0049,PC0049,Logoff
5859,2025-02-20 08:52:00,U0050,PC0050,Logon
5860,2025-02-20 16:14:06.826701,U0050,PC0050,Logoff
5861,2025-02-20 09:48:00,U0051,PC0051,Logon
5862,2025-02-20 19:01:40.908755,U0051,PC0051,Logoff
5863,2025-02-20 08:02:00,U0052,PC0052,Logon
5864,2025-02-20 14:14:21.883993,U0052,PC0052,Logoff
5865,2025-02-20 08:18:00,U0053,PC0053,Logon
5866,2025-02-20 15:42:00.642982,U0053,PC0053,Logoff
5867,2025-02-20 08:02:00,U0054,PC0054,Logon
5868,2025-02-20 15:20:08.211946,U0054,PC0054,Logoff
5869,2025-02-20 08:55:00,U0055,PC0055,Logon
5870,2025-02-20 16:31:48.450183,U0055,PC0055,Logoff
5871,2025-02-20 08:41:00,U0056,PC0056,Logon
5872,2025-02-20 16:53:29.961031,U0056,PC0056,Logoff
5873,2025-02-20 09:08:00,U0057,PC0057,Logon
5874,2025-02-20 16:13:21.677686,U0057,PC0057,Logoff
5875,2025-02-20 09:32:00,U0058,PC0058,Logon
5876,2025-02-20 16:33:11.775713,U0058,PC0058,Logoff
5877,2025-02-20 08:27:00,U0059,PC0059,Logon
5878,2025-02-20 16:49:50.801057,U0059,PC0059,Logoff
5879,2025-02-20 08:43:00,U0060,PC0060,Logon
5880,2025-02-20 17:02:16.649295,U0060,PC0060,Logoff
5881,2025-02-20 07:27:00,U0061,PC0061,Logon
5882,2025-02-20 16:50:32.841389,U0061,PC0061,Logoff
5883,2025-02-20 09:55:00,U0062,PC0062,Logon
5884,2025-02-20 16:24:58.284423,U0062,PC0062,Logoff
5885,2025-02-20 08:48:00,U0063,PC0063,Logon
5886,2025-02-20 18:28:20.157255,U0063,PC0063,Logoff
5887,2025-02-20 08:48:00,U0064,PC0064,Logon
5888,2025-02-20 15:57:56.934545,U0064,PC0064,Logoff
5889,2025-02-20 07:19:00,U0065,PC0065,Logon
5890,2025-02-20 14:57:57.198460,U0065,PC0065,Logoff
5891,2025-02-20 08:04:00,U0066,PC0066,Logon
5892,2025-02-20 16:46:55.775148,U0066,PC0066,Logoff
5893,2025-02-20 08:27:00,U0067,PC0067,Logon
5894,2025-02-20 14:55:46.967548,U0067,PC0067,Logoff
5895,2025-02-20 09:50:00,U0068,PC0068,Logon
5896,2025-02-20 18:50:24.228256,U0068,PC0068,Logoff
5897,2025-02-20 08:00:00,U0069,PC0069,Logon
5898,2025-02-20 17:04:53.450711,U0069,PC0069,Logoff
5899,2025-02-20 09:15:00,U0070,PC0070,Logon
5900,2025-02-20 18:20:30.499221,U0070,PC0070,Logoff
5901,2025-02-20 08:00:00,U0071,PC0071,Logon
5902,2025-02-20 13:28:39.799497,U0071,PC0071,Logoff
5903,2025-02-20 08:35:00,U0072,PC0072,Logon
5904,2025-02-20 17:38:36.517747,U0072,PC0072,Logoff
5905,2025-02-20 08:24:00,U0073,PC0073,Logon
5906,2025-02-20 16:00:43.326112,U0073,PC0073,Logoff
5907,2025-02-20 08:56:00,U0074,PC0074,Logon
5908,2025-02-20 14:02:01.750032,U0074,PC0074,Logoff
5909,2025-02-20 09:48:00,U0075,PC0075,Logon
5910,2025-02-20 16:53:55.047552,U0075,PC0075,Logoff
5911,2025-02-20 09:05:00,U0076,PC0076,Logon
5912,2025-02-20 16:59:47.875910,U0076,PC0076,Logoff
5913,2025-02-20 09:44:00,U0077,PC0077,Logon
5914,2025-02-20 18:08:21.802041,U0077,PC0077,Logoff
5915,2025-02-20 08:15:00,U0078,PC0078,Logon
5916,2025-02-20 15:21:23.345667,U0078,PC0078,Logoff
5917,2025-02-20 09:00:00,U0079,PC0079,Logon
5918,2025-02-20 15:07:35.611306,U0079,PC0079,Logoff
5919,2025-02-20 09:59:00,U0080,PC0080,Logon
5920,2025-02-20 16:53:03.438894,U0080,PC0080,Logoff
5921,2025-02-21 09:53:00,U0001,PC0001,Logon
5922,2025-02-21 18:02:40.678354,U0001,PC0001,Logoff
5923,2025-02-21 09:26:00,U0002,PC0002,Logon
5924,2025-02-21 17:30:55.159730,U0002,PC0002,Logoff
5925,2025-02-21 08:22:00,U0003,PC0003,Logon
5926,2025-02-21 15:30:21.375012,U0003,PC0003,Logoff
5927,2025-02-21 09:36:00,U0004,PC0004,Logon
5928,2025-02-21 17:45:59.960942,U0004,PC0004,Logoff
5929,2025-02-21 09:45:00,U0005,PC0005,Logon
5930,2025-02-21 18:09:11.788427,U0005,PC0005,Logoff
5931,2025-02-21 08:19:00,U0006,PC0006,Logon
5932,2025-02-21 15:31:14.169104,U0006,PC0006,Logoff
5933,2025-02-21 09:43:00,U0007,PC0007,Logon
5934,2025-02-21 15:24:09.441362,U0007,PC0007,Logoff
5935,2025-02-21 09:38:00,U0008,PC0008,Logon
5936,2025-02-21 18:04:30.288251,U0008,PC0008,Logoff
5937,2025-02-21 09:52:00,U0009,PC0009,Logon
5938,2025-02-21 16:17:09.825813,U0009,PC0009,Logoff
5939,2025-02-21 09:56:00,U0010,PC0010,Logon
5940,2025-02-21 20:09:53.396080,U0010,PC0010,Logoff
5941,2025-02-21 08:44:00,U0011,PC0011,Logon
5942,2025-02-21 17:30:17.046462,U0011,PC0011,Logoff
5943,2025-02-21 09:52:00,U0012,PC0012,Logon
5944,2025-02-21 16:19:20.038146,U0012,PC0012,Logoff
5945,2025-02-21 09:52:00,U0013,PC0013,Logon
5946,2025-02-21 18:42:00.971537,U0013,PC0013,Logoff
5947,2025-02-21 08:47:00,U0014,PC0014,Logon
5948,2025-02-21 17:56:57.299473,U0014,PC0014,Logoff
5949,2025-02-21 08:48:00,U0015,LAB012,Logon
5950,2025-02-21 15:18:18.877873,U0015,LAB012,Logoff
5951,2025-02-21 09:14:00,U0016,PC0016,Logon
5952,2025-02-21 17:15:31.387001,U0016,PC0016,Logoff
5953,2025-02-21 08:14:00,U0017,PC0017,Logon
5954,2025-02-21 17:02:34.539969,U0017,PC0017,Logoff
5955,2025-02-21 09:01:00,U0018,PC0018,Logon
5956,2025-02-21 17:52:29.300655,U0018,PC0018,Logoff
5957,2025-02-21 08:29:00,U0019,PC0019,Logon
5958,2025-02-21 17:05:09.288965,U0019,PC0019,Logoff
5959,2025-02-21 08:53:00,U0020,PC0020,Logon
5960,2025-02-21 18:56:13.747284,U0020,PC0020,Logoff
5961,2025-02-21 08:31:00,U0021,LAB005,Logon
5962,2025-02-21 18:37:19.070746,U0021,LAB005,Logoff
5963,2025-02-21 09:04:00,U0022,PC0022,Logon
5964,2025-02-21 15:41:28.160798,U0022,PC0022,Logoff
5965,2025-02-21 09:35:00,U0023,PC0023,Logon
5966,2025-02-21 17:42:33.244998,U0023,PC0023,Logoff
5967,2025-02-21 09:26:00,U0024,PC0024,Logon
5968,2025-02-21 18:39:25.881307,U0024,PC0024,Logoff
5969,2025-02-21 09:31:00,U0025,PC0025,Logon
5970,2025-02-21 16:55:27.932959,U0025,PC0025,Logoff
5971,2025-02-21 09:24:00,U0026,PC0026,Logon
5972,2025-02-21 17:24:02.719827,U0026,PC0026,Logoff
5973,2025-02-21 09:54:00,U0027,PC0027,Logon
5974,2025-02-21 15:44:46.569934,U0027,PC0027,Logoff
5975,2025-02-21 09:02:00,U0028,PC0028,Logon
5976,2025-02-21 16:23:41.091029,U0028,PC0028,Logoff
5977,2025-02-21 09:58:00,U0029,PC0029,Logon
5978,2025-02-21 18:35:23.114452,U0029,PC0029,Logoff
5979,2025-02-21 09:02:00,U0030,PC0030,Logon
5980,2025-02-21 17:31:10.715976,U0030,PC0030,Logoff
5981,2025-02-21 08:09:00,U0031,PC0031,Logon
5982,2025-02-21 17:46:23.724086,U0031,PC0031,Logoff
5983,2025-02-21 09:28:00,U0032,PC0032,Logon
5984,2025-02-21 17:51:34.488638,U0032,PC0032,Logoff
5985,2025-02-21 09:58:00,U0033,PC0033,Logon
5986,2025-02-21 17:23:51.066485,U0033,PC0033,Logoff
5987,2025-02-21 08:18:00,U0034,PC0034,Logon
5988,2025-02-21 16:20:27.329095,U0034,PC0034,Logoff
5989,2025-02-21 09:15:00,U0035,LAB020,Logon
5990,2025-02-21 16:51:21.647948,U0035,LAB020,Logoff
5991,2025-02-21 09:53:00,U0036,PC0036,Logon
5992,2025-02-22 00:11:23.002135,U0036,PC0036,Logoff
5993,2025-02-21 08:39:00,U0037,PC0037,Logon
5994,2025-02-21 17:10:07.654863,U0037,PC0037,Logoff
5995,2025-02-21 09:24:00,U0038,PC0038,Logon
5996,2025-02-21 17:34:17.289543,U0038,PC0038,Logoff
5997,2025-02-21 09:04:00,U0039,PC0039,Logon
5998,2025-02-21 15:50:57.346343,U0039,PC0039,Logoff
5999,2025-02-21 09:02:00,U0040,PC0040,Logon
6000,2025-02-21 15:51:46.989457,U0040,PC0040,Logoff
6001,2025-02-21 08:31:00,U0041,PC0041,Logon
6002,2025-02-21 15:53:08.648999,U0041,PC0041,Logoff
6003,2025-02-21 08:27:00,U0042,PC0042,Logon
6004,2025-02-21 15:54:07.215053,U0042,PC0042,Logoff
6005,2025-02-21 08:20:00,U0043,PC0043,Logon
6006,2025-02-21 17:10:13.756151,U0043,PC0043,Logoff
6007,2025-02-21 08:27:00,U0044,LAB010,Logon
6008,2025-02-21 14:51:51.747456,U0044,LAB010,Logoff
6009,2025-02-21 09:11:00,U0045,PC0045,Logon
6010,2025-02-21 16:20:46.475519,U0045,PC0045,Logoff
6011,2025-02-21 08:50:00,U0046,PC0046,Logon
6012,2025-02-21 17:16:47.531425,U0046,PC0046,Logoff
6013,2025-02-21 09:12:00,U0047,PC0047,Logon
6014,2025-02-21 18:17:39.046371,U0047,PC0047,Logoff
6015,2025-02-21 09:39:00,U0048,PC0048,Logon
6016,2025-02-21 16:47:19.285513,U0048,PC0048,Logoff
6017,2025-02-21 10:37:00,U0049,LAB009,Logon
6018,2025-02-21 18:48:39.600468,U0049,LAB009,Logoff
6019,2025-02-21 08:29:00,U0050,PC0050,Logon
6020,2025-02-21 17:26:50.131523,U0050,PC0050,Logoff
6021,2025-02-21 09:51:00,U0051,PC0051,Logon
6022,2025-02-21 18:14:57.221495,U0051,PC0051,Logoff
6023,2025-02-21 10:36:00,U0052,PC0052,Logon
6024,2025-02-21 18:19:29.562858,U0052,PC0052,Logoff
6025,2025-02-21 08:49:00,U0053,PC0053,Logon
6026,2025-02-21 16:55:59.682643,U0053,PC0053,Logoff
6027,2025-02-21 09:47:00,U0054,PC0054,Logon
6028,2025-02-21 16:16:36.477491,U0054,PC0054,Logoff
6029,2025-02-21 08:53:00,U0055,PC0055,Logon
6030,2025-02-21 16:17:46.385026,U0055,PC0055,Logoff
6031,2025-02-21 08:30:00,U0056,PC0056,Logon
6032,2025-02-21 16:04:30.607149,U0056,PC0056,Logoff
6033,2025-02-21 09:18:00,U0057,PC0057,Logon
6034,2025-02-21 16:24:33.304091,U0057,PC0057,Logoff
6035,2025-02-21 08:38:00,U0058,PC0058,Logon
6036,2025-02-21 16:42:09.613782,U0058,PC0058,Logoff
6037,2025-02-21 09:52:00,U0059,PC0059,Logon
6038,2025-02-21 16:10:18.095621,U0059,PC0059,Logoff
6039,2025-02-21 09:13:00,U0060,PC0060,Logon
6040,2025-02-21 18:02:02.302333,U0060,PC0060,Logoff
6041,2025-02-21 09:34:00,U0061,PC0061,Logon
6042,2025-02-21 18:47:06.528774,U0061,PC0061,Logoff
6043,2025-02-21 10:15:00,U0062,PC0062,Logon
6044,2025-02-21 17:53:38.068625,U0062,PC0062,Logoff
6045,2025-02-21 09:27:00,U0063,PC0063,Logon
6046,2025-02-21 17:02:00.821640,U0063,PC0063,Logoff
6047,2025-02-21 09:36:00,U0064,PC0064,Logon
6048,2025-02-21 19:07:58.344080,U0064,PC0064,Logoff
6049,2025-02-21 08:31:00,U0065,PC0065,Logon
6050,2025-02-21 15:39:20.221180,U0065,PC0065,Logoff
6051,2025-02-21 09:51:00,U0066,PC0066,Logon
6052,2025-02-21 18:52:12.131425,U0066,PC0066,Logoff
6053,2025-02-21 08:16:00,U0067,PC0067,Logon
6054,2025-02-21 17:07:15.847204,U0067,PC0067,Logoff
6055,2025-02-21 09:49:00,U0068,PC0068,Logon
6056,2025-02-21 19:19:00.988592,U0068,PC0068,Logoff
6057,2025-02-21 09:45:00,U0069,PC0069,Logon
6058,2025-02-21 18:46:32.275610,U0069,PC0069,Logoff
6059,2025-02-21 10:27:00,U0070,LAB007,Logon
6060,2025-02-21 19:02:53.156958,U0070,LAB007,Logoff
6061,2025-02-21 09:28:00,U0071,PC0071,Logon
6062,2025-02-21 18:11:20.809147,U0071,PC0071,Logoff
6063,2025-02-21 08:26:00,U0072,PC0072,Logon
6064,2025-02-21 18:49:16.683740,U0072,PC0072,Logoff
6065,2025-02-21 09:14:00,U0073,PC0073,Logon
6066,2025-02-21 16:57:37.440047,U0073,PC0073,Logoff
6067,2025-02-21 08:42:00,U0074,PC0074,Logon
6068,2025-02-21 17:47:49.992690,U0074,PC0074,Logoff
6069,2025-02-21 09:56:00,U0075,PC0075,Logon
6070,2025-02-21 17:26:09.524263,U0075,PC0075,Logoff
6071,2025-02-21 09:42:00,U0076,PC0076,Logon
6072,2025-02-21 16:11:29.198514,U0076,PC0076,Logoff
6073,2025-02-21 09:05:00,U0077,PC0077,Logon
6074,2025-02-21 17:32:09.922867,U0077,PC0077,Logoff
6075,2025-02-21 09:37:00,U0078,PC0078,Logon
6076,2025-02-21 16:50:45.052310,U0078,PC0078,Logoff
6077,2025-02-21 08:09:00,U0079,PC0079,Logon
6078,2025-02-21 15:15:16.459341,U0079,PC0079,Logoff
6079,2025-02-21 08:46:00,U0080,PC0080,Logon
6080,2025-02-21 18:06:11.966488,U0080,PC0080,Logoff
6081,2025-02-24 09:28:00,U0001,PC0001,Logon
6082,2025-02-24 17:47:12.779681,U0001,PC0001,Logoff
6083,2025-02-24 09:26:00,U0002,PC0002,Logon
6084,2025-02-24 17:34:02.250170,U0002,PC0002,Logoff
6085,2025-02-24 08:16:00,U0003,PC0003,Logon
6086,2025-02-24 15:56:01.064571,U0003,PC0003,Logoff
6087,2025-02-24 08:46:00,U0004,LAB008,Logon
6088,2025-02-24 15:13:07.914397,U0004,LAB008,Logoff
6089,2025-02-24 09:10:00,U0005,PC0005,Logon
6090,2025-02-24 17:07:34.797923,U0005,PC0005,Logoff
6091,2025-02-24 09:38:00,U0006,PC0006,Logon
6092,2025-02-24 17:43:36.684587,U0006,PC0006,Logoff
6093,2025-02-24 08:25:00,U0007,PC0007,Logon
6094,2025-02-24 15:32:43.705092,U0007,PC0007,Logoff
6095,2025-02-24 09:43:00,U0008,PC0008,Logon
6096,2025-02-24 18:27:17.654031,U0008,PC0008,Logoff
6097,2025-02-24 08:29:00,U0009,PC0009,Logon
6098,2025-02-24 16:34:14.905513,U0009,PC0009,Logoff
6099,2025-02-24 09:03:00,U0010,LAB001,Logon
6100,2025-02-24 16:19:54.966779,U0010,LAB001,Logoff
6101,2025-02-24 08:58:00,U0011,PC0011,Logon
6102,2025-02-24 17:11:50.199056,U0011,PC0011,Logoff
6103,2025-02-24 08:09:00,U0012,PC0012,Logon
6104,2025-02-24 16:29:59.725375,U0012,PC0012,Logoff
6105,2025-02-24 08:56:00,U0013,PC0013,Logon
6106,2025-02-24 17:59:46.273295,U0013,PC0013,Logoff
6107,2025-02-24 10:42:00,U0014,PC0014,Logon
6108,2025-02-24 17:50:21.275514,U0014,PC0014,Logoff
6109,2025-02-24 09:43:00,U0015,PC0015,Logon
6110,2025-02-24 16:59:23.729142,U0015,PC0015,Logoff
6111,2025-02-24 09:25:00,U0016,PC0016,Logon
6112,2025-02-24 16:09:05.069727,U0016,PC0016,Logoff
6113,2025-02-24 09:41:00,U0017,PC0017,Logon
6114,2025-02-24 16:48:37.239719,U0017,PC0017,Logoff
6115,2025-02-24 08:27:00,U0018,PC0018,Logon
6116,2025-02-24 15:25:08.309009,U0018,PC0018,Logoff
6117,2025-02-24 09:12:00,U0019,PC0019,Logon
6118,2025-02-24 16:21:46.870724,U0019,PC0019,Logoff
6119,2025-02-24 09:47:00,U0020,PC0020,Logon
6120,2025-02-24 17:26:21.247098,U0020,PC0020,Logoff
6121,2025-02-24 20:10:00,U0021,PC0021,Logon
6122,2025-02-25 04:18:51.921267,U0021,PC0021,Logoff
6123,2025-02-24 08:21:00,U0022,PC0022,Logon
6124,2025-02-24 16:33:37.321609,U0022,PC0022,Logoff
6125,2025-02-24 09:47:00,U0023,PC0023,Logon
6126,2025-02-24 17:00:18.858771,U0023,PC0023,Logoff
6127,2025-02-24 09:26:00,U0024,PC0024,Logon
6128,2025-02-24 18:55:53.151481,U0024,PC0024,Logoff
6129,2025-02-24 08:21:00,U0025,PC0025,Logon
6130,2025-02-24 14:53:41.803422,U0025,PC0025,Logoff
6131,2025-02-24 09:09:00,U0026,PC0026,Logon
6132,2025-02-24 16:36:09.332918,U0026,PC0026,Logoff
6133,2025-02-24 09:24:00,U0027,PC0027,Logon
6134,2025-02-24 17:26:05.307146,U0027,PC0027,Logoff
6135,2025-02-24 08:31:00,U0028,LAB012,Logon
6136,2025-02-24 15:22:10.225760,U0028,LAB012,Logoff
6137,2025-02-24 09:05:00,U0029,PC0029,Logon
6138,2025-02-24 16:30:43.737693,U0029,PC0029,Logoff
6139,2025-02-24 09:13:00,U0030,PC0030,Logon
6140,2025-02-24 18:10:20.889882,U0030,PC0030,Logoff
6141,2025-02-24 08:56:00,U0031,PC0031,Logon
6142,2025-02-24 16:53:14.656217,U0031,PC0031,Logoff
6143,2025-02-24 08:18:00,U0032,PC0032,Logon
6144,2025-02-24 16:58:59.968241,U0032,PC0032,Logoff
6145,2025-02-24 09:29:00,U0033,PC0033,Logon
6146,2025-02-24 17:15:47.590567,U0033,PC0033,Logoff
6147,2025-02-24 09:18:00,U0034,PC0034,Logon
6148,2025-02-24 16:55:41.595559,U0034,PC0034,Logoff
6149,2025-02-24 08:50:00,U0035,PC0035,Logon
6150,2025-02-24 17:05:27.363087,U0035,PC0035,Logoff
6151,2025-02-24 09:41:00,U0036,PC0036,Logon
6152,2025-02-24 16:47:58.611094,U0036,PC0036,Logoff
6153,2025-02-24 08:25:00,U0037,PC0037,Logon
6154,2025-02-24 15:32:45.380022,U0037,PC0037,Logoff
6155,2025-02-24 09:26:00,U0038,LAB014,Logon
6156,2025-02-24 17:52:54.547635,U0038,LAB014,Logoff
6157,2025-02-24 08:50:00,U0039,PC0039,Logon
6158,2025-02-24 15:54:55.131378,U0039,PC0039,Logoff
6159,2025-02-24 09:21:00,U0040,PC0040,Logon
6160,2025-02-24 15:47:07.360342,U0040,PC0040,Logoff
6161,2025-02-24 09:47:00,U0041,PC0041,Logon
6162,2025-02-24 18:39:17.487790,U0041,PC0041,Logoff
6163,2025-02-24 08:10:00,U0042,PC0042,Logon
6164,2025-02-24 14:38:02.934203,U0042,PC0042,Logoff
6165,2025-02-24 09:33:00,U0043,PC0043,Logon
6166,2025-02-24 16:56:17.665298,U0043,PC0043,Logoff
6167,2025-02-24 09:53:00,U0044,PC0044,Logon
6168,2025-02-24 17:43:45.608405,U0044,PC0044,Logoff
6169,2025-02-24 08:28:00,U0045,PC0045,Logon
6170,2025-02-24 16:54:18.285718,U0045,PC0045,Logoff
6171,2025-02-24 08:30:00,U0046,PC0046,Logon
6172,2025-02-24 16:37:56.989717,U0046,PC0046,Logoff
6173,2025-02-24 08:41:00,U0047,PC0047,Logon
6174,2025-02-24 15:21:46.223604,U0047,PC0047,Logoff
6175,2025-02-24 09:03:00,U0048,PC0048,Logon
6176,2025-02-24 16:47:12.091895,U0048,PC0048,Logoff
6177,2025-02-24 08:59:00,U0049,PC0049,Logon
6178,2025-02-24 15:46:23.420604,U0049,PC0049,Logoff
6179,2025-02-24 09:02:00,U0050,PC0050,Logon
6180,2025-02-24 17:54:36.171071,U0050,PC0050,Logoff
6181,2025-02-24 09:35:00,U0051,LAB002,Logon
6182,2025-02-24 17:16:40.399071,U0051,LAB002,Logoff
6183,2025-02-24 08:10:00,U0052,PC0052,Logon
6184,2025-02-24 18:07:10.502577,U0052,PC0052,Logoff
6185,2025-02-24 08:56:00,U0053,PC0053,Logon
6186,2025-02-24 16:11:04.320734,U0053,PC0053,Logoff
6187,2025-02-24 09:54:00,U0054,PC0054,Logon
6188,2025-02-24 19:04:01.634837,U0054,PC0054,Logoff
6189,2025-02-24 08:11:00,U0055,LAB007,Logon
6190,2025-02-24 17:27:42.870605,U0055,LAB007,Logoff
6191,2025-02-24 09:54:00,U0056,PC0056,Logon
6192,2025-02-24 16:49:25.027725,U0056,PC0056,Logoff
6193,2025-02-24 08:21:00,U0057,PC0057,Logon
6194,2025-02-24 17:18:27.133788,U0057,PC0057,Logoff
6195,2025-02-24 07:16:00,U0058,PC0058,Logon
6196,2025-02-24 15:07:01.959505,U0058,PC0058,Logoff
6197,2025-02-24 08:16:00,U0059,PC0059,Logon
6198,2025-02-24 15:47:24.406315,U0059,PC0059,Logoff
6199,2025-02-24 08:52:00,U0060,PC0060,Logon
6200,2025-02-24 16:30:30.320240,U0060,PC0060,Logoff
6201,2025-02-24 08:58:00,U0061,PC0061,Logon
6202,2025-02-24 15:52:10.282861,U0061,PC0061,Logoff
6203,2025-02-24 10:34:00,U0062,PC0062,Logon
6204,2025-02-24 20:26:02.863215,U0062,PC0062,Logoff
6205,2025-02-24 08:05:00,U0063,PC0063,Logon
6206,2025-02-24 17:39:55.620305,U0063,PC0063,Logoff
6207,2025-02-24 08:05:00,U0064,PC0064,Logon
6208,2025-02-24 16:12:45.074904,U0064,PC0064,Logoff
6209,2025-02-24 08:18:00,U0065,PC0065,Logon
6210,2025-02-24 15:38:24.904891,U0065,PC0065,Logoff
6211,2025-02-24 09:27:00,U0066,PC0066,Logon
6212,2025-02-24 17:34:33.191510,U0066,PC0066,Logoff
6213,2025-02-24 08:54:00,U0067,PC0067,Logon
6214,2025-02-24 15:35:43.478002,U0067,PC0067,Logoff
6215,2025-02-24 08:06:00,U0068,PC0068,Logon
6216,2025-02-24 14:27:31.031584,U0068,PC0068,Logoff
6217,2025-02-24 09:42:00,U0069,PC0069,Logon
6218,2025-02-24 16:30:12.003868,U0069,PC0069,Logoff
6219,2025-02-24 08:04:00,U0070,PC0070,Logon
6220,2025-02-24 17:26:12.366673,U0070,PC0070,Logoff
6221,2025-02-24 09:13:00,U0071,LAB006,Logon
6222,2025-02-24 17:11:03.803181,U0071,LAB006,Logoff
6223,2025-02-24 08:53:00,U0072,PC0072,Logon
6224,2025-02-24 18:45:47.548378,U0072,PC0072,Logoff
6225,2025-02-24 09:26:00,U0073,PC0073,Logon
6226,2025-02-24 17:06:19.896744,U0073,PC0073,Logoff
6227,2025-02-24 08:15:00,U0074,PC0074,Logon
6228,2025-02-24 16:38:37.943585,U0074,PC0074,Logoff
6229,2025-02-24 09:10:00,U0075,PC0075,Logon
6230,2025-02-24 16:32:06.054512,U0075,PC0075,Logoff
6231,2025-02-24 09:01:00,U0076,PC0076,Logon
6232,2025-02-24 16:39:11.136138,U0076,PC0076,Logoff
6233,2025-02-24 08:59:00,U0077,PC0077,Logon
6234,2025-02-24 14:29:43.840593,U0077,PC0077,Logoff
6235,2025-02-24 08:30:00,U0078,PC0078,Logon
6236,2025-02-24 17:28:09.729489,U0078,PC0078,Logoff
6237,2025-02-24 08:51:00,U0079,PC0079,Logon
6238,2025-02-24 16:54:09.094926,U0079,PC0079,Logoff
6239,2025-02-24 08:45:00,U0080,PC0080,Logon
6240,2025-02-24 17:06:37.590035,U0080,PC0080,Logoff
6241,2025-02-25 08:19:00,U0001,PC0001,Logon
6242,2025-02-25 15:22:38.730454,U0001,PC0001,Logoff
6243,2025-02-25 09:33:00,U0002,PC0002,Logon
6244,2025-02-25 18:28:44.155249,U0002,PC0002,Logoff
6245,2025-02-25 08:44:00,U0003,PC0003,Logon
6246,2025-02-25 17:13:52.037914,U0003,PC0003,Logoff
6247,2025-02-25 09:39:00,U0004,PC0004,Logon
6248,2025-02-25 18:17:32.284446,U0004,PC0004,Logoff
6249,2025-02-25 08:53:00,U0005,PC0005,Logon
6250,2025-02-25 17:53:23.783548,U0005,PC0005,Logoff
6251,2025-02-25 08:30:00,U0006,PC0006,Logon
6252,2025-02-25 16:08:31.819440,U0006,PC0006,Logoff
6253,2025-02-25 10:54:00,U0007,PC0007,Logon
6254,2025-02-25 19:12:06.744171,U0007,PC0007,Logoff
6255,2025-02-25 08:45:00,U0008,PC0008,Logon
6256,2025-02-25 14:32:40.940258,U0008,PC0008,Logoff
6257,2025-02-25 09:37:00,U0009,PC0009,Logon
6258,2025-02-25 16:16:17.245185,U0009,PC0009,Logoff
6259,2025-02-25 08:44:00,U0010,PC0010,Logon
6260,2025-02-25 16:24:07.131723,U0010,PC0010,Logoff
6261,2025-02-25 09:08:00,U0011,PC0011,Logon
6262,2025-02-25 17:54:23.663952,U0011,PC0011,Logoff
6263,2025-02-25 08:16:00,U0012,PC0012,Logon
6264,2025-02-25 16:34:29.851429,U0012,PC0012,Logoff
6265,2025-02-25 08:29:00,U0013,PC0013,Logon
6266,2025-02-25 16:37:22.753282,U0013,PC0013,Logoff
6267,2025-02-25 09:46:00,U0014,PC0014,Logon
6268,2025-02-25 18:44:07.571624,U0014,PC0014,Logoff
6269,2025-02-25 09:53:00,U0015,PC0015,Logon
6270,2025-02-25 18:22:38.318576,U0015,PC0015,Logoff
6271,2025-02-25 08:51:00,U0016,PC0016,Logon
6272,2025-02-25 17:35:30.560260,U0016,PC0016,Logoff
6273,2025-02-25 08:30:00,U0017,PC0017,Logon
6274,2025-02-25 15:25:05.108273,U0017,PC0017,Logoff
6275,2025-02-25 08:12:00,U0018,PC0018,Logon
6276,2025-02-25 16:17:04.297142,U0018,PC0018,Logoff
6277,2025-02-25 09:15:00,U0019,PC0019,Logon
6278,2025-02-25 17:03:59.298580,U0019,PC0019,Logoff
6279,2025-02-25 08:18:00,U0020,PC0020,Logon
6280,2025-02-25 16:21:24.270060,U0020,PC0020,Logoff
6281,2025-02-25 09:13:00,U0021,PC0021,Logon
6282,2025-02-25 17:24:09.015464,U0021,PC0021,Logoff
6283,2025-02-25 09:50:00,U0022,PC0022,Logon
6284,2025-02-25 18:51:08.123664,U0022,PC0022,Logoff
6285,2025-02-25 08:08:00,U0023,PC0023,Logon
6286,2025-02-25 15:31:01.883551,U0023,PC0023,Logoff
6287,2025-02-25 08:12:00,U0024,PC0024,Logon
6288,2025-02-25 16:53:55.736413,U0024,PC0024,Logoff
6289,2025-02-25 09:49:00,U0025,PC0025,Logon
6290,2025-02-25 17:30:05.705060,U0025,PC0025,Logoff
6291,2025-02-25 08:26:00,U0026,PC0026,Logon
6292,2025-02-25 17:54:00.417205,U0026,PC0026,Logoff
6293,2025-02-25 09:48:00,U0027,PC0027,Logon
6294,2025-02-25 18:14:10.448537,U0027,PC0027,Logoff
6295,2025-02-25 08:52:00,U0028,PC0028,Logon
6296,2025-02-25 17:32:43.421049,U0028,PC0028,Logoff
6297,2025-02-25 08:53:00,U0029,PC0029,Logon
6298,2025-02-25 15:44:57.527331,U0029,PC0029,Logoff
6299,2025-02-25 08:39:00,U0030,PC0030,Logon
6300,2025-02-25 16:03:51.146196,U0030,PC0030,Logoff
6301,2025-02-25 08:13:00,U0031,PC0031,Logon
6302,2025-02-25 14:46:32.466116,U0031,PC0031,Logoff
6303,2025-02-25 09:29:00,U0032,PC0032,Logon
6304,2025-02-25 18:36:39.670660,U0032,PC0032,Logoff
6305,2025-02-25 08:21:00,U0033,PC0033,Logon
6306,2025-02-25 17:19:42.448100,U0033,PC0033,Logoff
6307,2025-02-25 08:26:00,U0034,PC0034,Logon
6308,2025-02-25 17:17:25.111933,U0034,PC0034,Logoff
6309,2025-02-25 08:29:00,U0035,PC0035,Logon
6310,2025-02-25 16:30:43.592031,U0035,PC0035,Logoff
6311,2025-02-25 08:51:00,U0036,PC0036,Logon
6312,2025-02-25 18:03:43.665135,U0036,PC0036,Logoff
6313,2025-02-25 08:57:00,U0037,PC0037,Logon
6314,2025-02-25 17:33:28.225219,U0037,PC0037,Logoff
6315,2025-02-25 09:58:00,U0038,PC0038,Logon
6316,2025-02-25 18:40:58.824290,U0038,PC0038,Logoff
6317,2025-02-25 10:55:00,U0039,PC0039,Logon
6318,2025-02-25 18:23:15.791654,U0039,PC0039,Logoff
6319,2025-02-25 09:38:00,U0040,PC0040,Logon
6320,2025-02-25 17:31:38.073713,U0040,PC0040,Logoff
6321,2025-02-25 09:07:00,U0041,PC0041,Logon
6322,2025-02-25 17:06:32.319615,U0041,PC0041,Logoff
6323,2025-02-25 08:45:00,U0042,PC0042,Logon
6324,2025-02-25 18:03:21.859934,U0042,PC0042,Logoff
6325,2025-02-25 08:20:00,U0043,PC0043,Logon
6326,2025-02-25 14:55:14.187268,U0043,PC0043,Logoff
6327,2025-02-25 08:56:00,U0044,PC0044,Logon
6328,2025-02-25 17:33:08.518608,U0044,PC0044,Logoff
6329,2025-02-25 09:56:00,U0045,PC0045,Logon
6330,2025-02-25 18:02:40.065751,U0045,PC0045,Logoff
6331,2025-02-25 09:00:00,U0046,PC0046,Logon
6332,2025-02-25 15:38:30.570283,U0046,PC0046,Logoff
6333,2025-02-25 08:43:00,U0047,PC0047,Logon
6334,2025-02-25 16:25:41.129578,U0047,PC0047,Logoff
6335,2025-02-25 08:49:00,U0048,PC0048,Logon
6336,2025-02-25 16:54:02.739798,U0048,PC0048,Logoff
6337,2025-02-25 09:24:00,U0049,PC0049,Logon
6338,2025-02-25 16:57:18.695383,U0049,PC0049,Logoff
6339,2025-02-25 09:55:00,U0050,PC0050,Logon
6340,2025-02-25 17:52:17.557595,U0050,PC0050,Logoff
6341,2025-02-25 08:55:00,U0051,PC0051,Logon
6342,2025-02-25 16:48:10.799919,U0051,PC0051,Logoff
6343,2025-02-25 08:55:00,U0052,PC0052,Logon
6344,2025-02-25 16:45:05.709966,U0052,PC0052,Logoff
6345,2025-02-25 09:18:00,U0053,PC0053,Logon
6346,2025-02-25 17:22:32.424746,U0053,PC0053,Logoff
6347,2025-02-25 08:11:00,U0054,PC0054,Logon
6348,2025-02-25 17:27:21.773042,U0054,PC0054,Logoff
6349,2025-02-25 08:49:00,U0055,PC0055,Logon
6350,2025-02-25 16:05:44.507610,U0055,PC0055,Logoff
6351,2025-02-25 10:51:00,U0056,PC0056,Logon
6352,2025-02-25 17:48:43.231122,U0056,PC0056,Logoff
6353,2025-02-25 08:54:00,U0057,PC0057,Logon
6354,2025-02-25 17:38:04.116282,U0057,PC0057,Logoff
6355,2025-02-25 07:43:00,U0058,PC0058,Logon
6356,2025-02-25 15:28:53.013924,U0058,PC0058,Logoff
6357,2025-02-25 10:26:00,U0059,PC0059,Logon
6358,2025-02-25 16:53:18.230680,U0059,PC0059,Logoff
6359,2025-02-25 08:22:00,U0060,PC0060,Logon
6360,2025-02-25 14:52:02.947673,U0060,PC0060,Logoff
6361,2025-02-25 09:54:00,U0061,PC0061,Logon
6362,2025-02-25 19:01:29.196192,U0061,PC0061,Logoff
6363,2025-02-25 08:25:00,U0062,PC0062,Logon
6364,2025-02-25 17:05:59.564654,U0062,PC0062,Logoff
6365,2025-02-25 09:26:00,U0063,PC0063,Logon
6366,2025-02-25 19:13:14.447092,U0063,PC0063,Logoff
6367,2025-02-25 08:36:00,U0064,PC0064,Logon
6368,2025-02-25 14:17:54.701816,U0064,PC0064,Logoff
6369,2025-02-25 08:57:00,U0065,PC0065,Logon
6370,2025-02-25 16:31:23.504898,U0065,PC0065,Logoff
6371,2025-02-25 08:12:00,U0066,PC0066,Logon
6372,2025-02-25 16:00:43.706156,U0066,PC0066,Logoff
6373,2025-02-25 09:27:00,U0067,PC0067,Logon
6374,2025-02-25 18:43:27.942336,U0067,PC0067,Logoff
6375,2025-02-25 08:13:00,U0068,PC0068,Logon
6376,2025-02-25 17:18:54.545554,U0068,PC0068,Logoff
6377,2025-02-25 09:27:00,U0069,PC0069,Logon
6378,2025-02-25 17:30:52.221502,U0069,PC0069,Logoff
6379,2025-02-25 09:41:00,U0070,PC0070,Logon
6380,2025-02-25 17:45:20.107374,U0070,PC0070,Logoff
6381,2025-02-25 10:27:00,U0071,PC0071,Logon
6382,2025-02-25 17:00:41.719800,U0071,PC0071,Logoff
6383,2025-02-25 08:14:00,U0072,PC0072,Logon
6384,2025-02-25 16:06:24.531971,U0072,PC0072,Logoff
6385,2025-02-25 09:02:00,U0073,PC0073,Logon
6386,2025-02-25 18:18:04.657754,U0073,PC0073,Logoff
6387,2025-02-25 08:15:00,U0074,PC0074,Logon
6388,2025-02-25 14:49:39.973262,U0074,PC0074,Logoff
6389,2025-02-25 09:32:00,U0075,LAB012,Logon
6390,2025-02-25 18:17:17.851558,U0075,LAB012,Logoff
6391,2025-02-25 08:10:00,U0076,PC0076,Logon
6392,2025-02-25 16:09:46.305119,U0076,PC0076,Logoff
6393,2025-02-25 08:32:00,U0077,PC0077,Logon
6394,2025-02-25 15:52:07.256049,U0077,PC0077,Logoff
6395,2025-02-25 08:08:00,U0078,PC0078,Logon
6396,2025-02-25 16:56:33.352914,U0078,PC0078,Logoff
6397,2025-02-25 09:05:00,U0079,PC0079,Logon
6398,2025-02-25 15:47:51.872397,U0079,PC0079,Logoff
6399,2025-02-25 09:56:00,U0080,PC0080,Logon
6400,2025-02-25 16:29:58.299034,U0080,PC0080,Logoff
6401,2025-02-26 09:44:00,U0001,PC0001,Logon
6402,2025-02-26 16:55:09.561591,U0001,PC0001,Logoff
6403,2025-02-26 08:38:00,U0002,PC0002,Logon
6404,2025-02-26 17:08:15.374693,U0002,PC0002,Logoff
6405,2025-02-26 09:39:00,U0003,PC0003,Logon
6406,2025-02-26 18:59:13.088665,U0003,PC0003,Logoff
6407,2025-02-26 08:29:00,U0004,PC0004,Logon
6408,2025-02-26 16:47:23.223107,U0004,PC0004,Logoff
6409,2025-02-26 08:14:00,U0005,PC0005,Logon
6410,2025-02-26 16:24:55.163577,U0005,PC0005,Logoff
6411,2025-02-26 09:25:00,U0006,PC0006,Logon
6412,2025-02-26 17:19:06.084549,U0006,PC0006,Logoff
6413,2025-02-26 08:11:00,U0007,PC0007,Logon
6414,2025-02-26 16:30:53.295227,U0007,PC0007,Logoff
6415,2025-02-26 09:07:00,U0008,PC0008,Logon
6416,2025-02-26 16:26:11.375485,U0008,PC0008,Logoff
6417,2025-02-26 08:09:00,U0009,PC0009,Logon
6418,2025-02-26 17:37:33.164942,U0009,PC0009,Logoff
6419,2025-02-26 09:23:00,U0010,PC0010,Logon
6420,2025-02-26 17:09:15.308289,U0010,PC0010,Logoff
6421,2025-02-26 08:26:00,U0011,PC0011,Logon
6422,2025-02-26 15:36:41.466618,U0011,PC0011,Logoff
6423,2025-02-26 09:00:00,U0012,PC0012,Logon
6424,2025-02-26 17:08:15.582987,U0012,PC0012,Logoff
6425,2025-02-26 08:37:00,U0013,PC0013,Logon
6426,2025-02-26 17:07:34.881232,U0013,PC0013,Logoff
6427,2025-02-26 08:58:00,U0014,PC0014,Logon
6428,2025-02-26 18:28:03.034909,U0014,PC0014,Logoff
6429,2025-02-26 09:34:00,U0015,PC0015,Logon
6430,2025-02-26 17:06:00.333344,U0015,PC0015,Logoff
6431,2025-02-26 08:05:00,U0016,PC0016,Logon
6432,2025-02-26 13:27:54.720485,U0016,PC0016,Logoff
6433,2025-02-26 08:40:00,U0017,PC0017,Logon
6434,2025-02-26 15:19:37.908810,U0017,PC0017,Logoff
6435,2025-02-26 09:33:00,U0018,PC0018,Logon
6436,2025-02-26 17:13:25.558664,U0018,PC0018,Logoff
6437,2025-02-26 08:22:00,U0019,PC0019,Logon
6438,2025-02-26 16:05:07.809447,U0019,PC0019,Logoff
6439,2025-02-26 09:45:00,U0020,PC0020,Logon
6440,2025-02-26 18:16:40.221660,U0020,PC0020,Logoff
6441,2025-02-26 08:33:00,U0021,PC0021,Logon
6442,2025-02-26 16:25:18.251470,U0021,PC0021,Logoff
6443,2025-02-26 08:07:00,U0022,PC0022,Logon
6444,2025-02-26 17:01:06.223310,U0022,PC0022,Logoff
6445,2025-02-26 09:10:00,U0023,PC0023,Logon
6446,2025-02-26 16:16:07.101985,U0023,PC0023,Logoff
6447,2025-02-26 08:15:00,U0024,PC0024,Logon
6448,2025-02-26 15:47:19.438618,U0024,PC0024,Logoff
6449,2025-02-26 07:02:00,U0025,PC0025,Logon
6450,2025-02-26 15:22:09.485424,U0025,PC0025,Logoff
6451,2025-02-26 08:07:00,U0026,PC0026,Logon
6452,2025-02-26 17:05:12.630297,U0026,PC0026,Logoff
6453,2025-02-26 08:01:00,U0027,PC0027,Logon
6454,2025-02-26 15:23:51.157386,U0027,PC0027,Logoff
6455,2025-02-26 08:05:00,U0028,PC0028,Logon
6456,2025-02-26 15:04:44.553971,U0028,PC0028,Logoff
6457,2025-02-26 08:52:00,U0029,PC0029,Logon
6458,2025-02-26 17:51:45.505244,U0029,PC0029,Logoff
6459,2025-02-26 08:10:00,U0030,PC0030,Logon
6460,2025-02-26 16:17:27.032465,U0030,PC0030,Logoff
6461,2025-02-26 08:45:00,U0031,PC0031,Logon
6462,2025-02-26 15:28:49.925042,U0031,PC0031,Logoff
6463,2025-02-26 08:11:00,U0032,PC0032,Logon
6464,2025-02-26 16:46:56.771995,U0032,PC0032,Logoff
6465,2025-02-26 08:08:00,U0033,PC0033,Logon
6466,2025-02-26 16:56:32.806047,U0033,PC0033,Logoff
6467,2025-02-26 08:50:00,U0034,PC0034,Logon
6468,2025-02-26 16:21:01.257866,U0034,PC0034,Logoff
6469,2025-02-26 09:17:00,U0035,PC0035,Logon
6470,2025-02-26 16:37:11.629834,U0035,PC0035,Logoff
6471,2025-02-26 09:20:00,U0036,PC0036,Logon
6472,2025-02-26 17:01:07.113016,U0036,PC0036,Logoff
6473,2025-02-26 09:42:00,U0037,PC0037,Logon
6474,2025-02-26 15:19:09.339220,U0037,PC0037,Logoff
6475,2025-02-26 08:31:00,U0038,PC0038,Logon
6476,2025-02-26 17:07:57.481222,U0038,PC0038,Logoff
6477,2025-02-26 09:32:00,U0039,PC0039,Logon
6478,2025-02-26 16:37:22.247867,U0039,PC0039,Logoff
6479,2025-02-26 08:59:00,U0040,PC0040,Logon
6480,2025-02-26 17:16:40.989310,U0040,PC0040,Logoff
6481,2025-02-26 09:00:00,U0041,PC0041,Logon
6482,2025-02-26 14:58:20.361822,U0041,PC0041,Logoff
6483,2025-02-26 08:59:00,U0042,PC0042,Logon
6484,2025-02-26 16:39:02.714233,U0042,PC0042,Logoff
6485,2025-02-26 09:52:00,U0043,PC0043,Logon
6486,2025-02-26 20:21:54.349741,U0043,PC0043,Logoff
6487,2025-02-26 08:20:00,U0044,PC0044,Logon
6488,2025-02-26 14:55:34.881136,U0044,PC0044,Logoff
6489,2025-02-26 09:14:00,U0045,PC0045,Logon
6490,2025-02-26 18:33:15.584842,U0045,PC0045,Logoff
6491,2025-02-26 09:27:00,U0046,PC0046,Logon
6492,2025-02-26 16:32:36.065237,U0046,PC0046,Logoff
6493,2025-02-26 09:06:00,U0047,PC0047,Logon
6494,2025-02-26 17:45:48.764227,U0047,PC0047,Logoff
6495,2025-02-26 08:32:00,U0048,PC0048,Logon
6496,2025-02-26 16:54:53.132223,U0048,PC0048,Logoff
6497,2025-02-26 09:33:00,U0049,PC0049,Logon
6498,2025-02-26 18:43:54.804153,U0049,PC0049,Logoff
6499,2025-02-26 08:06:00,U0050,PC0050,Logon
6500,2025-02-26 15:44:30.913994,U0050,PC0050,Logoff
6501,2025-02-26 09:22:00,U0051,PC0051,Logon
6502,2025-02-26 16:09:23.422189,U0051,PC0051,Logoff
6503,2025-02-26 09:34:00,U0052,PC0052,Logon
6504,2025-02-26 16:11:47.904141,U0052,PC0052,Logoff
6505,2025-02-26 09:01:00,U0053,PC0053,Logon
6506,2025-02-26 16:45:31.036144,U0053,PC0053,Logoff
6507,2025-02-26 09:06:00,U0054,PC0054,Logon
6508,2025-02-26 17:35:29.085923,U0054,PC0054,Logoff
6509,2025-02-26 08:11:00,U0055,PC0055,Logon
6510,2025-02-26 17:36:28.659835,U0055,PC0055,Logoff
6511,2025-02-26 09:04:00,U0056,PC0056,Logon
6512,2025-02-26 17:56:56.231373,U0056,PC0056,Logoff
6513,2025-02-26 08:42:00,U0057,PC0057,Logon
6514,2025-02-26 16:23:38.349764,U0057,PC0057,Logoff
6515,2025-02-26 09:39:00,U0058,LAB013,Logon
6516,2025-02-26 16:56:46.642562,U0058,LAB013,Logoff
6517,2025-02-26 09:39:00,U0059,PC0059,Logon
6518,2025-02-26 17:47:39.575298,U0059,PC0059,Logoff
6519,2025-02-26 07:05:00,U0060,PC0060,Logon
6520,2025-02-26 15:25:21.680926,U0060,PC0060,Logoff
6521,2025-02-26 08:04:00,U0061,PC0061,Logon
6522,2025-02-26 15:59:30.264398,U0061,PC0061,Logoff
6523,2025-02-26 08:53:00,U0062,PC0062,Logon
6524,2025-02-26 17:41:25.367100,U0062,PC0062,Logoff
6525,2025-02-26 09:04:00,U0063,PC0063,Logon
6526,2025-02-26 17:20:58.991384,U0063,PC0063,Logoff
6527,2025-02-26 08:28:00,U0064,PC0064,Logon
6528,2025-02-26 16:25:31.186063,U0064,PC0064,Logoff
6529,2025-02-26 09:55:00,U0065,LAB010,Logon
6530,2025-02-26 17:06:51.251856,U0065,LAB010,Logoff
6531,2025-02-26 09:04:00,U0066,PC0066,Logon
6532,2025-02-26 17:31:36.152366,U0066,PC0066,Logoff
6533,2025-02-26 09:51:00,U0067,PC0067,Logon
6534,2025-02-26 19:06:19.259209,U0067,PC0067,Logoff
6535,2025-02-26 08:53:00,U0068,PC0068,Logon
6536,2025-02-26 17:42:13.074148,U0068,PC0068,Logoff
6537,2025-02-26 08:15:00,U0069,PC0069,Logon
6538,2025-02-26 16:56:45.355563,U0069,PC0069,Logoff
6539,2025-02-26 08:10:00,U0070,PC0070,Logon
6540,2025-02-26 15:08:36.288396,U0070,PC0070,Logoff
6541,2025-02-26 09:31:00,U0071,PC0071,Logon
6542,2025-02-26 14:50:31.558339,U0071,PC0071,Logoff
6543,2025-02-26 08:13:00,U0072,PC0072,Logon
6544,2025-02-26 16:02:21.029218,U0072,PC0072,Logoff
6545,2025-02-26 09:19:00,U0073,PC0073,Logon
6546,2025-02-26 16:56:50.452427,U0073,PC0073,Logoff
6547,2025-02-26 08:48:00,U0074,PC0074,Logon
6548,2025-02-26 15:58:55.589368,U0074,PC0074,Logoff
6549,2025-02-26 09:08:00,U0075,PC0075,Logon
6550,2025-02-26 17:42:54.414374,U0075,PC0075,Logoff
6551,2025-02-26 08:29:00,U0076,PC0076,Logon
6552,2025-02-26 17:38:24.601612,U0076,PC0076,Logoff
6553,2025-02-26 09:49:00,U0077,PC0077,Logon
6554,2025-02-26 17:04:09.159646,U0077,PC0077,Logoff
6555,2025-02-26 08:07:00,U0078,PC0078,Logon
6556,2025-02-26 14:42:49.681834,U0078,PC0078,Logoff
6557,2025-02-26 08:02:00,U0079,PC0079,Logon
6558,2025-02-26 17:08:43.562229,U0079,PC0079,Logoff
6559,2025-02-26 09:41:00,U0080,PC0080,Logon
6560,2025-02-26 19:05:07.233573,U0080,PC0080,Logoff
6561,2025-02-27 08:59:00,U0001,PC0001,Logon
6562,2025-02-27 18:19:45.959260,U0001,PC0001,Logoff
6563,2025-02-27 08:51:00,U0002,PC0002,Logon
6564,2025-02-27 18:19:17.706297,U0002,PC0002,Logoff
6565,2025-02-27 08:44:00,U0003,PC0003,Logon
6566,2025-02-27 17:26:26.032946,U0003,PC0003,Logoff
6567,2025-02-27 09:07:00,U0004,PC0004,Logon
6568,2025-02-27 16:55:23.660537,U0004,PC0004,Logoff
6569,2025-02-27 09:40:00,U0005,PC0005,Logon
6570,2025-02-27 18:57:19.908331,U0005,PC0005,Logoff
6571,2025-02-27 08:01:00,U0006,PC0006,Logon
6572,2025-02-27 14:41:44.787783,U0006,PC0006,Logoff
6573,2025-02-27 10:19:00,U0007,PC0007,Logon
6574,2025-02-27 17:50:48.847928,U0007,PC0007,Logoff
6575,2025-02-27 09:50:00,U0008,PC0008,Logon
6576,2025-02-27 18:59:21.624010,U0008,PC0008,Logoff
6577,2025-02-27 08:33:00,U0009,PC0009,Logon
6578,2025-02-27 15:32:31.675512,U0009,PC0009,Logoff
6579,2025-02-27 09:46:00,U0010,PC0010,Logon
6580,2025-02-27 15:58:24.924968,U0010,PC0010,Logoff
6581,2025-02-27 08:53:00,U0011,LAB006,Logon
6582,2025-02-27 17:07:42.139192,U0011,LAB006,Logoff
6583,2025-02-27 08:16:00,U0012,PC0012,Logon
6584,2025-02-27 14:43:23.576605,U0012,PC0012,Logoff
6585,2025-02-27 09:49:00,U0013,PC0013,Logon
6586,2025-02-27 17:55:12.737354,U0013,PC0013,Logoff
6587,2025-02-27 09:53:00,U0014,PC0014,Logon
6588,2025-02-27 17:37:23.869499,U0014,PC0014,Logoff
6589,2025-02-27 08:17:00,U0015,PC0015,Logon
6590,2025-02-27 16:33:09.051313,U0015,PC0015,Logoff
6591,2025-02-27 08:42:00,U0016,PC0016,Logon
6592,2025-02-27 15:31:20.058751,U0016,PC0016,Logoff
6593,2025-02-27 09:27:00,U0017,PC0017,Logon
6594,2025-02-27 16:49:39.827198,U0017,PC0017,Logoff
6595,2025-02-27 08:23:00,U0018,PC0018,Logon
6596,2025-02-27 17:42:41.397794,U0018,PC0018,Logoff
6597,2025-02-27 08:14:00,U0019,PC0019,Logon
6598,2025-02-27 15:37:31.833987,U0019,PC0019,Logoff
6599,2025-02-27 08:15:00,U0020,PC0020,Logon
6600,2025-02-27 17:59:27.389352,U0020,PC0020,Logoff
6601,2025-02-27 08:11:00,U0021,PC0021,Logon
6602,2025-02-27 16:14:30.418131,U0021,PC0021,Logoff
6603,2025-02-27 09:40:00,U0022,PC0022,Logon
6604,2025-02-27 18:05:18.180959,U0022,PC0022,Logoff
6605,2025-02-27 08:34:00,U0023,PC0023,Logon
6606,2025-02-27 14:51:54.002910,U0023,PC0023,Logoff
6607,2025-02-27 08:11:00,U0024,PC0024,Logon
6608,2025-02-27 16:22:16.081217,U0024,PC0024,Logoff
6609,2025-02-27 08:55:00,U0025,PC0025,Logon
6610,2025-02-27 17:07:12.094056,U0025,PC0025,Logoff
6611,2025-02-27 09:27:00,U0026,PC0026,Logon
6612,2025-02-27 18:24:45.010389,U0026,PC0026,Logoff
6613,2025-02-27 08:53:00,U0027,PC0027,Logon
6614,2025-02-27 19:04:47.925798,U0027,PC0027,Logoff
6615,2025-02-27 09:19:00,U0028,PC0028,Logon
6616,2025-02-27 17:18:53.829047,U0028,PC0028,Logoff
6617,2025-02-27 09:32:00,U0029,PC0029,Logon
6618,2025-02-27 19:53:55.467979,U0029,PC0029,Logoff
6619,2025-02-27 08:34:00,U0030,LAB010,Logon
6620,2025-02-27 16:20:29.054487,U0030,LAB010,Logoff
6621,2025-02-27 07:49:00,U0031,LAB019,Logon
6622,2025-02-27 16:00:33.545518,U0031,LAB019,Logoff
6623,2025-02-27 09:47:00,U0032,PC0032,Logon
6624,2025-02-27 17:44:39.016384,U0032,PC0032,Logoff
6625,2025-02-27 08:33:00,U0033,PC0033,Logon
6626,2025-02-27 14:30:01.747742,U0033,PC0033,Logoff
6627,2025-02-27 09:39:00,U0034,PC0034,Logon
6628,2025-02-27 19:06:19.564142,U0034,PC0034,Logoff
6629,2025-02-27 08:47:00,U0035,PC0035,Logon
6630,2025-02-27 17:13:24.215744,U0035,PC0035,Logoff
6631,2025-02-27 08:29:00,U0036,PC0036,Logon
6632,2025-02-27 16:56:25.967029,U0036,PC0036,Logoff
6633,2025-02-27 08:58:00,U0037,PC0037,Logon
6634,2025-02-27 16:12:15.295378,U0037,PC0037,Logoff
6635,2025-02-27 08:47:00,U0038,PC0038,Logon
6636,2025-02-27 16:23:22.998305,U0038,PC0038,Logoff
6637,2025-02-27 09:50:00,U0039,PC0039,Logon
6638,2025-02-27 16:31:16.212476,U0039,PC0039,Logoff
6639,2025-02-27 08:43:00,U0040,PC0040,Logon
6640,2025-02-27 16:40:30.701599,U0040,PC0040,Logoff
6641,2025-02-27 08:41:00,U0041,PC0041,Logon
6642,2025-02-27 18:28:47.994726,U0041,PC0041,Logoff
6643,2025-02-27 08:19:00,U0042,PC0042,Logon
6644,2025-02-27 15:38:50.027111,U0042,PC0042,Logoff
6645,2025-02-27 08:41:00,U0043,PC0043,Logon
6646,2025-02-27 18:28:54.528314,U0043,PC0043,Logoff
6647,2025-02-27 09:59:00,U0044,PC0044,Logon
6648,2025-02-27 17:02:48.268778,U0044,PC0044,Logoff
6649,2025-02-27 09:39:00,U0045,PC0045,Logon
6650,2025-02-27 17:51:02.515299,U0045,PC0045,Logoff
6651,2025-02-27 09:29:00,U0046,PC0046,Logon
6652,2025-02-27 17:08:19.882048,U0046,PC0046,Logoff
6653,2025-02-27 08:19:00,U0047,PC0047,Logon
6654,2025-02-27 16:39:15.957957,U0047,PC0047,Logoff
6655,2025-02-27 08:16:00,U0048,PC0048,Logon
6656,2025-02-27 18:05:00.320266,U0048,PC0048,Logoff
6657,2025-02-27 08:06:00,U0049,PC0049,Logon
6658,2025-02-27 17:38:10.164382,U0049,PC0049,Logoff
6659,2025-02-27 08:37:00,U0050,PC0050,Logon
6660,2025-02-27 16:54:56.708642,U0050,PC0050,Logoff
6661,2025-02-27 09:35:00,U0051,PC0051,Logon
6662,2025-02-27 16:57:11.102538,U0051,PC0051,Logoff
6663,2025-02-27 09:59:00,U0052,PC0052,Logon
6664,2025-02-27 15:16:32.842121,U0052,PC0052,Logoff
6665,2025-02-27 08:50:00,U0053,PC0053,Logon
6666,2025-02-27 15:54:33.373894,U0053,PC0053,Logoff
6667,2025-02-27 08:05:00,U0054,PC0054,Logon
6668,2025-02-27 15:52:06.162583,U0054,PC0054,Logoff
6669,2025-02-27 09:28:00,U0055,PC0055,Logon
6670,2025-02-27 18:10:09.575995,U0055,PC0055,Logoff
6671,2025-02-27 09:12:00,U0056,PC0056,Logon
6672,2025-02-27 16:32:03.503526,U0056,PC0056,Logoff
6673,2025-02-27 09:09:00,U0057,PC0057,Logon
6674,2025-02-27 17:16:27.428501,U0057,PC0057,Logoff
6675,2025-02-27 09:12:00,U0058,PC0058,Logon
6676,2025-02-27 17:58:36.972131,U0058,PC0058,Logoff
6677,2025-02-27 09:10:00,U0059,PC0059,Logon
6678,2025-02-27 16:16:09.889178,U0059,PC0059,Logoff
6679,2025-02-27 08:20:00,U0060,PC0060,Logon
6680,2025-02-27 15:47:00.758305,U0060,PC0060,Logoff
6681,2025-02-27 08:36:00,U0061,PC0061,Logon
6682,2025-02-27 16:52:04.981539,U0061,PC0061,Logoff
6683,2025-02-27 09:13:00,U0062,PC0062,Logon
6684,2025-02-27 17:09:55.972705,U0062,PC0062,Logoff
6685,2025-02-27 09:39:00,U0063,LAB003,Logon
6686,2025-02-27 17:47:35.902698,U0063,LAB003,Logoff
6687,2025-02-27 08:00:00,U0064,PC0064,Logon
6688,2025-02-27 15:04:28.587872,U0064,PC0064,Logoff
6689,2025-02-27 08:29:00,U0065,PC0065,Logon
6690,2025-02-27 15:47:17.462311,U0065,PC0065,Logoff
6691,2025-02-27 09:56:00,U0066,PC0066,Logon
6692,2025-02-27 17:13:49.518823,U0066,PC0066,Logoff
6693,2025-02-27 08:23:00,U0067,PC0067,Logon
6694,2025-02-27 16:50:59.152635,U0067,PC0067,Logoff
6695,2025-02-27 09:06:00,U0068,PC0068,Logon
6696,2025-02-27 16:01:13.681732,U0068,PC0068,Logoff
6697,2025-02-27 09:15:00,U0069,PC0069,Logon
6698,2025-02-27 18:22:38.460322,U0069,PC0069,Logoff
6699,2025-02-27 08:31:00,U0070,PC0070,Logon
6700,2025-02-27 15:41:34.187269,U0070,PC0070,Logoff
6701,2025-02-27 09:29:00,U0071,PC0071,Logon
6702,2025-02-27 17:20:11.327323,U0071,PC0071,Logoff
6703,2025-02-27 07:47:00,U0072,PC0072,Logon
6704,2025-02-27 14:23:01.146583,U0072,PC0072,Logoff
6705,2025-02-27 08:57:00,U0073,PC0073,Logon
6706,2025-02-27 15:47:13.046459,U0073,PC0073,Logoff
6707,2025-02-27 08:49:00,U0074,PC0074,Logon
6708,2025-02-27 16:50:56.626369,U0074,PC0074,Logoff
6709,2025-02-27 09:37:00,U0075,PC0075,Logon
6710,2025-02-27 17:19:34.365902,U0075,PC0075,Logoff
6711,2025-02-27 09:45:00,U0076,PC0076,Logon
6712,2025-02-27 19:10:43.536583,U0076,PC0076,Logoff
6713,2025-02-27 09:48:00,U0077,PC0077,Logon
6714,2025-02-27 18:05:05.116536,U0077,PC0077,Logoff
6715,2025-02-27 08:25:00,U0078,PC0078,Logon
6716,2025-02-27 16:52:38.969515,U0078,PC0078,Logoff
6717,2025-02-27 09:46:00,U0079,PC0079,Logon
6718,2025-02-27 17:41:08.158420,U0079,PC0079,Logoff
6719,2025-02-27 09:49:00,U0080,PC0080,Logon
6720,2025-02-27 18:40:35.400821,U0080,PC0080,Logoff
6721,2025-02-28 09:56:00,U0001,PC0001,Logon
6722,2025-02-28 19:01:10.970560,U0001,PC0001,Logoff
6723,2025-02-28 09:51:00,U0002,PC0002,Logon
6724,2025-02-28 15:21:25.882202,U0002,PC0002,Logoff
6725,2025-02-28 08:51:00,U0003,PC0003,Logon
6726,2025-02-28 18:02:49.804898,U0003,PC0003,Logoff
6727,2025-02-28 08:23:00,U0004,PC0004,Logon
6728,2025-02-28 16:09:35.498981,U0004,PC0004,Logoff
6729,2025-02-28 08:09:00,U0005,PC0005,Logon
6730,2025-02-28 17:56:02.121343,U0005,PC0005,Logoff
6731,2025-02-28 09:58:00,U0006,PC0006,Logon
6732,2025-02-28 17:04:58.071977,U0006,PC0006,Logoff
6733,2025-02-28 09:39:00,U0007,PC0007,Logon
6734,2025-02-28 16:58:10.221428,U0007,PC0007,Logoff
6735,2025-02-28 09:48:00,U0008,PC0008,Logon
6736,2025-02-28 18:18:34.859078,U0008,PC0008,Logoff
6737,2025-02-28 09:35:00,U0009,PC0009,Logon
6738,2025-02-28 17:54:54.906412,U0009,PC0009,Logoff
6739,2025-02-28 10:14:00,U0010,PC0010,Logon
6740,2025-02-28 17:12:19.474446,U0010,PC0010,Logoff
6741,2025-02-28 08:53:00,U0011,PC0011,Logon
6742,2025-02-28 16:29:24.875277,U0011,PC0011,Logoff
6743,2025-02-28 08:39:00,U0012,PC0012,Logon
6744,2025-02-28 15:09:27.135828,U0012,PC0012,Logoff
6745,2025-02-28 08:31:00,U0013,PC0013,Logon
6746,2025-02-28 15:35:40.119940,U0013,PC0013,Logoff
6747,2025-02-28 08:51:00,U0014,PC0014,Logon
6748,2025-02-28 17:22:05.588222,U0014,PC0014,Logoff
6749,2025-02-28 08:59:00,U0015,PC0015,Logon
6750,2025-02-28 16:48:13.747530,U0015,PC0015,Logoff
6751,2025-02-28 09:18:00,U0016,PC0016,Logon
6752,2025-02-28 16:32:01.238911,U0016,PC0016,Logoff
6753,2025-02-28 08:04:00,U0017,PC0017,Logon
6754,2025-02-28 16:25:56.735950,U0017,PC0017,Logoff
6755,2025-02-28 08:38:00,U0018,PC0018,Logon
6756,2025-02-28 14:14:54.340168,U0018,PC0018,Logoff
6757,2025-02-28 09:52:00,U0019,PC0019,Logon
6758,2025-02-28 18:21:31.251410,U0019,PC0019,Logoff
6759,2025-02-28 10:51:00,U0020,PC0020,Logon
6760,2025-02-28 19:00:29.141553,U0020,PC0020,Logoff
6761,2025-02-28 21:04:00,U0021,PC0021,Logon
6762,2025-03-01 04:52:16.298483,U0021,PC0021,Logoff
6763,2025-02-28 09:25:00,U0022,PC0022,Logon
6764,2025-02-28 19:05:02.124630,U0022,PC0022,Logoff
6765,2025-02-28 07:07:00,U0023,LAB007,Logon
6766,2025-02-28 15:31:49.018527,U0023,LAB007,Logoff
6767,2025-02-28 10:07:00,U0024,LAB014,Logon
6768,2025-02-28 18:23:55.323189,U0024,LAB014,Logoff
6769,2025-02-28 09:14:00,U0025,PC0025,Logon
6770,2025-02-28 16:36:14.836262,U0025,PC0025,Logoff
6771,2025-02-28 08:36:00,U0026,PC0026,Logon
6772,2025-02-28 16:38:00.688929,U0026,PC0026,Logoff
6773,2025-02-28 07:45:00,U0027,PC0027,Logon
6774,2025-02-28 14:34:54.559820,U0027,PC0027,Logoff
6775,2025-02-28 08:28:00,U0028,PC0028,Logon
6776,2025-02-28 17:17:19.437881,U0028,PC0028,Logoff
6777,2025-02-28 09:58:00,U0029,PC0029,Logon
6778,2025-02-28 18:17:26.531194,U0029,PC0029,Logoff
6779,2025-02-28 09:00:00,U0030,PC0030,Logon
6780,2025-02-28 16:50:09.062114,U0030,PC0030,Logoff
6781,2025-02-28 09:54:00,U0031,PC0031,Logon
6782,2025-02-28 17:54:31.638393,U0031,PC0031,Logoff
6783,2025-02-28 09:59:00,U0032,PC0032,Logon
6784,2025-02-28 17:43:03.866520,U0032,PC0032,Logoff
6785,2025-02-28 09:04:00,U0033,PC0033,Logon
6786,2025-02-28 16:38:43.684260,U0033,PC0033,Logoff
6787,2025-02-28 09:18:00,U0034,PC0034,Logon
6788,2025-02-28 16:10:04.263093,U0034,PC0034,Logoff
6789,2025-02-28 08:38:00,U0035,PC0035,Logon
6790,2025-02-28 17:19:14.736318,U0035,PC0035,Logoff
6791,2025-02-28 08:18:00,U0036,PC0036,Logon
6792,2025-02-28 15:50:45.990902,U0036,PC0036,Logoff
6793,2025-02-28 09:18:00,U0037,PC0037,Logon
6794,2025-02-28 16:41:33.858909,U0037,PC0037,Logoff
6795,2025-02-28 08:15:00,U0038,PC0038,Logon
6796,2025-02-28 17:38:57.220620,U0038,PC0038,Logoff
6797,2025-02-28 09:24:00,U0039,PC0039,Logon
6798,2025-02-28 18:58:20.633557,U0039,PC0039,Logoff
6799,2025-02-28 08:18:00,U0040,PC0040,Logon
6800,2025-02-28 17:31:50.530458,U0040,PC0040,Logoff
6801,2025-02-28 08:30:00,U0041,PC0041,Logon
6802,2025-02-28 15:35:35.149651,U0041,PC0041,Logoff
6803,2025-02-28 07:06:00,U0042,PC0042,Logon
6804,2025-02-28 16:46:22.325527,U0042,PC0042,Logoff
6805,2025-02-28 08:52:00,U0043,PC0043,Logon
6806,2025-02-28 16:44:24.482713,U0043,PC0043,Logoff
6807,2025-02-28 08:04:00,U0044,PC0044,Logon
6808,2025-02-28 16:45:42.594894,U0044,PC0044,Logoff
6809,2025-02-28 08:03:00,U0045,PC0045,Logon
6810,2025-02-28 14:44:42.659194,U0045,PC0045,Logoff
6811,2025-02-28 09:23:00,U0046,PC0046,Logon
6812,2025-02-28 15:56:58.571911,U0046,PC0046,Logoff
6813,2025-02-28 08:15:00,U0047,PC0047,Logon
6814,2025-02-28 14:08:35.199187,U0047,PC0047,Logoff
6815,2025-02-28 08:44:00,U0048,PC0048,Logon
6816,2025-02-28 16:54:42.705011,U0048,PC0048,Logoff
6817,2025-02-28 08:48:00,U0049,PC0049,Logon
6818,2025-02-28 15:19:07.875391,U0049,PC0049,Logoff
6819,2025-02-28 08:08:00,U0050,PC0050,Logon
6820,2025-02-28 15:35:23.015174,U0050,PC0050,Logoff
6821,2025-02-28 09:06:00,U0051,PC0051,Logon
6822,2025-02-28 18:56:02.027566,U0051,PC0051,Logoff
6823,2025-02-28 08:19:00,U0052,PC0052,Logon
6824,2025-02-28 16:52:25.695426,U0052,PC0052,Logoff
6825,2025-02-28 09:48:00,U0053,LAB009,Logon
6826,2025-02-28 17:12:09.076111,U0053,LAB009,Logoff
6827,2025-02-28 08:48:00,U0054,PC0054,Logon
6828,2025-02-28 22:47:15.725582,U0054,PC0054,Logoff
6829,2025-02-28 08:05:00,U0055,PC0055,Logon
6830,2025-02-28 15:38:51.247811,U0055,PC0055,Logoff
6831,2025-02-28 09:50:00,U0056,PC0056,Logon
6832,2025-02-28 17:04:57.373415,U0056,PC0056,Logoff
6833,2025-02-28 08:13:00,U0057,PC0057,Logon
6834,2025-02-28 16:19:32.698693,U0057,PC0057,Logoff
6835,2025-02-28 09:18:00,U0058,PC0058,Logon
6836,2025-02-28 16:07:24.078202,U0058,PC0058,Logoff
6837,2025-02-28 09:45:00,U0059,PC0059,Logon
6838,2025-02-28 15:58:46.267904,U0059,PC0059,Logoff
6839,2025-02-28 08:21:00,U0060,PC0060,Logon
6840,2025-02-28 16:05:31.169270,U0060,PC0060,Logoff
6841,2025-02-28 08:04:00,U0061,PC0061,Logon
6842,2025-02-28 15:30:05.782295,U0061,PC0061,Logoff
6843,2025-02-28 09:02:00,U0062,PC0062,Logon
6844,2025-02-28 16:10:56.817279,U0062,PC0062,Logoff
6845,2025-02-28 10:05:00,U0063,PC0063,Logon
6846,2025-02-28 18:31:13.656407,U0063,PC0063,Logoff
6847,2025-02-28 09:07:00,U0064,PC0064,Logon
6848,2025-02-28 17:35:34.465272,U0064,PC0064,Logoff
6849,2025-02-28 10:52:00,U0065,PC0065,Logon
6850,2025-02-28 17:52:23.065186,U0065,PC0065,Logoff
6851,2025-02-28 08:27:00,U0066,PC0066,Logon
6852,2025-02-28 15:41:42.481692,U0066,PC0066,Logoff
6853,2025-02-28 09:37:00,U0067,LAB017,Logon
6854,2025-02-28 15:53:27.223951,U0067,LAB017,Logoff
6855,2025-02-28 09:37:00,U0068,PC0068,Logon
6856,2025-02-28 19:18:36.769680,U0068,PC0068,Logoff
6857,2025-02-28 09:54:00,U0069,PC0069,Logon
6858,2025-02-28 17:36:26.332348,U0069,PC0069,Logoff
6859,2025-02-28 08:13:00,U0070,PC0070,Logon
6860,2025-02-28 17:06:54.642136,U0070,PC0070,Logoff
6861,2025-02-28 08:41:00,U0071,PC0071,Logon
6862,2025-02-28 18:31:47.025314,U0071,PC0071,Logoff
6863,2025-02-28 09:43:00,U0072,PC0072,Logon
6864,2025-02-28 17:58:24.302875,U0072,PC0072,Logoff
6865,2025-02-28 08:40:00,U0073,PC0073,Logon
6866,2025-02-28 17:41:50.375310,U0073,PC0073,Logoff
6867,2025-02-28 09:55:00,U0074,PC0074,Logon
6868,2025-02-28 17:06:38.429768,U0074,PC0074,Logoff
6869,2025-02-28 08:27:00,U0075,PC0075,Logon
6870,2025-02-28 15:07:39.549235,U0075,PC0075,Logoff
6871,2025-02-28 09:35:00,U0076,PC0076,Logon
6872,2025-02-28 18:14:59.860380,U0076,PC0076,Logoff
6873,2025-02-28 08:11:00,U0077,PC0077,Logon
6874,2025-02-28 15:43:41.283943,U0077,PC0077,Logoff
6875,2025-02-28 08:30:00,U0078,PC0078,Logon
6876,2025-02-28 15:36:04.320683,U0078,PC0078,Logoff
6877,2025-02-28 09:01:00,U0079,PC0079,Logon
6878,2025-02-28 16:16:59.464560,U0079,PC0079,Logoff
6879,2025-02-28 08:03:00,U0080,PC0080,Logon
6880,2025-02-28 14:25:21.677779,U0080,PC0080,Logoff
6881,2025-03-03 20:50:00,U0001,PC0001,Logon
6882,2025-03-04 04:47:20.616049,U0001,PC0001,Logoff
6883,2025-03-03 08:23:00,U0002,PC0002,Logon
6884,2025-03-03 16:11:39.548528,U0002,PC0002,Logoff
6885,2025-03-03 09:37:00,U0003,PC0003,Logon
6886,2025-03-03 16:48:06.474664,U0003,PC0003,Logoff
6887,2025-03-03 08:52:00,U0004,PC0004,Logon
6888,2025-03-03 18:40:20.067958,U0004,PC0004,Logoff
6889,2025-03-03 08:02:00,U0005,PC0005,Logon
6890,2025-03-03 15:56:11.663629,U0005,PC0005,Logoff
6891,2025-03-03 09:28:00,U0006,PC0006,Logon
6892,2025-03-03 20:59:44.598675,U0006,PC0006,Logoff
6893,2025-03-03 08:24:00,U0007,LAB019,Logon
6894,2025-03-03 16:50:59.377969,U0007,LAB019,Logoff
6895,2025-03-03 08:25:00,U0008,PC0008,Logon
6896,2025-03-03 15:52:40.354904,U0008,PC0008,Logoff
6897,2025-03-03 08:10:00,U0009,PC0009,Logon
6898,2025-03-03 15:02:27.642116,U0009,PC0009,Logoff
6899,2025-03-03 08:57:00,U0010,PC0010,Logon
6900,2025-03-03 15:28:31.790327,U0010,PC0010,Logoff
6901,2025-03-03 09:29:00,U0011,PC0011,Logon
6902,2025-03-03 17:32:18.010570,U0011,PC0011,Logoff
6903,2025-03-03 09:51:00,U0012,PC0012,Logon
6904,2025-03-03 17:23:01.720997,U0012,PC0012,Logoff
6905,2025-03-03 08:09:00,U0013,PC0013,Logon
6906,2025-03-03 16:26:15.230059,U0013,PC0013,Logoff
6907,2025-03-03 08:26:00,U0014,PC0014,Logon
6908,2025-03-03 16:04:31.234436,U0014,PC0014,Logoff
6909,2025-03-03 08:07:00,U0015,PC0015,Logon
6910,2025-03-03 15:13:33.952282,U0015,PC0015,Logoff
6911,2025-03-03 07:41:00,U0016,PC0016,Logon
6912,2025-03-03 17:01:21.575722,U0016,PC0016,Logoff
6913,2025-03-03 08:17:00,U0017,PC0017,Logon
6914,2025-03-03 17:26:48.153799,U0017,PC0017,Logoff
6915,2025-03-03 09:10:00,U0018,PC0018,Logon
6916,2025-03-03 15:52:50.401057,U0018,PC0018,Logoff
6917,2025-03-03 08:28:00,U0019,PC0019,Logon
6918,2025-03-03 19:01:37.810654,U0019,PC0019,Logoff
6919,2025-03-03 09:25:00,U0020,PC0020,Logon
6920,2025-03-03 17:23:06.533352,U0020,PC0020,Logoff
6921,2025-03-03 09:56:00,U0021,PC0021,Logon
6922,2025-03-03 17:18:08.952949,U0021,PC0021,Logoff
6923,2025-03-03 09:55:00,U0022,PC0022,Logon
6924,2025-03-03 17:11:58.145157,U0022,PC0022,Logoff
6925,2025-03-03 07:29:00,U0023,PC0023,Logon
6926,2025-03-03 14:09:42.399169,U0023,PC0023,Logoff
6927,2025-03-03 09:58:00,U0024,PC0024,Logon
6928,2025-03-03 16:50:08.157952,U0024,PC0024,Logoff
6929,2025-03-03 08:16:00,U0025,PC0025,Logon
6930,2025-03-03 15:11:31.220258,U0025,PC0025,Logoff
6931,2025-03-03 08:13:00,U0026,PC0026,Logon
6932,2025-03-03 17:04:11.395103,U0026,PC0026,Logoff
6933,2025-03-03 09:05:00,U0027,PC0027,Logon
6934,2025-03-03 17:04:25.208083,U0027,PC0027,Logoff
6935,2025-03-03 09:35:00,U0028,PC0028,Logon
6936,2025-03-03 18:03:50.190936,U0028,PC0028,Logoff
6937,2025-03-03 09:34:00,U0029,PC0029,Logon
6938,2025-03-03 17:06:24.506656,U0029,PC0029,Logoff
6939,2025-03-03 08:01:00,U0030,PC0030,Logon
6940,2025-03-03 14:42:56.006641,U0030,PC0030,Logoff
6941,2025-03-03 08:00:00,U0031,PC0031,Logon
6942,2025-03-03 16:57:53.171619,U0031,PC0031,Logoff
6943,2025-03-03 09:27:00,U0032,PC0032,Logon
6944,2025-03-03 18:24:37.098605,U0032,PC0032,Logoff
6945,2025-03-03 08:04:00,U0033,LAB007,Logon
6946,2025-03-03 17:08:59.322766,U0033,LAB007,Logoff
6947,2025-03-03 08:42:00,U0034,PC0034,Logon
6948,2025-03-03 17:35:53.222367,U0034,PC0034,Logoff
6949,2025-03-03 08:53:00,U0035,PC0035,Logon
6950,2025-03-03 17:35:09.119930,U0035,PC0035,Logoff
6951,2025-03-03 08:02:00,U0036,PC0036,Logon
6952,2025-03-03 17:12:16.203478,U0036,PC0036,Logoff
6953,2025-03-03 08:43:00,U0037,PC0037,Logon
6954,2025-03-03 16:02:53.562321,U0037,PC0037,Logoff
6955,2025-03-03 08:49:00,U0038,PC0038,Logon
6956,2025-03-03 15:03:44.574530,U0038,PC0038,Logoff
6957,2025-03-03 09:28:00,U0039,PC0039,Logon
6958,2025-03-03 19:16:21.920824,U0039,PC0039,Logoff
6959,2025-03-03 10:56:00,U0040,PC0040,Logon
6960,2025-03-03 19:01:49.760834,U0040,PC0040,Logoff
6961,2025-03-03 09:51:00,U0041,PC0041,Logon
6962,2025-03-03 18:04:55.540697,U0041,PC0041,Logoff
6963,2025-03-03 09:47:00,U0042,PC0042,Logon
6964,2025-03-03 17:26:28.264856,U0042,PC0042,Logoff
6965,2025-03-03 09:50:00,U0043,PC0043,Logon
6966,2025-03-03 18:22:14.923337,U0043,PC0043,Logoff
6967,2025-03-03 08:36:00,U0044,PC0044,Logon
6968,2025-03-03 16:31:21.020520,U0044,PC0044,Logoff
6969,2025-03-03 08:30:00,U0045,PC0045,Logon
6970,2025-03-03 17:19:35.051942,U0045,PC0045,Logoff
6971,2025-03-03 08:18:00,U0046,LAB019,Logon
6972,2025-03-03 16:14:54.448049,U0046,LAB019,Logoff
6973,2025-03-03 09:27:00,U0047,PC0047,Logon
6974,2025-03-03 18:36:50.616549,U0047,PC0047,Logoff
6975,2025-03-03 09:42:00,U0048,PC0048,Logon
6976,2025-03-03 17:43:27.954625,U0048,PC0048,Logoff
6977,2025-03-03 09:03:00,U0049,PC0049,Logon
6978,2025-03-03 18:03:08.050200,U0049,PC0049,Logoff
6979,2025-03-03 09:30:00,U0050,PC0050,Logon
6980,2025-03-03 15:32:54.229514,U0050,PC0050,Logoff
6981,2025-03-03 08:28:00,U0051,LAB016,Logon
6982,2025-03-03 17:46:33.998765,U0051,LAB016,Logoff
6983,2025-03-03 08:42:00,U0052,PC0052,Logon
6984,2025-03-03 16:01:41.805159,U0052,PC0052,Logoff
6985,2025-03-03 08:43:00,U0053,PC0053,Logon
6986,2025-03-03 16:09:41.939874,U0053,PC0053,Logoff
6987,2025-03-03 08:55:00,U0054,PC0054,Logon
6988,2025-03-03 19:00:27.939382,U0054,PC0054,Logoff
6989,2025-03-03 08:34:00,U0055,PC0055,Logon
6990,2025-03-03 16:30:31.378050,U0055,PC0055,Logoff
6991,2025-03-03 09:38:00,U0056,PC0056,Logon
6992,2025-03-03 18:35:44.442609,U0056,PC0056,Logoff
6993,2025-03-03 09:57:00,U0057,PC0057,Logon
6994,2025-03-03 19:01:25.038998,U0057,PC0057,Logoff
6995,2025-03-03 08:23:00,U0058,PC0058,Logon
6996,2025-03-03 16:05:07.679502,U0058,PC0058,Logoff
6997,2025-03-03 09:47:00,U0059,PC0059,Logon
6998,2025-03-03 17:15:21.399378,U0059,PC0059,Logoff
6999,2025-03-03 08:58:00,U0060,PC0060,Logon
7000,2025-03-03 17:21:55.549552,U0060,PC0060,Logoff
7001,2025-03-03 09:15:00,U0061,PC0061,Logon
7002,2025-03-03 15:28:20.348535,U0061,PC0061,Logoff
7003,2025-03-03 09:38:00,U0062,PC0062,Logon
7004,2025-03-03 17:23:58.593392,U0062,PC0062,Logoff
7005,2025-03-03 09:51:00,U0063,PC0063,Logon
7006,2025-03-03 18:37:36.954092,U0063,PC0063,Logoff
7007,2025-03-03 09:49:00,U0064,PC0064,Logon
7008,2025-03-03 19:10:12.433131,U0064,PC0064,Logoff
7009,2025-03-03 09:12:00,U0065,PC0065,Logon
7010,2025-03-03 18:38:37.213149,U0065,PC0065,Logoff
7011,2025-03-03 09:50:00,U0066,LAB006,Logon
7012,2025-03-03 17:51:55.866313,U0066,LAB006,Logoff
7013,2025-03-03 09:46:00,U0067,PC0067,Logon
7014,2025-03-03 18:29:55.491425,U0067,PC0067,Logoff
7015,2025-03-03 08:10:00,U0068,PC0068,Logon
7016,2025-03-03 16:34:17.364272,U0068,PC0068,Logoff
7017,2025-03-03 08:25:00,U0069,PC0069,Logon
7018,2025-03-03 15:33:45.841530,U0069,PC0069,Logoff
7019,2025-03-03 09:23:00,U0070,PC0070,Logon
7020,2025-03-03 17:26:18.717273,U0070,PC0070,Logoff
7021,2025-03-03 10:22:00,U0071,PC0071,Logon
7022,2025-03-03 16:44:28.227827,U0071,PC0071,Logoff
7023,2025-03-03 08:29:00,U0072,PC0072,Logon
7024,2025-03-03 16:30:57.499812,U0072,PC0072,Logoff
7025,2025-03-03 09:21:00,U0073,LAB002,Logon
7026,2025-03-03 17:44:58.089741,U0073,LAB002,Logoff
7027,2025-03-03 09:46:00,U0074,PC0074,Logon
7028,2025-03-03 16:38:21.850347,U0074,PC0074,Logoff
7029,2025-03-03 08:18:00,U0075,PC0075,Logon
7030,2025-03-03 16:37:21.016777,U0075,PC0075,Logoff
7031,2025-03-03 08:23:00,U0076,PC0076,Logon
7032,2025-03-03 15:51:05.240099,U0076,PC0076,Logoff
7033,2025-03-03 09:53:00,U0077,PC0077,Logon
7034,2025-03-03 16:54:03.632620,U0077,PC0077,Logoff
7035,2025-03-03 09:14:00,U0078,PC0078,Logon
7036,2025-03-03 18:27:26.170839,U0078,PC0078,Logoff
7037,2025-03-03 08:47:00,U0079,PC0079,Logon
7038,2025-03-03 15:51:03.463525,U0079,PC0079,Logoff
7039,2025-03-03 07:29:00,U0080,PC0080,Logon
7040,2025-03-03 14:42:02.671095,U0080,PC0080,Logoff
7041,2025-03-04 09:47:00,U0001,PC0001,Logon
7042,2025-03-04 17:22:09.978208,U0001,PC0001,Logoff
7043,2025-03-04 09:28:00,U0002,PC0002,Logon
7044,2025-03-04 15:56:39.596454,U0002,PC0002,Logoff
7045,2025-03-04 09:15:00,U0003,PC0003,Logon
7046,2025-03-04 16:41:41.606779,U0003,PC0003,Logoff
7047,2025-03-04 09:40:00,U0004,PC0004,Logon
7048,2025-03-04 17:34:25.651795,U0004,PC0004,Logoff
7049,2025-03-04 08:38:00,U0005,PC0005,Logon
7050,2025-03-04 15:28:48.896406,U0005,PC0005,Logoff
7051,2025-03-04 09:05:00,U0006,PC0006,Logon
7052,2025-03-04 17:28:56.371767,U0006,PC0006,Logoff
7053,2025-03-04 09:17:00,U0007,PC0007,Logon
7054,2025-03-04 17:36:28.769648,U0007,PC0007,Logoff
7055,2025-03-04 09:14:00,U0008,PC0008,Logon
7056,2025-03-04 15:30:26.361773,U0008,PC0008,Logoff
7057,2025-03-04 08:35:00,U0009,PC0009,Logon
7058,2025-03-04 16:33:21.416447,U0009,PC0009,Logoff
7059,2025-03-04 09:29:00,U0010,PC0010,Logon
7060,2025-03-04 18:10:13.043876,U0010,PC0010,Logoff
7061,2025-03-04 09:15:00,U0011,PC0011,Logon
7062,2025-03-04 17:50:51.135741,U0011,PC0011,Logoff
7063,2025-03-04 08:57:00,U0012,PC0012,Logon
7064,2025-03-04 17:04:01.647178,U0012,PC0012,Logoff
7065,2025-03-04 09:01:00,U0013,PC0013,Logon
7066,2025-03-04 16:04:39.039949,U0013,PC0013,Logoff
7067,2025-03-04 08:24:00,U0014,PC0014,Logon
7068,2025-03-04 16:11:39.238823,U0014,PC0014,Logoff
7069,2025-03-04 09:47:00,U0015,PC0015,Logon
7070,2025-03-04 15:42:09.334109,U0015,PC0015,Logoff
7071,2025-03-04 09:46:00,U0016,PC0016,Logon
7072,2025-03-04 16:49:47.537154,U0016,PC0016,Logoff
7073,2025-03-04 08:22:00,U0017,PC0017,Logon
7074,2025-03-04 17:32:47.791668,U0017,PC0017,Logoff
7075,2025-03-04 09:37:00,U0018,PC0018,Logon
7076,2025-03-04 18:52:16.267329,U0018,PC0018,Logoff
7077,2025-03-04 09:22:00,U0019,PC0019,Logon
7078,2025-03-04 19:25:35.442006,U0019,PC0019,Logoff
7079,2025-03-04 09:16:00,U0020,PC0020,Logon
7080,2025-03-04 17:06:36.681446,U0020,PC0020,Logoff
7081,2025-03-04 09:47:00,U0021,PC0021,Logon
7082,2025-03-04 19:01:36.488862,U0021,PC0021,Logoff
7083,2025-03-04 08:49:00,U0022,PC0022,Logon
7084,2025-03-04 16:09:53.201103,U0022,PC0022,Logoff
7085,2025-03-04 08:15:00,U0023,PC0023,Logon
7086,2025-03-04 14:08:43.501924,U0023,PC0023,Logoff
7087,2025-03-04 09:22:00,U0024,PC0024,Logon
7088,2025-03-04 15:28:49.936666,U0024,PC0024,Logoff
7089,2025-03-04 09:16:00,U0025,PC0025,Logon
7090,2025-03-04 18:07:55.043122,U0025,PC0025,Logoff
7091,2025-03-04 08:37:00,U0026,PC0026,Logon
7092,2025-03-04 18:17:37.617133,U0026,PC0026,Logoff
7093,2025-03-04 08:58:00,U0027,PC0027,Logon
7094,2025-03-04 18:09:28.538454,U0027,PC0027,Logoff
7095,2025-03-04 09:14:00,U0028,PC0028,Logon
7096,2025-03-04 15:31:02.280306,U0028,PC0028,Logoff
7097,2025-03-04 10:54:00,U0029,PC0029,Logon
7098,2025-03-04 18:50:10.516972,U0029,PC0029,Logoff
7099,2025-03-04 08:05:00,U0030,PC0030,Logon
7100,2025-03-04 14:40:34.486099,U0030,PC0030,Logoff
7101,2025-03-04 08:23:00,U0031,LAB008,Logon
7102,2025-03-04 16:15:21.335259,U0031,LAB008,Logoff
7103,2025-03-04 09:33:00,U0032,PC0032,Logon
7104,2025-03-04 17:15:07.933838,U0032,PC0032,Logoff
7105,2025-03-04 09:50:00,U0033,PC0033,Logon
7106,2025-03-04 17:26:44.532602,U0033,PC0033,Logoff
7107,2025-03-04 08:41:00,U0034,PC0034,Logon
7108,2025-03-04 16:32:02.298616,U0034,PC0034,Logoff
7109,2025-03-04 07:14:00,U0035,PC0035,Logon
7110,2025-03-04 15:35:13.574271,U0035,PC0035,Logoff
7111,2025-03-04 08:57:00,U0036,PC0036,Logon
7112,2025-03-04 17:06:48.097278,U0036,PC0036,Logoff
7113,2025-03-04 09:48:00,U0037,PC0037,Logon
7114,2025-03-04 16:51:04.504697,U0037,PC0037,Logoff
7115,2025-03-04 09:54:00,U0038,PC0038,Logon
7116,2025-03-04 17:27:59.797560,U0038,PC0038,Logoff
7117,2025-03-04 09:48:00,U0039,PC0039,Logon
7118,2025-03-04 17:26:05.450592,U0039,PC0039,Logoff
7119,2025-03-04 08:58:00,U0040,PC0040,Logon
7120,2025-03-04 17:39:14.058421,U0040,PC0040,Logoff
7121,2025-03-04 08:11:00,U0041,PC0041,Logon
7122,2025-03-04 15:20:30.781749,U0041,PC0041,Logoff
7123,2025-03-04 08:24:00,U0042,PC0042,Logon
7124,2025-03-04 16:21:19.416484,U0042,PC0042,Logoff
7125,2025-03-04 09:14:00,U0043,PC0043,Logon
7126,2025-03-04 15:17:57.284116,U0043,PC0043,Logoff
7127,2025-03-04 09:41:00,U0044,PC0044,Logon
7128,2025-03-04 18:18:29.652941,U0044,PC0044,Logoff
7129,2025-03-04 09:43:00,U0045,PC0045,Logon
7130,2025-03-04 19:01:35.514610,U0045,PC0045,Logoff
7131,2025-03-04 08:55:00,U0046,PC0046,Logon
7132,2025-03-04 16:43:55.614808,U0046,PC0046,Logoff
7133,2025-03-04 09:46:00,U0047,PC0047,Logon
7134,2025-03-04 17:51:57.529734,U0047,PC0047,Logoff
7135,2025-03-04 08:50:00,U0048,PC0048,Logon
7136,2025-03-04 17:20:58.118543,U0048,PC0048,Logoff
7137,2025-03-04 08:46:00,U0049,PC0049,Logon
7138,2025-03-04 16:09:19.762253,U0049,PC0049,Logoff
7139,2025-03-04 08:19:00,U0050,PC0050,Logon
7140,2025-03-04 17:40:11.048977,U0050,PC0050,Logoff
7141,2025-03-04 07:05:00,U0051,PC0051,Logon
7142,2025-03-04 15:28:44.155805,U0051,PC0051,Logoff
7143,2025-03-04 09:15:00,U0052,PC0052,Logon
7144,2025-03-04 15:34:08.866347,U0052,PC0052,Logoff
7145,2025-03-04 09:50:00,U0053,PC0053,Logon
7146,2025-03-04 18:18:32.707171,U0053,PC0053,Logoff
7147,2025-03-04 09:54:00,U0054,PC0054,Logon
7148,2025-03-04 15:14:53.418973,U0054,PC0054,Logoff
7149,2025-03-04 20:54:00,U0055,PC0055,Logon
7150,2025-03-05 04:09:44.147863,U0055,PC0055,Logoff
7151,2025-03-04 09:11:00,U0056,LAB011,Logon
7152,2025-03-04 17:55:27.865610,U0056,LAB011,Logoff
7153,2025-03-04 08:48:00,U0057,PC0057,Logon
7154,2025-03-04 17:27:37.655828,U0057,PC0057,Logoff
7155,2025-03-04 21:40:00,U0058,LAB011,Logon
7156,2025-03-05 03:35:43.042154,U0058,LAB011,Logoff
7157,2025-03-04 09:12:00,U0059,PC0059,Logon
7158,2025-03-04 16:25:29.838133,U0059,PC0059,Logoff
7159,2025-03-04 08:00:00,U0060,PC0060,Logon
7160,2025-03-04 15:35:48.962875,U0060,PC0060,Logoff
7161,2025-03-04 09:14:00,U0061,PC0061,Logon
7162,2025-03-04 17:10:33.826521,U0061,PC0061,Logoff
7163,2025-03-04 09:19:00,U0062,PC0062,Logon
7164,2025-03-04 15:58:37.838280,U0062,PC0062,Logoff
7165,2025-03-04 08:45:00,U0063,PC0063,Logon
7166,2025-03-04 16:38:02.410540,U0063,PC0063,Logoff
7167,2025-03-04 09:31:00,U0064,PC0064,Logon
7168,2025-03-04 17:24:10.274862,U0064,PC0064,Logoff
7169,2025-03-04 09:33:00,U0065,PC0065,Logon
7170,2025-03-04 17:35:18.798608,U0065,PC0065,Logoff
7171,2025-03-04 08:27:00,U0066,PC0066,Logon
7172,2025-03-04 16:12:11.792073,U0066,PC0066,Logoff
7173,2025-03-04 08:41:00,U0067,PC0067,Logon
7174,2025-03-04 17:17:13.124660,U0067,PC0067,Logoff
7175,2025-03-04 09:01:00,U0068,PC0068,Logon
7176,2025-03-04 17:22:34.851052,U0068,PC0068,Logoff
7177,2025-03-04 09:38:00,U0069,PC0069,Logon
7178,2025-03-04 16:40:06.756945,U0069,PC0069,Logoff
7179,2025-03-04 08:09:00,U0070,PC0070,Logon
7180,2025-03-04 15:25:32.510877,U0070,PC0070,Logoff
7181,2025-03-04 09:57:00,U0071,PC0071,Logon
7182,2025-03-04 17:35:27.749813,U0071,PC0071,Logoff
7183,2025-03-04 09:17:00,U0072,PC0072,Logon
7184,2025-03-04 16:21:08.393838,U0072,PC0072,Logoff
7185,2025-03-04 09:52:00,U0073,PC0073,Logon
7186,2025-03-04 18:33:12.688480,U0073,PC0073,Logoff
7187,2025-03-04 07:35:00,U0074,PC0074,Logon
7188,2025-03-04 17:42:17.872706,U0074,PC0074,Logoff
7189,2025-03-04 08:57:00,U0075,PC0075,Logon
7190,2025-03-04 14:55:29.856311,U0075,PC0075,Logoff
7191,2025-03-04 09:48:00,U0076,PC0076,Logon
7192,2025-03-04 17:50:00.396485,U0076,PC0076,Logoff
7193,2025-03-04 08:31:00,U0077,PC0077,Logon
7194,2025-03-04 17:30:28.288007,U0077,PC0077,Logoff
7195,2025-03-04 09:47:00,U0078,PC0078,Logon
7196,2025-03-04 18:04:52.354288,U0078,PC0078,Logoff
7197,2025-03-04 09:38:00,U0079,PC0079,Logon
7198,2025-03-04 17:31:44.309582,U0079,PC0079,Logoff
7199,2025-03-04 09:11:00,U0080,PC0080,Logon
7200,2025-03-04 15:42:14.894334,U0080,PC0080,Logoff
7201,2025-03-05 09:26:00,U0001,PC0001,Logon
7202,2025-03-05 17:29:54.088672,U0001,PC0001,Logoff
7203,2025-03-05 09:05:00,U0002,LAB010,Logon
7204,2025-03-05 16:14:22.126041,U0002,LAB010,Logoff
7205,2025-03-05 08:05:00,U0003,PC0003,Logon
7206,2025-03-05 16:14:24.562858,U0003,PC0003,Logoff
7207,2025-03-05 09:16:00,U0004,PC0004,Logon
7208,2025-03-05 18:45:22.557874,U0004,PC0004,Logoff
7209,2025-03-05 08:42:00,U0005,PC0005,Logon
7210,2025-03-05 17:51:16.897560,U0005,PC0005,Logoff
7211,2025-03-05 10:18:00,U0006,PC0006,Logon
7212,2025-03-05 17:55:20.046405,U0006,PC0006,Logoff
7213,2025-03-05 08:53:00,U0007,PC0007,Logon
7214,2025-03-05 16:28:34.892281,U0007,PC0007,Logoff
7215,2025-03-05 09:20:00,U0008,PC0008,Logon
7216,2025-03-05 17:53:49.636350,U0008,PC0008,Logoff
7217,2025-03-05 08:39:00,U0009,PC0009,Logon
7218,2025-03-05 18:12:18.714723,U0009,PC0009,Logoff
7219,2025-03-05 08:32:00,U0010,PC0010,Logon
7220,2025-03-05 14:47:38.861452,U0010,PC0010,Logoff
7221,2025-03-05 09:12:00,U0011,PC0011,Logon
7222,2025-03-05 14:55:31.364288,U0011,PC0011,Logoff
7223,2025-03-05 08:45:00,U0012,PC0012,Logon
7224,2025-03-05 19:52:03.652065,U0012,PC0012,Logoff
7225,2025-03-05 08:02:00,U0013,PC0013,Logon
7226,2025-03-05 14:54:45.236457,U0013,PC0013,Logoff
7227,2025-03-05 08:02:00,U0014,PC0014,Logon
7228,2025-03-05 15:58:57.117161,U0014,PC0014,Logoff
7229,2025-03-05 09:32:00,U0015,PC0015,Logon
7230,2025-03-05 18:11:44.146736,U0015,PC0015,Logoff
7231,2025-03-05 08:12:00,U0016,PC0016,Logon
7232,2025-03-05 17:53:15.172999,U0016,PC0016,Logoff
7233,2025-03-05 09:11:00,U0017,PC0017,Logon
7234,2025-03-05 17:54:36.458567,U0017,PC0017,Logoff
7235,2025-03-05 08:16:00,U0018,PC0018,Logon
7236,2025-03-05 17:33:10.975693,U0018,PC0018,Logoff
7237,2025-03-05 08:18:00,U0019,PC0019,Logon
7238,2025-03-05 16:34:39.189049,U0019,PC0019,Logoff
7239,2025-03-05 08:27:00,U0020,PC0020,Logon
7240,2025-03-05 15:27:11.046145,U0020,PC0020,Logoff
7241,2025-03-05 09:32:00,U0021,LAB012,Logon
7242,2025-03-05 17:05:23.015411,U0021,LAB012,Logoff
7243,2025-03-05 08:35:00,U0022,LAB006,Logon
7244,2025-03-05 15:56:24.539969,U0022,LAB006,Logoff
7245,2025-03-05 09:11:00,U0023,PC0023,Logon
7246,2025-03-05 16:33:15.463700,U0023,PC0023,Logoff
7247,2025-03-05 08:59:00,U0024,PC0024,Logon
7248,2025-03-05 16:59:54.099901,U0024,PC0024,Logoff
7249,2025-03-05 08:16:00,U0025,PC0025,Logon
7250,2025-03-05 14:47:43.944941,U0025,PC0025,Logoff
7251,2025-03-05 09:48:00,U0026,PC0026,Logon
7252,2025-03-05 17:03:46.694300,U0026,PC0026,Logoff
7253,2025-03-05 09:59:00,U0027,PC0027,Logon
7254,2025-03-05 18:57:00.505575,U0027,PC0027,Logoff
7255,2025-03-05 09:49:00,U0028,PC0028,Logon
7256,2025-03-05 19:38:11.178434,U0028,PC0028,Logoff
7257,2025-03-05 08:26:00,U0029,PC0029,Logon
7258,2025-03-05 17:04:55.974933,U0029,PC0029,Logoff
7259,2025-03-05 08:30:00,U0030,PC0030,Logon
7260,2025-03-05 18:57:08.531686,U0030,PC0030,Logoff
7261,2025-03-05 09:36:00,U0031,PC0031,Logon
7262,2025-03-05 17:36:42.769564,U0031,PC0031,Logoff
7263,2025-03-05 09:18:00,U0032,PC0032,Logon
7264,2025-03-05 18:39:33.471358,U0032,PC0032,Logoff
7265,2025-03-05 08:26:00,U0033,PC0033,Logon
7266,2025-03-05 15:46:36.153345,U0033,PC0033,Logoff
7267,2025-03-05 09:07:00,U0034,PC0034,Logon
7268,2025-03-05 17:11:42.381286,U0034,PC0034,Logoff
7269,2025-03-05 09:42:00,U0035,PC0035,Logon
7270,2025-03-05 16:51:56.623165,U0035,PC0035,Logoff
7271,2025-03-05 08:14:00,U0036,PC0036,Logon
7272,2025-03-05 16:28:10.112676,U0036,PC0036,Logoff
7273,2025-03-05 09:58:00,U0037,PC0037,Logon
7274,2025-03-05 17:44:27.095703,U0037,PC0037,Logoff
7275,2025-03-05 09:29:00,U0038,PC0038,Logon
7276,2025-03-05 16:46:45.901229,U0038,PC0038,Logoff
7277,2025-03-05 08:28:00,U0039,PC0039,Logon
7278,2025-03-05 16:23:57.970894,U0039,PC0039,Logoff
7279,2025-03-05 08:38:00,U0040,PC0040,Logon
7280,2025-03-05 17:24:11.887433,U0040,PC0040,Logoff
7281,2025-03-05 08:08:00,U0041,PC0041,Logon
7282,2025-03-05 17:30:05.139253,U0041,PC0041,Logoff
7283,2025-03-05 09:20:00,U0042,PC0042,Logon
7284,2025-03-05 17:17:39.081503,U0042,PC0042,Logoff
7285,2025-03-05 09:40:00,U0043,PC0043,Logon
7286,2025-03-05 16:36:36.610546,U0043,PC0043,Logoff
7287,2025-03-05 09:21:00,U0044,PC0044,Logon
7288,2025-03-05 18:23:50.195071,U0044,PC0044,Logoff
7289,2025-03-05 09:02:00,U0045,PC0045,Logon
7290,2025-03-05 17:01:03.972880,U0045,PC0045,Logoff
7291,2025-03-05 07:36:00,U0046,PC0046,Logon
7292,2025-03-05 14:57:29.782283,U0046,PC0046,Logoff
7293,2025-03-05 08:05:00,U0047,PC0047,Logon
7294,2025-03-05 15:06:18.282223,U0047,PC0047,Logoff
7295,2025-03-05 09:50:00,U0048,PC0048,Logon
7296,2025-03-05 17:24:51.731596,U0048,PC0048,Logoff
7297,2025-03-05 08:47:00,U0049,PC0049,Logon
7298,2025-03-05 15:43:28.319466,U0049,PC0049,Logoff
7299,2025-03-05 08:04:00,U0050,PC0050,Logon
7300,2025-03-05 17:11:17.397163,U0050,PC0050,Logoff
7301,2025-03-05 08:26:00,U0051,PC0051,Logon
7302,2025-03-05 15:55:06.220657,U0051,PC0051,Logoff
7303,2025-03-05 08:54:00,U0052,PC0052,Logon
7304,2025-03-05 17:14:20.376650,U0052,PC0052,Logoff
7305,2025-03-05 09:32:00,U0053,PC0053,Logon
7306,2025-03-05 14:29:19.236459,U0053,PC0053,Logoff
7307,2025-03-05 09:08:00,U0054,PC0054,Logon
7308,2025-03-05 18:34:10.924923,U0054,PC0054,Logoff
7309,2025-03-05 08:23:00,U0055,PC0055,Logon
7310,2025-03-05 15:24:39.726319,U0055,PC0055,Logoff
7311,2025-03-05 08:27:00,U0056,PC0056,Logon
7312,2025-03-05 15:41:38.385530,U0056,PC0056,Logoff
7313,2025-03-05 09:14:00,U0057,PC0057,Logon
7314,2025-03-05 15:17:12.508969,U0057,PC0057,Logoff
7315,2025-03-05 21:42:00,U0058,PC0058,Logon
7316,2025-03-06 07:14:21.109921,U0058,PC0058,Logoff
7317,2025-03-05 08:51:00,U0059,PC0059,Logon
7318,2025-03-05 18:05:36.341801,U0059,PC0059,Logoff
7319,2025-03-05 09:35:00,U0060,PC0060,Logon
7320,2025-03-05 15:46:26.636227,U0060,PC0060,Logoff
7321,2025-03-05 09:56:00,U0061,PC0061,Logon
7322,2025-03-05 17:48:56.397712,U0061,PC0061,Logoff
7323,2025-03-05 08:15:00,U0062,PC0062,Logon
7324,2025-03-05 16:29:41.845535,U0062,PC0062,Logoff
7325,2025-03-05 09:22:00,U0063,PC0063,Logon
7326,2025-03-05 18:04:27.330559,U0063,PC0063,Logoff
7327,2025-03-05 09:25:00,U0064,PC0064,Logon
7328,2025-03-05 17:49:29.289286,U0064,PC0064,Logoff
7329,2025-03-05 08:02:00,U0065,PC0065,Logon
7330,2025-03-05 15:33:34.876352,U0065,PC0065,Logoff
7331,2025-03-05 10:31:00,U0066,PC0066,Logon
7332,2025-03-05 19:14:28.167817,U0066,PC0066,Logoff
7333,2025-03-05 10:13:00,U0067,PC0067,Logon
7334,2025-03-05 19:36:43.562696,U0067,PC0067,Logoff
7335,2025-03-05 09:03:00,U0068,PC0068,Logon
7336,2025-03-05 17:21:05.065451,U0068,PC0068,Logoff
7337,2025-03-05 08:12:00,U0069,PC0069,Logon
7338,2025-03-05 14:27:43.903383,U0069,PC0069,Logoff
7339,2025-03-05 09:43:00,U0070,PC0070,Logon
7340,2025-03-05 18:55:38.428389,U0070,PC0070,Logoff
7341,2025-03-05 08:59:00,U0071,PC0071,Logon
7342,2025-03-05 17:23:43.030797,U0071,PC0071,Logoff
7343,2025-03-05 09:06:00,U0072,PC0072,Logon
7344,2025-03-05 16:11:25.150418,U0072,PC0072,Logoff
7345,2025-03-05 08:11:00,U0073,PC0073,Logon
7346,2025-03-05 15:09:55.518634,U0073,PC0073,Logoff
7347,2025-03-05 08:20:00,U0074,PC0074,Logon
7348,2025-03-05 15:02:44.620979,U0074,PC0074,Logoff
7349,2025-03-05 08:38:00,U0075,PC0075,Logon
7350,2025-03-05 18:03:10.040451,U0075,PC0075,Logoff
7351,2025-03-05 08:45:00,U0076,PC0076,Logon
7352,2025-03-05 16:52:35.253189,U0076,PC0076,Logoff
7353,2025-03-05 08:40:00,U0077,PC0077,Logon
7354,2025-03-05 17:50:43.917373,U0077,PC0077,Logoff
7355,2025-03-05 09:20:00,U0078,PC0078,Logon
7356,2025-03-05 18:11:50.651936,U0078,PC0078,Logoff
7357,2025-03-05 09:40:00,U0079,PC0079,Logon
7358,2025-03-05 17:26:08.185667,U0079,PC0079,Logoff
7359,2025-03-05 08:48:00,U0080,PC0080,Logon
7360,2025-03-05 18:44:36.703972,U0080,PC0080,Logoff
7361,2025-03-06 08:53:00,U0001,PC0001,Logon
7362,2025-03-06 17:32:49.126849,U0001,PC0001,Logoff
7363,2025-03-06 09:18:00,U0002,PC0002,Logon
7364,2025-03-06 16:44:40.990211,U0002,PC0002,Logoff
7365,2025-03-06 09:59:00,U0003,PC0003,Logon
7366,2025-03-06 18:44:51.167532,U0003,PC0003,Logoff
7367,2025-03-06 09:49:00,U0004,PC0004,Logon
7368,2025-03-06 17:20:50.352721,U0004,PC0004,Logoff
7369,2025-03-06 08:46:00,U0005,PC0005,Logon
7370,2025-03-06 16:15:40.236880,U0005,PC0005,Logoff
7371,2025-03-06 09:54:00,U0006,PC0006,Logon
7372,2025-03-06 17:57:29.565818,U0006,PC0006,Logoff
7373,2025-03-06 08:48:00,U0007,PC0007,Logon
7374,2025-03-06 14:53:26.889148,U0007,PC0007,Logoff
7375,2025-03-06 09:58:00,U0008,PC0008,Logon
7376,2025-03-06 19:56:20.440125,U0008,PC0008,Logoff
7377,2025-03-06 09:38:00,U0009,PC0009,Logon
7378,2025-03-06 18:14:32.887869,U0009,PC0009,Logoff
7379,2025-03-06 09:05:00,U0010,PC0010,Logon
7380,2025-03-06 17:28:49.368012,U0010,PC0010,Logoff
7381,2025-03-06 09:37:00,U0011,PC0011,Logon
7382,2025-03-06 18:00:43.345252,U0011,PC0011,Logoff
7383,2025-03-06 08:12:00,U0012,PC0012,Logon
7384,2025-03-06 15:24:14.439924,U0012,PC0012,Logoff
7385,2025-03-06 08:35:00,U0013,PC0013,Logon
7386,2025-03-06 16:53:50.866187,U0013,PC0013,Logoff
7387,2025-03-06 08:34:00,U0014,LAB006,Logon
7388,2025-03-06 16:52:51.619259,U0014,LAB006,Logoff
7389,2025-03-06 09:41:00,U0015,PC0015,Logon
7390,2025-03-06 18:30:59.445953,U0015,PC0015,Logoff
7391,2025-03-06 09:47:00,U0016,PC0016,Logon
7392,2025-03-06 17:51:40.826707,U0016,PC0016,Logoff
7393,2025-03-06 08:49:00,U0017,LAB011,Logon
7394,2025-03-06 16:28:17.625251,U0017,LAB011,Logoff
7395,2025-03-06 09:01:00,U0018,PC0018,Logon
7396,2025-03-06 15:10:51.232478,U0018,PC0018,Logoff
7397,2025-03-06 09:39:00,U0019,LAB005,Logon
7398,2025-03-06 17:47:32.560485,U0019,LAB005,Logoff
7399,2025-03-06 09:44:00,U0020,PC0020,Logon
7400,2025-03-06 19:05:55.895265,U0020,PC0020,Logoff
7401,2025-03-06 08:15:00,U0021,PC0021,Logon
7402,2025-03-06 16:49:26.550951,U0021,PC0021,Logoff
7403,2025-03-06 08:39:00,U0022,PC0022,Logon
7404,2025-03-06 16:27:57.287279,U0022,PC0022,Logoff
7405,2025-03-06 08:28:00,U0023,PC0023,Logon
7406,2025-03-06 18:07:56.171569,U0023,PC0023,Logoff
7407,2025-03-06 08:30:00,U0024,PC0024,Logon
7408,2025-03-06 17:11:58.071289,U0024,PC0024,Logoff
7409,2025-03-06 08:36:00,U0025,PC0025,Logon
7410,2025-03-06 17:46:47.958707,U0025,PC0025,Logoff
7411,2025-03-06 09:35:00,U0026,PC0026,Logon
7412,2025-03-06 17:40:50.762797,U0026,PC0026,Logoff
7413,2025-03-06 08:28:00,U0027,LAB002,Logon
7414,2025-03-06 16:52:00.000020,U0027,LAB002,Logoff
7415,2025-03-06 10:57:00,U0028,PC0028,Logon
7416,2025-03-06 17:11:12.347884,U0028,PC0028,Logoff
7417,2025-03-06 09:06:00,U0029,PC0029,Logon
7418,2025-03-06 16:11:18.177712,U0029,PC0029,Logoff
7419,2025-03-06 08:24:00,U0030,PC0030,Logon
7420,2025-03-06 16:09:07.631571,U0030,PC0030,Logoff
7421,2025-03-06 08:06:00,U0031,PC0031,Logon
7422,2025-03-06 16:05:22.325535,U0031,PC0031,Logoff
7423,2025-03-06 08:26:00,U0032,PC0032,Logon
7424,2025-03-06 17:27:45.049570,U0032,PC0032,Logoff
7425,2025-03-06 08:54:00,U0033,PC0033,Logon
7426,2025-03-06 17:26:23.152246,U0033,PC0033,Logoff
7427,2025-03-06 08:14:00,U0034,PC0034,Logon
7428,2025-03-06 15:03:44.670382,U0034,PC0034,Logoff
7429,2025-03-06 09:50:00,U0035,PC0035,Logon
7430,2025-03-06 16:16:34.976088,U0035,PC0035,Logoff
7431,2025-03-06 22:06:00,U0036,PC0036,Logon
7432,2025-03-07 04:40:37.643132,U0036,PC0036,Logoff
7433,2025-03-06 09:23:00,U0037,PC0037,Logon
7434,2025-03-06 16:27:32.313599,U0037,PC0037,Logoff
7435,2025-03-06 08:23:00,U0038,PC0038,Logon
7436,2025-03-06 16:40:38.217797,U0038,PC0038,Logoff
7437,2025-03-06 08:52:00,U0039,PC0039,Logon
7438,2025-03-06 16:48:31.329601,U0039,PC0039,Logoff
7439,2025-03-06 08:39:00,U0040,PC0040,Logon
7440,2025-03-06 17:16:51.152173,U0040,PC0040,Logoff
7441,2025-03-06 09:12:00,U0041,PC0041,Logon
7442,2025-03-06 19:59:31.951924,U0041,PC0041,Logoff
7443,2025-03-06 09:47:00,U0042,PC0042,Logon
7444,2025-03-06 18:34:17.534907,U0042,PC0042,Logoff
7445,2025-03-06 08:13:00,U0043,PC0043,Logon
7446,2025-03-06 17:43:09.843575,U0043,PC0043,Logoff
7447,2025-03-06 09:10:00,U0044,PC0044,Logon
7448,2025-03-06 16:40:57.839598,U0044,PC0044,Logoff
7449,2025-03-06 09:17:00,U0045,PC0045,Logon
7450,2025-03-06 17:01:43.886124,U0045,PC0045,Logoff
7451,2025-03-06 08:01:00,U0046,PC0046,Logon
7452,2025-03-06 16:29:31.205732,U0046,PC0046,Logoff
7453,2025-03-06 08:32:00,U0047,PC0047,Logon
7454,2025-03-06 17:33:17.849152,U0047,PC0047,Logoff
7455,2025-03-06 08:35:00,U0048,PC0048,Logon
7456,2025-03-06 15:31:59.802757,U0048,PC0048,Logoff
7457,2025-03-06 08:34:00,U0049,PC0049,Logon
7458,2025-03-06 17:19:34.200135,U0049,PC0049,Logoff
7459,2025-03-06 08:18:00,U0050,PC0050,Logon
7460,2025-03-06 14:57:07.215176,U0050,PC0050,Logoff
7461,2025-03-06 08:27:00,U0051,PC0051,Logon
7462,2025-03-06 16:25:04.647466,U0051,PC0051,Logoff
7463,2025-03-06 08:21:00,U0052,PC0052,Logon
7464,2025-03-06 15:11:53.948007,U0052,PC0052,Logoff
7465,2025-03-06 10:09:00,U0053,PC0053,Logon
7466,2025-03-06 17:17:21.964546,U0053,PC0053,Logoff
7467,2025-03-06 08:01:00,U0054,PC0054,Logon
7468,2025-03-06 15:38:57.946797,U0054,PC0054,Logoff
7469,2025-03-06 08:41:00,U0055,LAB018,Logon
7470,2025-03-06 17:18:16.848264,U0055,LAB018,Logoff
7471,2025-03-06 09:43:00,U0056,PC0056,Logon
7472,2025-03-06 17:24:38.564046,U0056,PC0056,Logoff
7473,2025-03-06 08:28:00,U0057,PC0057,Logon
7474,2025-03-06 17:44:27.984820,U0057,PC0057,Logoff
7475,2025-03-06 08:16:00,U0058,PC0058,Logon
7476,2025-03-06 17:59:49.158533,U0058,PC0058,Logoff
7477,2025-03-06 07:35:00,U0059,PC0059,Logon
7478,2025-03-06 15:46:43.451597,U0059,PC0059,Logoff
7479,2025-03-06 09:26:00,U0060,PC0060,Logon
7480,2025-03-06 17:04:48.249112,U0060,PC0060,Logoff
7481,2025-03-06 08:38:00,U0061,PC0061,Logon
7482,2025-03-06 16:55:43.842090,U0061,PC0061,Logoff
7483,2025-03-06 08:03:00,U0062,PC0062,Logon
7484,2025-03-06 15:44:16.541045,U0062,PC0062,Logoff
7485,2025-03-06 08:07:00,U0063,PC0063,Logon
7486,2025-03-06 15:29:21.285356,U0063,PC0063,Logoff
7487,2025-03-06 09:13:00,U0064,PC0064,Logon
7488,2025-03-06 17:40:39.880916,U0064,PC0064,Logoff
7489,2025-03-06 09:09:00,U0065,PC0065,Logon
7490,2025-03-06 17:57:30.855625,U0065,PC0065,Logoff
7491,2025-03-06 08:18:00,U0066,PC0066,Logon
7492,2025-03-06 15:31:32.866254,U0066,PC0066,Logoff
7493,2025-03-06 08:10:00,U0067,PC0067,Logon
7494,2025-03-06 16:10:06.418948,U0067,PC0067,Logoff
7495,2025-03-06 08:18:00,U0068,PC0068,Logon
7496,2025-03-06 15:47:59.060340,U0068,PC0068,Logoff
7497,2025-03-06 08:51:00,U0069,PC0069,Logon
7498,2025-03-06 18:58:28.402427,U0069,PC0069,Logoff
7499,2025-03-06 07:01:00,U0070,PC0070,Logon
7500,2025-03-06 14:50:13.369003,U0070,PC0070,Logoff
7501,2025-03-06 09:32:00,U0071,PC0071,Logon
7502,2025-03-06 17:39:18.640071,U0071,PC0071,Logoff
7503,2025-03-06 09:53:00,U0072,PC0072,Logon
7504,2025-03-06 17:58:59.374734,U0072,PC0072,Logoff
7505,2025-03-06 08:15:00,U0073,PC0073,Logon
7506,2025-03-06 14:00:29.102636,U0073,PC0073,Logoff
7507,2025-03-06 09:56:00,U0074,PC0074,Logon
7508,2025-03-06 17:09:27.816223,U0074,PC0074,Logoff
7509,2025-03-06 08:07:00,U0075,PC0075,Logon
7510,2025-03-06 15:37:03.645878,U0075,PC0075,Logoff
7511,2025-03-06 23:27:00,U0076,PC0076,Logon
7512,2025-03-07 09:51:17.415152,U0076,PC0076,Logoff
7513,2025-03-06 09:58:00,U0077,PC0077,Logon
7514,2025-03-06 17:30:06.837994,U0077,PC0077,Logoff
7515,2025-03-06 08:32:00,U0078,PC0078,Logon
7516,2025-03-06 17:00:06.744582,U0078,PC0078,Logoff
7517,2025-03-06 09:59:00,U0079,PC0079,Logon
7518,2025-03-06 17:44:09.574607,U0079,PC0079,Logoff
7519,2025-03-06 07:23:00,U0080,PC0080,Logon
7520,2025-03-06 16:03:12.178819,U0080,PC0080,Logoff
7521,2025-03-07 09:00:00,U0001,PC0001,Logon
7522,2025-03-07 15:24:50.955695,U0001,PC0001,Logoff
7523,2025-03-07 09:35:00,U0002,PC0002,Logon
7524,2025-03-07 18:02:04.413658,U0002,PC0002,Logoff
7525,2025-03-07 08:50:00,U0003,PC0003,Logon
7526,2025-03-07 16:02:33.224691,U0003,PC0003,Logoff
7527,2025-03-07 09:51:00,U0004,PC0004,Logon
7528,2025-03-07 17:26:47.832915,U0004,PC0004,Logoff
7529,2025-03-07 08:40:00,U0005,PC0005,Logon
7530,2025-03-07 14:37:01.891852,U0005,PC0005,Logoff
7531,2025-03-07 09:01:00,U0006,PC0006,Logon
7532,2025-03-07 17:37:59.990315,U0006,PC0006,Logoff
7533,2025-03-07 09:43:00,U0007,PC0007,Logon
7534,2025-03-07 17:16:35.011307,U0007,PC0007,Logoff
7535,2025-03-07 08:26:00,U0008,PC0008,Logon
7536,2025-03-07 15:21:27.348066,U0008,PC0008,Logoff
7537,2025-03-07 08:54:00,U0009,PC0009,Logon
7538,2025-03-07 14:46:47.686026,U0009,PC0009,Logoff
7539,2025-03-07 08:39:00,U0010,PC0010,Logon
7540,2025-03-07 16:20:20.624941,U0010,PC0010,Logoff
7541,2025-03-07 09:36:00,U0011,PC0011,Logon
7542,2025-03-07 17:33:36.264732,U0011,PC0011,Logoff
7543,2025-03-07 09:11:00,U0012,PC0012,Logon
7544,2025-03-07 18:31:56.886378,U0012,PC0012,Logoff
7545,2025-03-07 09:37:00,U0013,PC0013,Logon
7546,2025-03-07 18:05:13.835451,U0013,PC0013,Logoff
7547,2025-03-07 09:28:00,U0014,PC0014,Logon
7548,2025-03-07 16:29:09.163170,U0014,PC0014,Logoff
7549,2025-03-07 09:06:00,U0015,PC0015,Logon
7550,2025-03-07 18:46:47.090576,U0015,PC0015,Logoff
7551,2025-03-07 09:34:00,U0016,LAB020,Logon
7552,2025-03-07 19:29:02.132934,U0016,LAB020,Logoff
7553,2025-03-07 08:08:00,U0017,PC0017,Logon
7554,2025-03-07 14:58:45.011815,U0017,PC0017,Logoff
7555,2025-03-07 09:42:00,U0018,PC0018,Logon
7556,2025-03-07 17:57:51.444757,U0018,PC0018,Logoff
7557,2025-03-07 09:36:00,U0019,PC0019,Logon
7558,2025-03-07 17:35:04.302093,U0019,PC0019,Logoff
7559,2025-03-07 08:01:00,U0020,PC0020,Logon
7560,2025-03-07 15:48:11.064328,U0020,PC0020,Logoff
7561,2025-03-07 23:11:00,U0021,PC0021,Logon
7562,2025-03-08 06:03:17.073577,U0021,PC0021,Logoff
7563,2025-03-07 09:01:00,U0022,PC0022,Logon
7564,2025-03-07 17:53:22.034692,U0022,PC0022,Logoff
7565,2025-03-07 09:16:00,U0023,PC0023,Logon
7566,2025-03-07 15:32:44.120925,U0023,PC0023,Logoff
7567,2025-03-07 08:27:00,U0024,PC0024,Logon
7568,2025-03-07 15:13:30.000401,U0024,PC0024,Logoff
7569,2025-03-07 09:50:00,U0025,PC0025,Logon
7570,2025-03-07 17:14:58.600319,U0025,PC0025,Logoff
7571,2025-03-07 08:47:00,U0026,PC0026,Logon
7572,2025-03-07 16:48:47.266194,U0026,PC0026,Logoff
7573,2025-03-07 08:07:00,U0027,PC0027,Logon
7574,2025-03-07 17:36:01.478077,U0027,PC0027,Logoff
7575,2025-03-07 08:09:00,U0028,PC0028,Logon
7576,2025-03-07 14:45:02.778267,U0028,PC0028,Logoff
7577,2025-03-07 07:05:00,U0029,PC0029,Logon
7578,2025-03-07 15:03:09.168591,U0029,PC0029,Logoff
7579,2025-03-07 08:25:00,U0030,PC0030,Logon
7580,2025-03-07 14:59:15.943417,U0030,PC0030,Logoff
7581,2025-03-07 09:11:00,U0031,PC0031,Logon
7582,2025-03-07 17:51:02.082531,U0031,PC0031,Logoff
7583,2025-03-07 08:11:00,U0032,PC0032,Logon
7584,2025-03-07 17:32:51.574479,U0032,PC0032,Logoff
7585,2025-03-07 09:15:00,U0033,PC0033,Logon
7586,2025-03-07 16:25:37.718755,U0033,PC0033,Logoff
7587,2025-03-07 08:12:00,U0034,PC0034,Logon
7588,2025-03-07 17:01:04.733560,U0034,PC0034,Logoff
7589,2025-03-07 09:09:00,U0035,PC0035,Logon
7590,2025-03-07 17:19:11.091965,U0035,PC0035,Logoff
7591,2025-03-07 08:22:00,U0036,PC0036,Logon
7592,2025-03-07 22:58:28.611241,U0036,PC0036,Logoff
7593,2025-03-07 08:44:00,U0037,PC0037,Logon
7594,2025-03-07 16:37:52.848043,U0037,PC0037,Logoff
7595,2025-03-07 09:03:00,U0038,PC0038,Logon
7596,2025-03-07 16:23:20.996751,U0038,PC0038,Logoff
7597,2025-03-07 08:22:00,U0039,PC0039,Logon
7598,2025-03-07 15:18:50.830109,U0039,PC0039,Logoff
7599,2025-03-07 09:55:00,U0040,PC0040,Logon
7600,2025-03-07 18:10:17.032095,U0040,PC0040,Logoff
7601,2025-03-07 08:48:00,U0041,PC0041,Logon
7602,2025-03-07 16:17:27.262301,U0041,PC0041,Logoff
7603,2025-03-07 09:47:00,U0042,PC0042,Logon
7604,2025-03-07 16:56:03.222536,U0042,PC0042,Logoff
7605,2025-03-07 09:33:00,U0043,PC0043,Logon
7606,2025-03-07 16:49:07.483552,U0043,PC0043,Logoff
7607,2025-03-07 08:39:00,U0044,PC0044,Logon
7608,2025-03-07 16:00:45.045235,U0044,PC0044,Logoff
7609,2025-03-07 08:56:00,U0045,PC0045,Logon
7610,2025-03-07 16:53:04.212591,U0045,PC0045,Logoff
7611,2025-03-07 09:06:00,U0046,LAB010,Logon
7612,2025-03-07 13:24:41.884951,U0046,LAB010,Logoff
7613,2025-03-07 08:50:00,U0047,PC0047,Logon
7614,2025-03-07 16:26:30.348082,U0047,PC0047,Logoff
7615,2025-03-07 09:17:00,U0048,PC0048,Logon
7616,2025-03-07 16:12:11.990610,U0048,PC0048,Logoff
7617,2025-03-07 09:44:00,U0049,PC0049,Logon
7618,2025-03-07 19:13:42.109115,U0049,PC0049,Logoff
7619,2025-03-07 08:37:00,U0050,PC0050,Logon
7620,2025-03-07 17:00:38.310813,U0050,PC0050,Logoff
7621,2025-03-07 08:45:00,U0051,PC0051,Logon
7622,2025-03-07 16:14:43.318528,U0051,PC0051,Logoff
7623,2025-03-07 08:26:00,U0052,PC0052,Logon
7624,2025-03-07 15:42:05.313690,U0052,PC0052,Logoff
7625,2025-03-07 10:13:00,U0053,PC0053,Logon
7626,2025-03-07 19:03:40.041139,U0053,PC0053,Logoff
7627,2025-03-07 09:33:00,U0054,PC0054,Logon
7628,2025-03-07 18:02:31.176553,U0054,PC0054,Logoff
7629,2025-03-07 08:58:00,U0055,PC0055,Logon
7630,2025-03-07 17:21:41.848693,U0055,PC0055,Logoff
7631,2025-03-07 09:00:00,U0056,PC0056,Logon
7632,2025-03-07 16:08:47.761893,U0056,PC0056,Logoff
7633,2025-03-07 09:29:00,U0057,PC0057,Logon
7634,2025-03-07 18:11:15.610355,U0057,PC0057,Logoff
7635,2025-03-07 09:38:00,U0058,PC0058,Logon
7636,2025-03-07 17:12:55.981155,U0058,PC0058,Logoff
7637,2025-03-07 08:26:00,U0059,PC0059,Logon
7638,2025-03-07 16:04:18.138806,U0059,PC0059,Logoff
7639,2025-03-07 09:00:00,U0060,PC0060,Logon
7640,2025-03-07 15:10:17.738829,U0060,PC0060,Logoff
7641,2025-03-07 07:28:00,U0061,LAB007,Logon
7642,2025-03-07 15:33:21.823004,U0061,LAB007,Logoff
7643,2025-03-07 08:38:00,U0062,PC0062,Logon
7644,2025-03-07 16:38:27.820415,U0062,PC0062,Logoff
7645,2025-03-07 09:02:00,U0063,PC0063,Logon
7646,2025-03-07 16:28:50.750354,U0063,PC0063,Logoff
7647,2025-03-07 08:39:00,U0064,PC0064,Logon
7648,2025-03-07 18:41:40.133606,U0064,PC0064,Logoff
7649,2025-03-07 08:32:00,U0065,PC0065,Logon
7650,2025-03-07 15:28:27.466361,U0065,PC0065,Logoff
7651,2025-03-07 09:24:00,U0066,PC0066,Logon
7652,2025-03-07 17:00:55.839164,U0066,PC0066,Logoff
7653,2025-03-07 08:22:00,U0067,PC0067,Logon
7654,2025-03-07 16:50:58.044447,U0067,PC0067,Logoff
7655,2025-03-07 09:19:00,U0068,PC0068,Logon
7656,2025-03-07 16:58:59.541505,U0068,PC0068,Logoff
7657,2025-03-07 09:03:00,U0069,PC0069,Logon
7658,2025-03-07 14:54:51.120545,U0069,PC0069,Logoff
7659,2025-03-07 09:42:00,U0070,PC0070,Logon
7660,2025-03-07 16:51:37.700791,U0070,PC0070,Logoff
7661,2025-03-07 09:02:00,U0071,PC0071,Logon
7662,2025-03-07 17:10:31.360124,U0071,PC0071,Logoff
7663,2025-03-07 08:11:00,U0072,PC0072,Logon
7664,2025-03-07 16:50:46.227935,U0072,PC0072,Logoff
7665,2025-03-07 09:10:00,U0073,PC0073,Logon
7666,2025-03-07 17:48:30.818842,U0073,PC0073,Logoff
7667,2025-03-07 08:09:00,U0074,PC0074,Logon
7668,2025-03-07 15:39:57.538355,U0074,PC0074,Logoff
7669,2025-03-07 08:23:00,U0075,LAB004,Logon
7670,2025-03-07 16:20:31.465250,U0075,LAB004,Logoff
7671,2025-03-07 20:47:00,U0076,PC0076,Logon
7672,2025-03-08 02:46:06.355563,U0076,PC0076,Logoff
7673,2025-03-07 09:33:00,U0077,PC0077,Logon
7674,2025-03-07 17:15:36.067124,U0077,PC0077,Logoff
7675,2025-03-07 08:48:00,U0078,PC0078,Logon
7676,2025-03-07 16:03:27.047600,U0078,PC0078,Logoff
7677,2025-03-07 08:24:00,U0079,PC0079,Logon
7678,2025-03-07 12:47:56.093624,U0079,PC0079,Logoff
7679,2025-03-07 08:35:00,U0080,PC0080,Logon
7680,2025-03-07 15:42:27.066631,U0080,PC0080,Logoff
7681,2025-03-10 09:07:00,U0001,PC0001,Logon
7682,2025-03-10 16:18:40.103943,U0001,PC0001,Logoff
7683,2025-03-10 08:38:00,U0002,PC0002,Logon
7684,2025-03-10 18:10:32.195860,U0002,PC0002,Logoff
7685,2025-03-10 09:19:00,U0003,PC0003,Logon
7686,2025-03-10 18:13:08.177040,U0003,PC0003,Logoff
7687,2025-03-10 08:50:00,U0004,PC0004,Logon
7688,2025-03-10 17:22:34.916205,U0004,PC0004,Logoff
7689,2025-03-10 08:57:00,U0005,PC0005,Logon
7690,2025-03-10 16:45:14.064442,U0005,PC0005,Logoff
7691,2025-03-10 09:51:00,U0006,PC0006,Logon
7692,2025-03-10 17:15:10.823082,U0006,PC0006,Logoff
7693,2025-03-10 09:26:00,U0007,PC0007,Logon
7694,2025-03-10 17:16:23.531497,U0007,PC0007,Logoff
7695,2025-03-10 09:22:00,U0008,PC0008,Logon
7696,2025-03-10 18:49:20.161725,U0008,PC0008,Logoff
7697,2025-03-10 09:02:00,U0009,PC0009,Logon
7698,2025-03-10 15:37:27.891230,U0009,PC0009,Logoff
7699,2025-03-10 09:56:00,U0010,PC0010,Logon
7700,2025-03-10 18:47:02.589820,U0010,PC0010,Logoff
7701,2025-03-10 09:10:00,U0011,LAB019,Logon
7702,2025-03-10 16:03:12.138597,U0011,LAB019,Logoff
7703,2025-03-10 08:35:00,U0012,PC0012,Logon
7704,2025-03-10 17:34:40.409649,U0012,PC0012,Logoff
7705,2025-03-10 08:50:00,U0013,PC0013,Logon
7706,2025-03-10 16:32:01.094196,U0013,PC0013,Logoff
7707,2025-03-10 09:41:00,U0014,PC0014,Logon
7708,2025-03-10 17:38:07.922699,U0014,PC0014,Logoff
7709,2025-03-10 08:22:00,U0015,PC0015,Logon
7710,2025-03-10 15:29:20.577515,U0015,PC0015,Logoff
7711,2025-03-10 09:10:00,U0016,PC0016,Logon
7712,2025-03-10 15:50:00.667169,U0016,PC0016,Logoff
7713,2025-03-10 08:54:00,U0017,PC0017,Logon
7714,2025-03-10 17:13:59.629926,U0017,PC0017,Logoff
7715,2025-03-10 09:50:00,U0018,PC0018,Logon
7716,2025-03-10 18:30:03.173089,U0018,PC0018,Logoff
7717,2025-03-10 08:58:00,U0019,PC0019,Logon
7718,2025-03-10 18:08:42.309543,U0019,PC0019,Logoff
7719,2025-03-10 08:32:00,U0020,PC0020,Logon
7720,2025-03-10 15:17:51.469121,U0020,PC0020,Logoff
7721,2025-03-10 08:53:00,U0021,PC0021,Logon
7722,2025-03-10 18:19:17.409124,U0021,PC0021,Logoff
7723,2025-03-10 09:27:00,U0022,PC0022,Logon
7724,2025-03-10 17:27:45.078712,U0022,PC0022,Logoff
7725,2025-03-10 09:13:00,U0023,PC0023,Logon
7726,2025-03-10 15:47:07.122551,U0023,PC0023,Logoff
7727,2025-03-10 08:26:00,U0024,PC0024,Logon
7728,2025-03-10 14:49:02.952705,U0024,PC0024,Logoff
7729,2025-03-10 09:29:00,U0025,PC0025,Logon
7730,2025-03-10 17:38:59.375258,U0025,PC0025,Logoff
7731,2025-03-10 09:10:00,U0026,PC0026,Logon
7732,2025-03-10 17:24:36.510278,U0026,PC0026,Logoff
7733,2025-03-10 08:41:00,U0027,PC0027,Logon
7734,2025-03-10 16:41:06.461542,U0027,PC0027,Logoff
7735,2025-03-10 09:25:00,U0028,PC0028,Logon
7736,2025-03-10 15:44:41.659416,U0028,PC0028,Logoff
7737,2025-03-10 10:58:00,U0029,PC0029,Logon
7738,2025-03-10 19:29:11.535665,U0029,PC0029,Logoff
7739,2025-03-10 09:24:00,U0030,PC0030,Logon
7740,2025-03-10 18:00:54.590343,U0030,PC0030,Logoff
7741,2025-03-10 09:34:00,U0031,PC0031,Logon
7742,2025-03-10 17:25:34.007452,U0031,PC0031,Logoff
7743,2025-03-10 08:45:00,U0032,PC0032,Logon
7744,2025-03-10 17:20:58.022471,U0032,PC0032,Logoff
7745,2025-03-10 09:50:00,U0033,PC0033,Logon
7746,2025-03-10 17:01:24.395643,U0033,PC0033,Logoff
7747,2025-03-10 09:44:00,U0034,PC0034,Logon
7748,2025-03-10 18:01:36.067331,U0034,PC0034,Logoff
7749,2025-03-10 09:12:00,U0035,PC0035,Logon
7750,2025-03-10 18:35:30.915196,U0035,PC0035,Logoff
7751,2025-03-10 09:10:00,U0036,PC0036,Logon
7752,2025-03-10 17:29:01.027225,U0036,PC0036,Logoff
7753,2025-03-10 09:38:00,U0037,PC0037,Logon
7754,2025-03-10 16:54:30.500098,U0037,PC0037,Logoff
7755,2025-03-10 09:51:00,U0038,PC0038,Logon
7756,2025-03-10 17:58:31.974912,U0038,PC0038,Logoff
7757,2025-03-10 08:36:00,U0039,PC0039,Logon
7758,2025-03-10 18:55:03.492439,U0039,PC0039,Logoff
7759,2025-03-10 08:29:00,U0040,PC0040,Logon
7760,2025-03-10 15:11:06.825947,U0040,PC0040,Logoff
7761,2025-03-10 09:48:00,U0041,PC0041,Logon
7762,2025-03-10 18:30:47.758503,U0041,PC0041,Logoff
7763,2025-03-10 08:25:00,U0042,PC0042,Logon
7764,2025-03-10 17:01:26.240454,U0042,PC0042,Logoff
7765,2025-03-10 09:02:00,U0043,PC0043,Logon
7766,2025-03-10 17:00:11.052993,U0043,PC0043,Logoff
7767,2025-03-10 10:55:00,U0044,PC0044,Logon
7768,2025-03-10 17:11:33.377481,U0044,PC0044,Logoff
7769,2025-03-10 09:31:00,U0045,PC0045,Logon
7770,2025-03-10 18:40:59.502010,U0045,PC0045,Logoff
7771,2025-03-10 09:42:00,U0046,PC0046,Logon
7772,2025-03-10 17:29:44.319384,U0046,PC0046,Logoff
7773,2025-03-10 08:21:00,U0047,PC0047,Logon
7774,2025-03-10 16:47:38.922616,U0047,PC0047,Logoff
7775,2025-03-10 09:01:00,U0048,PC0048,Logon
7776,2025-03-10 17:37:08.904371,U0048,PC0048,Logoff
7777,2025-03-10 09:26:00,U0049,PC0049,Logon
7778,2025-03-10 16:24:52.068155,U0049,PC0049,Logoff
7779,2025-03-10 08:40:00,U0050,PC0050,Logon
7780,2025-03-10 15:43:35.942644,U0050,PC0050,Logoff
7781,2025-03-10 08:02:00,U0051,PC0051,Logon
7782,2025-03-10 17:02:54.795211,U0051,PC0051,Logoff
7783,2025-03-10 09:52:00,U0052,PC0052,Logon
7784,2025-03-10 20:28:24.692987,U0052,PC0052,Logoff
7785,2025-03-10 09:30:00,U0053,PC0053,Logon
7786,2025-03-10 17:33:34.890770,U0053,PC0053,Logoff
7787,2025-03-10 09:35:00,U0054,PC0054,Logon
7788,2025-03-10 16:56:43.888706,U0054,PC0054,Logoff
7789,2025-03-10 08:16:00,U0055,PC0055,Logon
7790,2025-03-10 17:23:40.036898,U0055,PC0055,Logoff
7791,2025-03-10 09:08:00,U0056,PC0056,Logon
7792,2025-03-10 16:20:23.544972,U0056,PC0056,Logoff
7793,2025-03-10 08:07:00,U0057,PC0057,Logon
7794,2025-03-10 15:39:59.273190,U0057,PC0057,Logoff
7795,2025-03-10 09:12:00,U0058,PC0058,Logon
7796,2025-03-10 18:23:36.911528,U0058,PC0058,Logoff
7797,2025-03-10 08:11:00,U0059,PC0059,Logon
7798,2025-03-10 15:51:48.625400,U0059,PC0059,Logoff
7799,2025-03-10 09:11:00,U0060,PC0060,Logon
7800,2025-03-10 15:20:58.659237,U0060,PC0060,Logoff
7801,2025-03-10 08:55:00,U0061,LAB017,Logon
7802,2025-03-10 16:14:12.401257,U0061,LAB017,Logoff
7803,2025-03-10 08:33:00,U0062,PC0062,Logon
7804,2025-03-10 16:44:30.802362,U0062,PC0062,Logoff
7805,2025-03-10 08:15:00,U0063,PC0063,Logon
7806,2025-03-10 15:41:40.970031,U0063,PC0063,Logoff
7807,2025-03-10 09:45:00,U0064,PC0064,Logon
7808,2025-03-10 19:28:23.068984,U0064,PC0064,Logoff
7809,2025-03-10 09:51:00,U0065,PC0065,Logon
7810,2025-03-10 15:55:38.021621,U0065,PC0065,Logoff
7811,2025-03-10 09:43:00,U0066,PC0066,Logon
7812,2025-03-10 17:32:19.116156,U0066,PC0066,Logoff
7813,2025-03-10 09:38:00,U0067,PC0067,Logon
7814,2025-03-10 17:14:06.181079,U0067,PC0067,Logoff
7815,2025-03-10 09:17:00,U0068,PC0068,Logon
7816,2025-03-10 17:26:05.066626,U0068,PC0068,Logoff
7817,2025-03-10 08:05:00,U0069,LAB006,Logon
7818,2025-03-10 15:11:13.076828,U0069,LAB006,Logoff
7819,2025-03-10 08:45:00,U0070,LAB005,Logon
7820,2025-03-10 16:59:03.333352,U0070,LAB005,Logoff
7821,2025-03-10 09:21:00,U0071,PC0071,Logon
7822,2025-03-10 18:12:12.056318,U0071,PC0071,Logoff
7823,2025-03-10 08:39:00,U0072,PC0072,Logon
7824,2025-03-10 16:56:01.840442,U0072,PC0072,Logoff
7825,2025-03-10 09:17:00,U0073,PC0073,Logon
7826,2025-03-10 18:26:56.141623,U0073,PC0073,Logoff
7827,2025-03-10 08:41:00,U0074,PC0074,Logon
7828,2025-03-10 16:27:44.645790,U0074,PC0074,Logoff
7829,2025-03-10 09:44:00,U0075,PC0075,Logon
7830,2025-03-10 16:35:01.053098,U0075,PC0075,Logoff
7831,2025-03-10 08:16:00,U0076,PC0076,Logon
7832,2025-03-10 17:00:40.511035,U0076,PC0076,Logoff
7833,2025-03-10 09:25:00,U0077,PC0077,Logon
7834,2025-03-10 17:08:47.036624,U0077,PC0077,Logoff
7835,2025-03-10 09:26:00,U0078,PC0078,Logon
7836,2025-03-10 16:36:31.258775,U0078,PC0078,Logoff
7837,2025-03-10 09:25:00,U0079,PC0079,Logon
7838,2025-03-10 17:20:19.842830,U0079,PC0079,Logoff
7839,2025-03-10 08:07:00,U0080,PC0080,Logon
7840,2025-03-10 15:45:17.794190,U0080,PC0080,Logoff
7841,2025-03-11 08:35:00,U0001,PC0001,Logon
7842,2025-03-11 16:08:07.640478,U0001,PC0001,Logoff
7843,2025-03-11 09:09:00,U0002,PC0002,Logon
7844,2025-03-11 16:45:16.979227,U0002,PC0002,Logoff
7845,2025-03-11 09:56:00,U0003,PC0003,Logon
7846,2025-03-11 19:23:54.757813,U0003,PC0003,Logoff
7847,2025-03-11 08:15:00,U0004,PC0004,Logon
7848,2025-03-11 16:19:10.935370,U0004,PC0004,Logoff
7849,2025-03-11 08:56:00,U0005,PC0005,Logon
7850,2025-03-11 16:36:24.068773,U0005,PC0005,Logoff
7851,2025-03-11 10:46:00,U0006,PC0006,Logon
7852,2025-03-11 18:27:32.742898,U0006,PC0006,Logoff
7853,2025-03-11 09:32:00,U0007,PC0007,Logon
7854,2025-03-11 18:04:28.756658,U0007,PC0007,Logoff
7855,2025-03-11 08:26:00,U0008,PC0008,Logon
7856,2025-03-11 15:34:41.656292,U0008,PC0008,Logoff
7857,2025-03-11 08:46:00,U0009,PC0009,Logon
7858,2025-03-11 15:52:50.505358,U0009,PC0009,Logoff
7859,2025-03-11 07:51:00,U0010,PC0010,Logon
7860,2025-03-11 16:23:40.496643,U0010,PC0010,Logoff
7861,2025-03-11 10:59:00,U0011,PC0011,Logon
7862,2025-03-11 19:07:52.154661,U0011,PC0011,Logoff
7863,2025-03-11 08:53:00,U0012,PC0012,Logon
7864,2025-03-11 16:14:26.005022,U0012,PC0012,Logoff
7865,2025-03-11 08:58:00,U0013,PC0013,Logon
7866,2025-03-11 15:56:56.694802,U0013,PC0013,Logoff
7867,2025-03-11 09:20:00,U0014,PC0014,Logon
7868,2025-03-11 18:08:36.936160,U0014,PC0014,Logoff
7869,2025-03-11 08:25:00,U0015,PC0015,Logon
7870,2025-03-11 17:08:30.291760,U0015,PC0015,Logoff
7871,2025-03-11 09:42:00,U0016,PC0016,Logon
7872,2025-03-11 19:36:09.209539,U0016,PC0016,Logoff
7873,2025-03-11 10:22:00,U0017,LAB013,Logon
7874,2025-03-11 17:27:52.826462,U0017,LAB013,Logoff
7875,2025-03-11 10:20:00,U0018,PC0018,Logon
7876,2025-03-11 17:58:44.857001,U0018,PC0018,Logoff
7877,2025-03-11 08:40:00,U0019,PC0019,Logon
7878,2025-03-11 16:59:37.460550,U0019,PC0019,Logoff
7879,2025-03-11 08:25:00,U0020,PC0020,Logon
7880,2025-03-11 16:48:56.558906,U0020,PC0020,Logoff
7881,2025-03-11 08:31:00,U0021,PC0021,Logon
7882,2025-03-11 16:16:40.490633,U0021,PC0021,Logoff
7883,2025-03-11 09:26:00,U0022,PC0022,Logon
7884,2025-03-11 17:22:34.579351,U0022,PC0022,Logoff
7885,2025-03-11 09:45:00,U0023,PC0023,Logon
7886,2025-03-11 18:13:30.930977,U0023,PC0023,Logoff
7887,2025-03-11 09:10:00,U0024,PC0024,Logon
7888,2025-03-11 15:30:41.191036,U0024,PC0024,Logoff
7889,2025-03-11 09:02:00,U0025,PC0025,Logon
7890,2025-03-11 16:45:54.699099,U0025,PC0025,Logoff
7891,2025-03-11 09:49:00,U0026,PC0026,Logon
7892,2025-03-11 18:52:35.820611,U0026,PC0026,Logoff
7893,2025-03-11 08:29:00,U0027,PC0027,Logon
7894,2025-03-11 15:28:14.480011,U0027,PC0027,Logoff
7895,2025-03-11 08:55:00,U0028,PC0028,Logon
7896,2025-03-11 16:22:03.027810,U0028,PC0028,Logoff
7897,2025-03-11 09:12:00,U0029,PC0029,Logon
7898,2025-03-11 17:04:45.886121,U0029,PC0029,Logoff
7899,2025-03-11 08:45:00,U0030,PC0030,Logon
7900,2025-03-11 16:15:51.556520,U0030,PC0030,Logoff
7901,2025-03-11 08:09:00,U0031,PC0031,Logon
7902,2025-03-11 15:01:29.330034,U0031,PC0031,Logoff
7903,2025-03-11 09:18:00,U0032,PC0032,Logon
7904,2025-03-11 16:07:34.056025,U0032,PC0032,Logoff
7905,2025-03-11 09:59:00,U0033,PC0033,Logon
7906,2025-03-11 17:54:43.966953,U0033,PC0033,Logoff
7907,2025-03-11 09:02:00,U0034,PC0034,Logon
7908,2025-03-11 16:45:17.857317,U0034,PC0034,Logoff
7909,2025-03-11 09:16:00,U0035,PC0035,Logon
7910,2025-03-11 18:02:59.375596,U0035,PC0035,Logoff
7911,2025-03-11 09:04:00,U0036,PC0036,Logon
7912,2025-03-11 17:37:53.240781,U0036,PC0036,Logoff
7913,2025-03-11 08:06:00,U0037,LAB009,Logon
7914,2025-03-11 16:38:31.930825,U0037,LAB009,Logoff
7915,2025-03-11 08:12:00,U0038,PC0038,Logon
7916,2025-03-11 16:12:08.033840,U0038,PC0038,Logoff
7917,2025-03-11 08:02:00,U0039,PC0039,Logon
7918,2025-03-11 15:34:34.013258,U0039,PC0039,Logoff
7919,2025-03-11 08:32:00,U0040,PC0040,Logon
7920,2025-03-11 17:00:03.684374,U0040,PC0040,Logoff
7921,2025-03-11 09:15:00,U0041,PC0041,Logon
7922,2025-03-11 18:25:15.967098,U0041,PC0041,Logoff
7923,2025-03-11 08:42:00,U0042,PC0042,Logon
7924,2025-03-11 17:59:21.130985,U0042,PC0042,Logoff
7925,2025-03-11 08:38:00,U0043,PC0043,Logon
7926,2025-03-11 17:14:02.638855,U0043,PC0043,Logoff
7927,2025-03-11 08:08:00,U0044,PC0044,Logon
7928,2025-03-11 16:16:31.127690,U0044,PC0044,Logoff
7929,2025-03-11 09:10:00,U0045,PC0045,Logon
7930,2025-03-11 15:40:55.422749,U0045,PC0045,Logoff
7931,2025-03-11 09:39:00,U0046,PC0046,Logon
7932,2025-03-11 18:59:45.366028,U0046,PC0046,Logoff
7933,2025-03-11 08:24:00,U0047,PC0047,Logon
7934,2025-03-11 17:45:36.605271,U0047,PC0047,Logoff
7935,2025-03-11 08:19:00,U0048,PC0048,Logon
7936,2025-03-11 17:09:58.504312,U0048,PC0048,Logoff
7937,2025-03-11 07:29:00,U0049,PC0049,Logon
7938,2025-03-11 17:54:07.600006,U0049,PC0049,Logoff
7939,2025-03-11 09:26:00,U0050,PC0050,Logon
7940,2025-03-11 17:08:55.348185,U0050,PC0050,Logoff
7941,2025-03-11 08:57:00,U0051,LAB008,Logon
7942,2025-03-11 17:14:16.902126,U0051,LAB008,Logoff
7943,2025-03-11 08:41:00,U0052,PC0052,Logon
7944,2025-03-11 17:07:41.472735,U0052,PC0052,Logoff
7945,2025-03-11 09:04:00,U0053,PC0053,Logon
7946,2025-03-11 16:07:30.948592,U0053,PC0053,Logoff
7947,2025-03-11 09:14:00,U0054,PC0054,Logon
7948,2025-03-11 18:02:20.068930,U0054,PC0054,Logoff
7949,2025-03-11 09:39:00,U0055,PC0055,Logon
7950,2025-03-11 17:39:31.887733,U0055,PC0055,Logoff
7951,2025-03-11 08:58:00,U0056,PC0056,Logon
7952,2025-03-11 17:56:40.340180,U0056,PC0056,Logoff
7953,2025-03-11 08:50:00,U0057,PC0057,Logon
7954,2025-03-11 15:26:36.791485,U0057,PC0057,Logoff
7955,2025-03-11 09:18:00,U0058,PC0058,Logon
7956,2025-03-11 19:23:57.867074,U0058,PC0058,Logoff
7957,2025-03-11 08:10:00,U0059,PC0059,Logon
7958,2025-03-11 18:19:32.836157,U0059,PC0059,Logoff
7959,2025-03-11 09:28:00,U0060,PC0060,Logon
7960,2025-03-11 17:05:10.358745,U0060,PC0060,Logoff
7961,2025-03-11 08:30:00,U0061,PC0061,Logon
7962,2025-03-11 18:08:13.496669,U0061,PC0061,Logoff
7963,2025-03-11 08:48:00,U0062,PC0062,Logon
7964,2025-03-11 17:32:06.969516,U0062,PC0062,Logoff
7965,2025-03-11 08:47:00,U0063,PC0063,Logon
7966,2025-03-11 16:19:22.895655,U0063,PC0063,Logoff
7967,2025-03-11 09:39:00,U0064,PC0064,Logon
7968,2025-03-11 17:16:11.867353,U0064,PC0064,Logoff
7969,2025-03-11 08:53:00,U0065,PC0065,Logon
7970,2025-03-11 18:00:58.096910,U0065,PC0065,Logoff
7971,2025-03-11 09:43:00,U0066,PC0066,Logon
7972,2025-03-11 18:21:40.883292,U0066,PC0066,Logoff
7973,2025-03-11 08:41:00,U0067,PC0067,Logon
7974,2025-03-11 16:10:21.809403,U0067,PC0067,Logoff
7975,2025-03-11 09:22:00,U0068,LAB013,Logon
7976,2025-03-11 17:41:15.348223,U0068,LAB013,Logoff
7977,2025-03-11 08:23:00,U0069,PC0069,Logon
7978,2025-03-11 17:06:22.936582,U0069,PC0069,Logoff
7979,2025-03-11 09:09:00,U0070,PC0070,Logon
7980,2025-03-11 15:26:03.450053,U0070,PC0070,Logoff
7981,2025-03-11 08:28:00,U0071,PC0071,Logon
7982,2025-03-11 15:57:45.136775,U0071,PC0071,Logoff
7983,2025-03-11 08:44:00,U0072,PC0072,Logon
7984,2025-03-11 18:37:21.403664,U0072,PC0072,Logoff
7985,2025-03-11 09:55:00,U0073,PC0073,Logon
7986,2025-03-11 17:04:33.221196,U0073,PC0073,Logoff
7987,2025-03-11 09:36:00,U0074,PC0074,Logon
7988,2025-03-11 17:14:52.484109,U0074,PC0074,Logoff
7989,2025-03-11 09:57:00,U0075,PC0075,Logon
7990,2025-03-11 18:31:50.043673,U0075,PC0075,Logoff
7991,2025-03-11 09:17:00,U0076,PC0076,Logon
7992,2025-03-11 17:15:32.568616,U0076,PC0076,Logoff
7993,2025-03-11 09:38:00,U0077,PC0077,Logon
7994,2025-03-11 18:32:28.881585,U0077,PC0077,Logoff
7995,2025-03-11 08:28:00,U0078,PC0078,Logon
7996,2025-03-11 18:40:35.480397,U0078,PC0078,Logoff
7997,2025-03-11 09:17:00,U0079,PC0079,Logon
7998,2025-03-11 16:26:53.551786,U0079,PC0079,Logoff
7999,2025-03-11 09:30:00,U0080,PC0080,Logon
8000,2025-03-11 19:34:39.999307,U0080,PC0080,Logoff
8001,2025-03-12 20:39:00,U0001,PC0001,Logon
8002,2025-03-13 04:08:46.859063,U0001,PC0001,Logoff
8003,2025-03-12 08:27:00,U0002,PC0002,Logon
8004,2025-03-12 17:09:53.034219,U0002,PC0002,Logoff
8005,2025-03-12 09:29:00,U0003,PC0003,Logon
8006,2025-03-12 18:03:13.754391,U0003,PC0003,Logoff
8007,2025-03-12 09:27:00,U0004,PC0004,Logon
8008,2025-03-12 18:56:52.842373,U0004,PC0004,Logoff
8009,2025-03-12 08:59:00,U0005,PC0005,Logon
8010,2025-03-12 18:00:51.309618,U0005,PC0005,Logoff
8011,2025-03-12 08:46:00,U0006,PC0006,Logon
8012,2025-03-12 17:11:51.682649,U0006,PC0006,Logoff
8013,2025-03-12 08:57:00,U0007,PC0007,Logon
8014,2025-03-12 16:53:38.932142,U0007,PC0007,Logoff
8015,2025-03-12 08:37:00,U0008,LAB013,Logon
8016,2025-03-12 17:57:41.474512,U0008,LAB013,Logoff
8017,2025-03-12 08:19:00,U0009,PC0009,Logon
8018,2025-03-12 15:34:35.163891,U0009,PC0009,Logoff
8019,2025-03-12 10:58:00,U0010,PC0010,Logon
8020,2025-03-12 19:56:40.251233,U0010,PC0010,Logoff
8021,2025-03-12 07:41:00,U0011,PC0011,Logon
8022,2025-03-12 15:07:05.068539,U0011,PC0011,Logoff
8023,2025-03-12 08:34:00,U0012,PC0012,Logon
8024,2025-03-12 15:36:57.513504,U0012,PC0012,Logoff
8025,2025-03-12 07:17:00,U0013,PC0013,Logon
8026,2025-03-12 15:08:46.837520,U0013,PC0013,Logoff
8027,2025-03-12 08:52:00,U0014,PC0014,Logon
8028,2025-03-12 16:55:35.658924,U0014,PC0014,Logoff
8029,2025-03-12 08:57:00,U0015,PC0015,Logon
8030,2025-03-12 17:01:58.482671,U0015,PC0015,Logoff
8031,2025-03-12 08:23:00,U0016,PC0016,Logon
8032,2025-03-12 17:53:07.030675,U0016,PC0016,Logoff
8033,2025-03-12 09:35:00,U0017,PC0017,Logon
8034,2025-03-12 18:22:07.244171,U0017,PC0017,Logoff
8035,2025-03-12 08:11:00,U0018,PC0018,Logon
8036,2025-03-12 18:10:07.369423,U0018,PC0018,Logoff
8037,2025-03-12 08:03:00,U0019,PC0019,Logon
8038,2025-03-12 14:38:47.188934,U0019,PC0019,Logoff
8039,2025-03-12 08:42:00,U0020,PC0020,Logon
8040,2025-03-12 18:57:14.537192,U0020,PC0020,Logoff
8041,2025-03-12 08:00:00,U0021,PC0021,Logon
8042,2025-03-12 15:49:00.317124,U0021,PC0021,Logoff
8043,2025-03-12 08:21:00,U0022,PC0022,Logon
8044,2025-03-12 17:17:45.346507,U0022,PC0022,Logoff
8045,2025-03-12 09:36:00,U0023,PC0023,Logon
8046,2025-03-12 18:23:20.670725,U0023,PC0023,Logoff
8047,2025-03-12 08:20:00,U0024,PC0024,Logon
8048,2025-03-12 15:37:35.855634,U0024,PC0024,Logoff
8049,2025-03-12 08:30:00,U0025,PC0025,Logon
8050,2025-03-12 16:35:01.941006,U0025,PC0025,Logoff
8051,2025-03-12 08:45:00,U0026,PC0026,Logon
8052,2025-03-12 15:34:21.300581,U0026,PC0026,Logoff
8053,2025-03-12 08:00:00,U0027,PC0027,Logon
8054,2025-03-12 15:30:39.037769,U0027,PC0027,Logoff
8055,2025-03-12 08:40:00,U0028,PC0028,Logon
8056,2025-03-12 17:07:59.200549,U0028,PC0028,Logoff
8057,2025-03-12 09:02:00,U0029,PC0029,Logon
8058,2025-03-12 16:44:42.638290,U0029,PC0029,Logoff
8059,2025-03-12 09:29:00,U0030,PC0030,Logon
8060,2025-03-12 16:29:30.502652,U0030,PC0030,Logoff
8061,2025-03-12 09:08:00,U0031,PC0031,Logon
8062,2025-03-12 17:17:02.168974,U0031,PC0031,Logoff
8063,2025-03-12 08:00:00,U0032,PC0032,Logon
8064,2025-03-12 16:59:44.497516,U0032,PC0032,Logoff
8065,2025-03-12 08:51:00,U0033,PC0033,Logon
8066,2025-03-12 16:56:25.115277,U0033,PC0033,Logoff
8067,2025-03-12 09:28:00,U0034,PC0034,Logon
8068,2025-03-12 18:23:32.436328,U0034,PC0034,Logoff
8069,2025-03-12 09:51:00,U0035,LAB008,Logon
8070,2025-03-12 17:29:15.003590,U0035,LAB008,Logoff
8071,2025-03-12 09:23:00,U0036,PC0036,Logon
8072,2025-03-12 18:03:28.901920,U0036,PC0036,Logoff
8073,2025-03-12 08:56:00,U0037,PC0037,Logon
8074,2025-03-12 16:08:18.382871,U0037,PC0037,Logoff
8075,2025-03-12 07:04:00,U0038,PC0038,Logon
8076,2025-03-12 15:13:14.514630,U0038,PC0038,Logoff
8077,2025-03-12 08:54:00,U0039,PC0039,Logon
8078,2025-03-12 18:02:10.288949,U0039,PC0039,Logoff
8079,2025-03-12 09:17:00,U0040,PC0040,Logon
8080,2025-03-12 18:37:03.225099,U0040,PC0040,Logoff
8081,2025-03-12 08:49:00,U0041,PC0041,Logon
8082,2025-03-12 17:57:17.341191,U0041,PC0041,Logoff
8083,2025-03-12 08:36:00,U0042,PC0042,Logon
8084,2025-03-12 17:22:39.345822,U0042,PC0042,Logoff
8085,2025-03-12 08:46:00,U0043,PC0043,Logon
8086,2025-03-12 17:00:06.487078,U0043,PC0043,Logoff
8087,2025-03-12 08:08:00,U0044,PC0044,Logon
8088,2025-03-12 15:51:58.305051,U0044,PC0044,Logoff
8089,2025-03-12 09:08:00,U0045,PC0045,Logon
8090,2025-03-12 16:36:44.513216,U0045,PC0045,Logoff
8091,2025-03-12 08:12:00,U0046,PC0046,Logon
8092,2025-03-12 17:02:46.026489,U0046,PC0046,Logoff
8093,2025-03-12 08:01:00,U0047,PC0047,Logon
8094,2025-03-12 15:31:37.545671,U0047,PC0047,Logoff
8095,2025-03-12 09:20:00,U0048,LAB016,Logon
8096,2025-03-12 19:58:12.008911,U0048,LAB016,Logoff
8097,2025-03-12 09:38:00,U0049,PC0049,Logon
8098,2025-03-12 18:47:45.265205,U0049,PC0049,Logoff
8099,2025-03-12 09:32:00,U0050,PC0050,Logon
8100,2025-03-12 17:41:59.346981,U0050,PC0050,Logoff
8101,2025-03-12 07:35:00,U0051,PC0051,Logon
8102,2025-03-12 14:54:15.670753,U0051,PC0051,Logoff
8103,2025-03-12 08:38:00,U0052,PC0052,Logon
8104,2025-03-12 14:45:30.388569,U0052,PC0052,Logoff
8105,2025-03-12 08:46:00,U0053,PC0053,Logon
8106,2025-03-12 14:47:08.988705,U0053,PC0053,Logoff
8107,2025-03-12 08:29:00,U0054,PC0054,Logon
8108,2025-03-12 17:18:07.557495,U0054,PC0054,Logoff
8109,2025-03-12 09:03:00,U0055,PC0055,Logon
8110,2025-03-12 17:27:53.224063,U0055,PC0055,Logoff
8111,2025-03-12 08:31:00,U0056,PC0056,Logon
8112,2025-03-12 14:35:04.565429,U0056,PC0056,Logoff
8113,2025-03-12 08:07:00,U0057,PC0057,Logon
8114,2025-03-12 14:50:51.662722,U0057,PC0057,Logoff
8115,2025-03-12 08:00:00,U0058,LAB012,Logon
8116,2025-03-12 15:50:24.905407,U0058,LAB012,Logoff
8117,2025-03-12 08:57:00,U0059,PC0059,Logon
8118,2025-03-12 17:17:20.313217,U0059,PC0059,Logoff
8119,2025-03-12 08:55:00,U0060,PC0060,Logon
8120,2025-03-12 16:55:37.964562,U0060,PC0060,Logoff
8121,2025-03-12 09:07:00,U0061,PC0061,Logon
8122,2025-03-12 15:56:11.165757,U0061,PC0061,Logoff
8123,2025-03-12 09:32:00,U0062,PC0062,Logon
8124,2025-03-12 17:31:09.696377,U0062,PC0062,Logoff
8125,2025-03-12 08:44:00,U0063,PC0063,Logon
8126,2025-03-12 17:37:06.922755,U0063,PC0063,Logoff
8127,2025-03-12 09:14:00,U0064,PC0064,Logon
8128,2025-03-12 16:17:12.633134,U0064,PC0064,Logoff
8129,2025-03-12 08:24:00,U0065,PC0065,Logon
8130,2025-03-12 16:40:52.362057,U0065,PC0065,Logoff
8131,2025-03-12 08:28:00,U0066,PC0066,Logon
8132,2025-03-12 17:03:06.076796,U0066,PC0066,Logoff
8133,2025-03-12 09:35:00,U0067,PC0067,Logon
8134,2025-03-12 19:24:57.220465,U0067,PC0067,Logoff
8135,2025-03-12 08:36:00,U0068,PC0068,Logon
8136,2025-03-12 16:28:39.230437,U0068,PC0068,Logoff
8137,2025-03-12 08:44:00,U0069,PC0069,Logon
8138,2025-03-12 17:20:14.786840,U0069,PC0069,Logoff
8139,2025-03-12 08:04:00,U0070,PC0070,Logon
8140,2025-03-12 16:24:46.725757,U0070,PC0070,Logoff
8141,2025-03-12 08:14:00,U0071,PC0071,Logon
8142,2025-03-12 15:29:57.017282,U0071,PC0071,Logoff
8143,2025-03-12 08:48:00,U0072,PC0072,Logon
8144,2025-03-12 16:20:05.726594,U0072,PC0072,Logoff
8145,2025-03-12 09:54:00,U0073,PC0073,Logon
8146,2025-03-12 17:52:29.320739,U0073,PC0073,Logoff
8147,2025-03-12 09:27:00,U0074,PC0074,Logon
8148,2025-03-12 19:06:52.710559,U0074,PC0074,Logoff
8149,2025-03-12 09:55:00,U0075,PC0075,Logon
8150,2025-03-12 17:21:28.321541,U0075,PC0075,Logoff
8151,2025-03-12 09:58:00,U0076,PC0076,Logon
8152,2025-03-12 17:25:20.533873,U0076,PC0076,Logoff
8153,2025-03-12 08:24:00,U0077,PC0077,Logon
8154,2025-03-12 14:52:48.385921,U0077,PC0077,Logoff
8155,2025-03-12 09:45:00,U0078,PC0078,Logon
8156,2025-03-12 17:21:50.390728,U0078,PC0078,Logoff
8157,2025-03-12 09:44:00,U0079,LAB017,Logon
8158,2025-03-12 16:41:50.537057,U0079,LAB017,Logoff
8159,2025-03-12 09:43:00,U0080,LAB016,Logon
8160,2025-03-12 16:57:17.011543,U0080,LAB016,Logoff
8161,2025-03-13 08:03:00,U0001,PC0001,Logon
8162,2025-03-13 16:55:40.173712,U0001,PC0001,Logoff
8163,2025-03-13 09:41:00,U0002,PC0002,Logon
8164,2025-03-13 17:39:40.691739,U0002,PC0002,Logoff
8165,2025-03-13 08:46:00,U0003,PC0003,Logon
8166,2025-03-13 19:45:34.118052,U0003,PC0003,Logoff
8167,2025-03-13 09:29:00,U0004,PC0004,Logon
8168,2025-03-13 18:12:21.629370,U0004,PC0004,Logoff
8169,2025-03-13 08:32:00,U0005,PC0005,Logon
8170,2025-03-13 16:25:11.068218,U0005,PC0005,Logoff
8171,2025-03-13 08:36:00,U0006,PC0006,Logon
8172,2025-03-13 17:51:49.881381,U0006,PC0006,Logoff
8173,2025-03-13 09:38:00,U0007,PC0007,Logon
8174,2025-03-13 16:50:57.010110,U0007,PC0007,Logoff
8175,2025-03-13 08:45:00,U0008,PC0008,Logon
8176,2025-03-13 17:52:16.277313,U0008,PC0008,Logoff
8177,2025-03-13 09:54:00,U0009,PC0009,Logon
8178,2025-03-13 19:25:41.993629,U0009,PC0009,Logoff
8179,2025-03-13 09:49:00,U0010,PC0010,Logon
8180,2025-03-13 17:33:50.550472,U0010,PC0010,Logoff
8181,2025-03-13 07:21:00,U0011,PC0011,Logon
8182,2025-03-13 15:38:49.776086,U0011,PC0011,Logoff
8183,2025-03-13 08:45:00,U0012,PC0012,Logon
8184,2025-03-13 16:53:23.935547,U0012,PC0012,Logoff
8185,2025-03-13 09:45:00,U0013,PC0013,Logon
8186,2025-03-13 16:25:25.456217,U0013,PC0013,Logoff
8187,2025-03-13 09:22:00,U0014,PC0014,Logon
8188,2025-03-13 17:59:55.978731,U0014,PC0014,Logoff
8189,2025-03-13 09:32:00,U0015,PC0015,Logon
8190,2025-03-13 18:28:47.677213,U0015,PC0015,Logoff
8191,2025-03-13 09:37:00,U0016,PC0016,Logon
8192,2025-03-13 17:12:23.894118,U0016,PC0016,Logoff
8193,2025-03-13 08:39:00,U0017,PC0017,Logon
8194,2025-03-13 16:44:28.049522,U0017,PC0017,Logoff
8195,2025-03-13 09:38:00,U0018,PC0018,Logon
8196,2025-03-13 18:37:53.583561,U0018,PC0018,Logoff
8197,2025-03-13 09:49:00,U0019,PC0019,Logon
8198,2025-03-13 19:53:38.436382,U0019,PC0019,Logoff
8199,2025-03-13 10:42:00,U0020,PC0020,Logon
8200,2025-03-13 18:46:46.738497,U0020,PC0020,Logoff
8201,2025-03-13 07:42:00,U0021,PC0021,Logon
8202,2025-03-13 16:56:12.596878,U0021,PC0021,Logoff
8203,2025-03-13 08:07:00,U0022,PC0022,Logon
8204,2025-03-13 15:18:54.657881,U0022,PC0022,Logoff
8205,2025-03-13 08:05:00,U0023,PC0023,Logon
8206,2025-03-13 15:38:12.085031,U0023,PC0023,Logoff
8207,2025-03-13 09:39:00,U0024,PC0024,Logon
8208,2025-03-13 16:05:26.031195,U0024,PC0024,Logoff
8209,2025-03-13 08:53:00,U0025,PC0025,Logon
8210,2025-03-13 17:13:35.370795,U0025,PC0025,Logoff
8211,2025-03-13 09:16:00,U0026,PC0026,Logon
8212,2025-03-13 17:54:29.549922,U0026,PC0026,Logoff
8213,2025-03-13 08:07:00,U0027,PC0027,Logon
8214,2025-03-13 15:08:18.243663,U0027,PC0027,Logoff
8215,2025-03-13 08:08:00,U0028,PC0028,Logon
8216,2025-03-13 16:22:23.541908,U0028,PC0028,Logoff
8217,2025-03-13 09:49:00,U0029,PC0029,Logon
8218,2025-03-13 15:46:09.226131,U0029,PC0029,Logoff
8219,2025-03-13 08:02:00,U0030,PC0030,Logon
8220,2025-03-13 14:42:02.357612,U0030,PC0030,Logoff
8221,2025-03-13 08:13:00,U0031,PC0031,Logon
8222,2025-03-13 17:11:01.043923,U0031,PC0031,Logoff
8223,2025-03-13 09:22:00,U0032,PC0032,Logon
8224,2025-03-13 17:48:57.960657,U0032,PC0032,Logoff
8225,2025-03-13 09:29:00,U0033,PC0033,Logon
8226,2025-03-13 17:00:13.011972,U0033,PC0033,Logoff
8227,2025-03-13 08:54:00,U0034,PC0034,Logon
8228,2025-03-13 19:05:08.630220,U0034,PC0034,Logoff
8229,2025-03-13 08:03:00,U0035,PC0035,Logon
8230,2025-03-13 16:47:06.475607,U0035,PC0035,Logoff
8231,2025-03-13 21:29:00,U0036,LAB014,Logon
8232,2025-03-14 03:38:06.269292,U0036,LAB014,Logoff
8233,2025-03-13 07:41:00,U0037,PC0037,Logon
8234,2025-03-13 15:06:15.656808,U0037,PC0037,Logoff
8235,2025-03-13 09:55:00,U0038,PC0038,Logon
8236,2025-03-13 18:42:17.849964,U0038,PC0038,Logoff
8237,2025-03-13 09:39:00,U0039,PC0039,Logon
8238,2025-03-13 16:39:46.633756,U0039,PC0039,Logoff
8239,2025-03-13 09:04:00,U0040,PC0040,Logon
8240,2025-03-13 16:06:06.384119,U0040,PC0040,Logoff
8241,2025-03-13 09:11:00,U0041,PC0041,Logon
8242,2025-03-13 17:10:22.731756,U0041,PC0041,Logoff
8243,2025-03-13 08:02:00,U0042,PC0042,Logon
8244,2025-03-13 17:22:18.931698,U0042,PC0042,Logoff
8245,2025-03-13 08:15:00,U0043,PC0043,Logon
8246,2025-03-13 14:54:01.421079,U0043,PC0043,Logoff
8247,2025-03-13 09:47:00,U0044,PC0044,Logon
8248,2025-03-13 17:23:00.623757,U0044,PC0044,Logoff
8249,2025-03-13 10:44:00,U0045,PC0045,Logon
8250,2025-03-13 19:24:35.426915,U0045,PC0045,Logoff
8251,2025-03-13 08:26:00,U0046,PC0046,Logon
8252,2025-03-13 15:22:37.998351,U0046,PC0046,Logoff
8253,2025-03-13 08:04:00,U0047,LAB009,Logon
8254,2025-03-13 15:02:29.211291,U0047,LAB009,Logoff
8255,2025-03-13 09:00:00,U0048,PC0048,Logon
8256,2025-03-13 18:25:38.383146,U0048,PC0048,Logoff
8257,2025-03-13 09:52:00,U0049,PC0049,Logon
8258,2025-03-13 18:05:44.741394,U0049,PC0049,Logoff
8259,2025-03-13 08:04:00,U0050,PC0050,Logon
8260,2025-03-13 16:20:07.724483,U0050,PC0050,Logoff
8261,2025-03-13 08:22:00,U0051,PC0051,Logon
8262,2025-03-13 18:05:06.110385,U0051,PC0051,Logoff
8263,2025-03-13 08:19:00,U0052,PC0052,Logon
8264,2025-03-13 16:13:49.183710,U0052,PC0052,Logoff
8265,2025-03-13 07:42:00,U0053,PC0053,Logon
8266,2025-03-13 15:30:16.434553,U0053,PC0053,Logoff
8267,2025-03-13 09:20:00,U0054,PC0054,Logon
8268,2025-03-13 16:15:56.198723,U0054,PC0054,Logoff
8269,2025-03-13 08:31:00,U0055,PC0055,Logon
8270,2025-03-13 17:18:33.759664,U0055,PC0055,Logoff
8271,2025-03-13 08:10:00,U0056,PC0056,Logon
8272,2025-03-13 17:13:28.083627,U0056,PC0056,Logoff
8273,2025-03-13 08:52:00,U0057,PC0057,Logon
8274,2025-03-13 16:28:41.154406,U0057,PC0057,Logoff
8275,2025-03-13 08:08:00,U0058,PC0058,Logon
8276,2025-03-13 16:30:40.966538,U0058,PC0058,Logoff
8277,2025-03-13 10:24:00,U0059,PC0059,Logon
8278,2025-03-13 19:10:53.390062,U0059,PC0059,Logoff
8279,2025-03-13 08:56:00,U0060,PC0060,Logon
8280,2025-03-13 18:04:08.234108,U0060,PC0060,Logoff
8281,2025-03-13 08:15:00,U0061,PC0061,Logon
8282,2025-03-13 17:37:28.145933,U0061,PC0061,Logoff
8283,2025-03-13 09:37:00,U0062,PC0062,Logon
8284,2025-03-13 14:40:24.690364,U0062,PC0062,Logoff
8285,2025-03-13 08:28:00,U0063,PC0063,Logon
8286,2025-03-13 17:24:39.786802,U0063,PC0063,Logoff
8287,2025-03-13 09:39:00,U0064,PC0064,Logon
8288,2025-03-13 16:37:34.478588,U0064,PC0064,Logoff
8289,2025-03-13 08:37:00,U0065,PC0065,Logon
8290,2025-03-13 14:42:37.548168,U0065,PC0065,Logoff
8291,2025-03-13 08:27:00,U0066,PC0066,Logon
8292,2025-03-13 18:39:38.483014,U0066,PC0066,Logoff
8293,2025-03-13 09:51:00,U0067,PC0067,Logon
8294,2025-03-13 20:02:25.501204,U0067,PC0067,Logoff
8295,2025-03-13 09:27:00,U0068,PC0068,Logon
8296,2025-03-13 18:28:38.925636,U0068,PC0068,Logoff
8297,2025-03-13 09:17:00,U0069,PC0069,Logon
8298,2025-03-13 17:39:38.147734,U0069,PC0069,Logoff
8299,2025-03-13 21:32:00,U0070,PC0070,Logon
8300,2025-03-14 06:33:57.567060,U0070,PC0070,Logoff
8301,2025-03-13 09:55:00,U0071,PC0071,Logon
8302,2025-03-13 17:26:12.127286,U0071,PC0071,Logoff
8303,2025-03-13 08:22:00,U0072,PC0072,Logon
8304,2025-03-13 16:30:19.881717,U0072,PC0072,Logoff
8305,2025-03-13 09:24:00,U0073,PC0073,Logon
8306,2025-03-13 18:11:53.127775,U0073,PC0073,Logoff
8307,2025-03-13 08:14:00,U0074,PC0074,Logon
8308,2025-03-13 18:08:41.781841,U0074,PC0074,Logoff
8309,2025-03-13 08:20:00,U0075,PC0075,Logon
8310,2025-03-13 16:04:05.766011,U0075,PC0075,Logoff
8311,2025-03-13 08:06:00,U0076,PC0076,Logon
8312,2025-03-13 18:47:53.983809,U0076,PC0076,Logoff
8313,2025-03-13 09:40:00,U0077,PC0077,Logon
8314,2025-03-13 16:48:56.489710,U0077,PC0077,Logoff
8315,2025-03-13 09:36:00,U0078,PC0078,Logon
8316,2025-03-13 18:22:08.888806,U0078,PC0078,Logoff
8317,2025-03-13 08:00:00,U0079,LAB008,Logon
8318,2025-03-13 16:50:26.184166,U0079,LAB008,Logoff
8319,2025-03-13 08:31:00,U0080,PC0080,Logon
8320,2025-03-13 16:01:25.494210,U0080,PC0080,Logoff
8321,2025-03-14 07:58:00,U0001,PC0001,Logon
8322,2025-03-14 20:38:33.776097,U0001,PC0001,Logoff
8323,2025-03-14 09:21:00,U0002,PC0002,Logon
8324,2025-03-14 18:59:29.143060,U0002,PC0002,Logoff
8325,2025-03-14 09:00:00,U0003,PC0003,Logon
8326,2025-03-14 18:39:46.553210,U0003,PC0003,Logoff
8327,2025-03-14 08:50:00,U0004,PC0004,Logon
8328,2025-03-14 16:35:23.722911,U0004,PC0004,Logoff
8329,2025-03-14 09:44:00,U0005,PC0005,Logon
8330,2025-03-14 17:36:30.282257,U0005,PC0005,Logoff
8331,2025-03-14 08:22:00,U0006,PC0006,Logon
8332,2025-03-14 17:30:36.233186,U0006,PC0006,Logoff
8333,2025-03-14 09:18:00,U0007,PC0007,Logon
8334,2025-03-14 18:00:44.934352,U0007,PC0007,Logoff
8335,2025-03-14 09:24:00,U0008,PC0008,Logon
8336,2025-03-14 17:47:17.468864,U0008,PC0008,Logoff
8337,2025-03-14 08:05:00,U0009,PC0009,Logon
8338,2025-03-14 14:43:49.682800,U0009,PC0009,Logoff
8339,2025-03-14 09:11:00,U0010,PC0010,Logon
8340,2025-03-14 17:00:43.477303,U0010,PC0010,Logoff
8341,2025-03-14 09:37:00,U0011,PC0011,Logon
8342,2025-03-14 17:36:02.205459,U0011,PC0011,Logoff
8343,2025-03-14 10:59:00,U0012,PC0012,Logon
8344,2025-03-14 17:39:11.185480,U0012,PC0012,Logoff
8345,2025-03-14 08:47:00,U0013,PC0013,Logon
8346,2025-03-14 17:06:56.556601,U0013,PC0013,Logoff
8347,2025-03-14 08:57:00,U0014,PC0014,Logon
8348,2025-03-14 17:15:57.844331,U0014,PC0014,Logoff
8349,2025-03-14 09:53:00,U0015,PC0015,Logon
8350,2025-03-14 19:10:02.776903,U0015,PC0015,Logoff
8351,2025-03-14 08:36:00,U0016,PC0016,Logon
8352,2025-03-14 16:02:35.815568,U0016,PC0016,Logoff
8353,2025-03-14 09:12:00,U0017,PC0017,Logon
8354,2025-03-14 17:58:13.668944,U0017,PC0017,Logoff
8355,2025-03-14 10:53:00,U0018,PC0018,Logon
8356,2025-03-14 19:50:20.534296,U0018,PC0018,Logoff
8357,2025-03-14 08:08:00,U0019,PC0019,Logon
8358,2025-03-14 15:14:34.431289,U0019,PC0019,Logoff
8359,2025-03-14 08:39:00,U0020,PC0020,Logon
8360,2025-03-14 16:03:26.269837,U0020,PC0020,Logoff
8361,2025-03-14 09:17:00,U0021,PC0021,Logon
8362,2025-03-14 17:32:25.190804,U0021,PC0021,Logoff
8363,2025-03-14 08:06:00,U0022,LAB015,Logon
8364,2025-03-14 15:39:50.754711,U0022,LAB015,Logoff
8365,2025-03-14 09:52:00,U0023,PC0023,Logon
8366,2025-03-14 18:13:05.984478,U0023,PC0023,Logoff
8367,2025-03-14 09:55:00,U0024,PC0024,Logon
8368,2025-03-14 18:17:58.518156,U0024,PC0024,Logoff
8369,2025-03-14 09:58:00,U0025,LAB003,Logon
8370,2025-03-14 18:12:09.755030,U0025,LAB003,Logoff
8371,2025-03-14 08:26:00,U0026,PC0026,Logon
8372,2025-03-14 15:31:03.281852,U0026,PC0026,Logoff
8373,2025-03-14 09:11:00,U0027,PC0027,Logon
8374,2025-03-14 14:44:33.465547,U0027,PC0027,Logoff
8375,2025-03-14 08:47:00,U0028,PC0028,Logon
8376,2025-03-14 16:34:38.976504,U0028,PC0028,Logoff
8377,2025-03-14 08:00:00,U0029,PC0029,Logon
8378,2025-03-14 15:04:18.242981,U0029,PC0029,Logoff
8379,2025-03-14 09:31:00,U0030,PC0030,Logon
8380,2025-03-14 17:44:50.562297,U0030,PC0030,Logoff
8381,2025-03-14 09:45:00,U0031,PC0031,Logon
8382,2025-03-14 18:03:22.851122,U0031,PC0031,Logoff
8383,2025-03-14 09:40:00,U0032,PC0032,Logon
8384,2025-03-14 18:54:34.305226,U0032,PC0032,Logoff
8385,2025-03-14 09:19:00,U0033,PC0033,Logon
8386,2025-03-14 15:51:30.432790,U0033,PC0033,Logoff
8387,2025-03-14 09:51:00,U0034,PC0034,Logon
8388,2025-03-14 18:13:13.224962,U0034,PC0034,Logoff
8389,2025-03-14 08:39:00,U0035,PC0035,Logon
8390,2025-03-14 15:23:47.753814,U0035,PC0035,Logoff
8391,2025-03-14 09:13:00,U0036,PC0036,Logon
8392,2025-03-14 17:05:58.180782,U0036,PC0036,Logoff
8393,2025-03-14 09:28:00,U0037,PC0037,Logon
8394,2025-03-14 17:07:14.733790,U0037,PC0037,Logoff
8395,2025-03-14 08:48:00,U0038,PC0038,Logon
8396,2025-03-14 17:41:44.866386,U0038,PC0038,Logoff
8397,2025-03-14 09:07:00,U0039,PC0039,Logon
8398,2025-03-14 17:17:07.144923,U0039,PC0039,Logoff
8399,2025-03-14 09:50:00,U0040,PC0040,Logon
8400,2025-03-14 17:47:44.326365,U0040,PC0040,Logoff
8401,2025-03-14 09:41:00,U0041,PC0041,Logon
8402,2025-03-14 18:50:53.967177,U0041,PC0041,Logoff
8403,2025-03-14 09:44:00,U0042,PC0042,Logon
8404,2025-03-14 17:33:50.612022,U0042,PC0042,Logoff
8405,2025-03-14 09:21:00,U0043,PC0043,Logon
8406,2025-03-14 14:59:06.520658,U0043,PC0043,Logoff
8407,2025-03-14 10:14:00,U0044,PC0044,Logon
8408,2025-03-14 16:31:38.547258,U0044,PC0044,Logoff
8409,2025-03-14 08:30:00,U0045,PC0045,Logon
8410,2025-03-14 16:27:32.696873,U0045,PC0045,Logoff
8411,2025-03-14 08:57:00,U0046,PC0046,Logon
8412,2025-03-14 17:57:23.079744,U0046,PC0046,Logoff
8413,2025-03-14 08:06:00,U0047,PC0047,Logon
8414,2025-03-14 16:21:38.760543,U0047,PC0047,Logoff
8415,2025-03-14 08:54:00,U0048,PC0048,Logon
8416,2025-03-14 17:11:42.507526,U0048,PC0048,Logoff
8417,2025-03-14 08:34:00,U0049,PC0049,Logon
8418,2025-03-14 16:39:34.568350,U0049,PC0049,Logoff
8419,2025-03-14 08:04:00,U0050,PC0050,Logon
8420,2025-03-14 15:33:23.769780,U0050,PC0050,Logoff
8421,2025-03-14 09:11:00,U0051,PC0051,Logon
8422,2025-03-14 18:07:37.375821,U0051,PC0051,Logoff
8423,2025-03-14 08:32:00,U0052,PC0052,Logon
8424,2025-03-14 15:39:52.436840,U0052,PC0052,Logoff
8425,2025-03-14 09:24:00,U0053,PC0053,Logon
8426,2025-03-14 17:22:02.985985,U0053,PC0053,Logoff
8427,2025-03-14 09:54:00,U0054,PC0054,Logon
8428,2025-03-14 16:59:39.130032,U0054,PC0054,Logoff
8429,2025-03-14 08:34:00,U0055,PC0055,Logon
8430,2025-03-14 16:02:01.185305,U0055,PC0055,Logoff
8431,2025-03-14 08:22:00,U0056,PC0056,Logon
8432,2025-03-14 16:17:16.361760,U0056,PC0056,Logoff
8433,2025-03-14 08:07:00,U0057,PC0057,Logon
8434,2025-03-14 16:51:27.661025,U0057,PC0057,Logoff
8435,2025-03-14 08:18:00,U0058,PC0058,Logon
8436,2025-03-14 16:27:01.708196,U0058,PC0058,Logoff
8437,2025-03-14 09:36:00,U0059,PC0059,Logon
8438,2025-03-14 17:47:41.838333,U0059,PC0059,Logoff
8439,2025-03-14 08:51:00,U0060,PC0060,Logon
8440,2025-03-14 17:21:38.162485,U0060,PC0060,Logoff
8441,2025-03-14 08:06:00,U0061,PC0061,Logon
8442,2025-03-14 17:29:57.904536,U0061,PC0061,Logoff
8443,2025-03-14 08:06:00,U0062,PC0062,Logon
8444,2025-03-14 14:47:18.423104,U0062,PC0062,Logoff
8445,2025-03-14 09:14:00,U0063,PC0063,Logon
8446,2025-03-14 16:22:55.750263,U0063,PC0063,Logoff
8447,2025-03-14 09:20:00,U0064,PC0064,Logon
8448,2025-03-14 19:32:34.580074,U0064,PC0064,Logoff
8449,2025-03-14 08:33:00,U0065,PC0065,Logon
8450,2025-03-14 16:52:56.540400,U0065,PC0065,Logoff
8451,2025-03-14 08:08:00,U0066,PC0066,Logon
8452,2025-03-14 16:35:14.058826,U0066,PC0066,Logoff
8453,2025-03-14 08:13:00,U0067,PC0067,Logon
8454,2025-03-14 15:35:30.595374,U0067,PC0067,Logoff
8455,2025-03-14 08:29:00,U0068,PC0068,Logon
8456,2025-03-14 17:12:55.744414,U0068,PC0068,Logoff
8457,2025-03-14 09:47:00,U0069,PC0069,Logon
8458,2025-03-14 17:48:24.186773,U0069,PC0069,Logoff
8459,2025-03-14 08:15:00,U0070,PC0070,Logon
8460,2025-03-14 17:50:22.282930,U0070,PC0070,Logoff
8461,2025-03-14 08:33:00,U0071,PC0071,Logon
8462,2025-03-14 14:23:16.683720,U0071,PC0071,Logoff
8463,2025-03-14 09:07:00,U0072,PC0072,Logon
8464,2025-03-14 16:00:42.811175,U0072,PC0072,Logoff
8465,2025-03-14 09:29:00,U0073,PC0073,Logon
8466,2025-03-14 17:06:07.904292,U0073,PC0073,Logoff
8467,2025-03-14 09:35:00,U0074,PC0074,Logon
8468,2025-03-14 18:59:05.401248,U0074,PC0074,Logoff
8469,2025-03-14 08:32:00,U0075,PC0075,Logon
8470,2025-03-14 15:58:02.626329,U0075,PC0075,Logoff
8471,2025-03-14 23:25:00,U0076,PC0076,Logon
8472,2025-03-15 08:57:15.184749,U0076,PC0076,Logoff
8473,2025-03-14 08:51:00,U0077,PC0077,Logon
8474,2025-03-14 16:15:19.786695,U0077,PC0077,Logoff
8475,2025-03-14 09:14:00,U0078,LAB012,Logon
8476,2025-03-14 16:39:21.976587,U0078,LAB012,Logoff
8477,2025-03-14 09:06:00,U0079,PC0079,Logon
8478,2025-03-14 15:32:54.465285,U0079,PC0079,Logoff
8479,2025-03-14 10:08:00,U0080,PC0080,Logon
8480,2025-03-14 16:47:08.246771,U0080,PC0080,Logoff
8481,2025-03-17 08:54:00,U0001,PC0001,Logon
8482,2025-03-17 16:52:03.068271,U0001,PC0001,Logoff
8483,2025-03-17 09:35:00,U0002,PC0002,Logon
8484,2025-03-17 16:15:30.555189,U0002,PC0002,Logoff
8485,2025-03-17 09:27:00,U0003,PC0003,Logon
8486,2025-03-17 18:12:25.836556,U0003,PC0003,Logoff
8487,2025-03-17 09:21:00,U0004,PC0004,Logon
8488,2025-03-17 16:21:55.318727,U0004,PC0004,Logoff
8489,2025-03-17 09:08:00,U0005,PC0005,Logon
8490,2025-03-17 16:24:35.448159,U0005,PC0005,Logoff
8491,2025-03-17 09:24:00,U0006,PC0006,Logon
8492,2025-03-17 16:25:44.176695,U0006,PC0006,Logoff
8493,2025-03-17 08:11:00,U0007,PC0007,Logon
8494,2025-03-17 15:37:41.016883,U0007,PC0007,Logoff
8495,2025-03-17 08:00:00,U0008,PC0008,Logon
8496,2025-03-17 16:44:28.751341,U0008,PC0008,Logoff
8497,2025-03-17 09:41:00,U0009,PC0009,Logon
8498,2025-03-17 18:53:32.436716,U0009,PC0009,Logoff
8499,2025-03-17 08:06:00,U0010,PC0010,Logon
8500,2025-03-17 17:09:51.014528,U0010,PC0010,Logoff
8501,2025-03-17 10:45:00,U0011,PC0011,Logon
8502,2025-03-17 18:17:54.092079,U0011,PC0011,Logoff
8503,2025-03-17 09:55:00,U0012,PC0012,Logon
8504,2025-03-17 17:39:12.619421,U0012,PC0012,Logoff
8505,2025-03-17 08:54:00,U0013,PC0013,Logon
8506,2025-03-17 16:35:39.723207,U0013,PC0013,Logoff
8507,2025-03-17 09:29:00,U0014,PC0014,Logon
8508,2025-03-17 16:38:42.564664,U0014,PC0014,Logoff
8509,2025-03-17 08:23:00,U0015,LAB020,Logon
8510,2025-03-17 16:58:36.741956,U0015,LAB020,Logoff
8511,2025-03-17 09:29:00,U0016,PC0016,Logon
8512,2025-03-17 18:04:04.642629,U0016,PC0016,Logoff
8513,2025-03-17 09:32:00,U0017,PC0017,Logon
8514,2025-03-17 18:00:46.651150,U0017,PC0017,Logoff
8515,2025-03-17 08:28:00,U0018,PC0018,Logon
8516,2025-03-17 16:41:54.231391,U0018,PC0018,Logoff
8517,2025-03-17 08:58:00,U0019,PC0019,Logon
8518,2025-03-17 18:15:18.361041,U0019,PC0019,Logoff
8519,2025-03-17 08:25:00,U0020,PC0020,Logon
8520,2025-03-17 17:32:43.850955,U0020,PC0020,Logoff
8521,2025-03-17 08:54:00,U0021,PC0021,Logon
8522,2025-03-17 17:06:07.196439,U0021,PC0021,Logoff
8523,2025-03-17 08:37:00,U0022,PC0022,Logon
8524,2025-03-17 15:36:02.416448,U0022,PC0022,Logoff
8525,2025-03-17 08:21:00,U0023,PC0023,Logon
8526,2025-03-17 15:17:40.833029,U0023,PC0023,Logoff
8527,2025-03-17 08:34:00,U0024,PC0024,Logon
8528,2025-03-17 16:46:42.765044,U0024,PC0024,Logoff
8529,2025-03-17 09:32:00,U0025,PC0025,Logon
8530,2025-03-17 17:05:15.273145,U0025,PC0025,Logoff
8531,2025-03-17 08:04:00,U0026,PC0026,Logon
8532,2025-03-17 14:37:26.226770,U0026,PC0026,Logoff
8533,2025-03-17 09:28:00,U0027,PC0027,Logon
8534,2025-03-17 18:50:59.500255,U0027,PC0027,Logoff
8535,2025-03-17 09:05:00,U0028,PC0028,Logon
8536,2025-03-17 17:47:35.757893,U0028,PC0028,Logoff
8537,2025-03-17 09:49:00,U0029,PC0029,Logon
8538,2025-03-17 19:30:51.445607,U0029,PC0029,Logoff
8539,2025-03-17 09:00:00,U0030,PC0030,Logon
8540,2025-03-17 17:38:46.066834,U0030,PC0030,Logoff
8541,2025-03-17 08:52:00,U0031,PC0031,Logon
8542,2025-03-17 15:30:16.643865,U0031,PC0031,Logoff
8543,2025-03-17 08:36:00,U0032,PC0032,Logon
8544,2025-03-17 16:35:27.027461,U0032,PC0032,Logoff
8545,2025-03-17 09:48:00,U0033,PC0033,Logon
8546,2025-03-17 19:43:34.629077,U0033,PC0033,Logoff
8547,2025-03-17 09:17:00,U0034,PC0034,Logon
8548,2025-03-17 18:27:43.836398,U0034,PC0034,Logoff
8549,2025-03-17 08:10:00,U0035,PC0035,Logon
8550,2025-03-17 15:51:17.966811,U0035,PC0035,Logoff
8551,2025-03-17 08:25:00,U0036,PC0036,Logon
8552,2025-03-17 15:40:27.619154,U0036,PC0036,Logoff
8553,2025-03-17 09:07:00,U0037,PC0037,Logon
8554,2025-03-17 17:07:27.216649,U0037,PC0037,Logoff
8555,2025-03-17 09:21:00,U0038,PC0038,Logon
8556,2025-03-17 17:31:52.514214,U0038,PC0038,Logoff
8557,2025-03-17 08:23:00,U0039,PC0039,Logon
8558,2025-03-17 18:31:53.868710,U0039,PC0039,Logoff
8559,2025-03-17 08:45:00,U0040,PC0040,Logon
8560,2025-03-17 17:54:46.803491,U0040,PC0040,Logoff
8561,2025-03-17 08:53:00,U0041,PC0041,Logon
8562,2025-03-17 17:35:34.558126,U0041,PC0041,Logoff
8563,2025-03-17 09:30:00,U0042,PC0042,Logon
8564,2025-03-17 17:42:30.571094,U0042,PC0042,Logoff
8565,2025-03-17 07:11:00,U0043,PC0043,Logon
8566,2025-03-17 15:12:05.708859,U0043,PC0043,Logoff
8567,2025-03-17 09:28:00,U0044,PC0044,Logon
8568,2025-03-17 17:59:38.930999,U0044,PC0044,Logoff
8569,2025-03-17 09:33:00,U0045,PC0045,Logon
8570,2025-03-17 15:49:39.875038,U0045,PC0045,Logoff
8571,2025-03-17 08:19:00,U0046,PC0046,Logon
8572,2025-03-17 16:43:40.887472,U0046,PC0046,Logoff
8573,2025-03-17 09:36:00,U0047,LAB019,Logon
8574,2025-03-17 18:48:52.800408,U0047,LAB019,Logoff
8575,2025-03-17 08:54:00,U0048,PC0048,Logon
8576,2025-03-17 17:18:20.966712,U0048,PC0048,Logoff
8577,2025-03-17 09:52:00,U0049,PC0049,Logon
8578,2025-03-17 16:52:47.006149,U0049,PC0049,Logoff
8579,2025-03-17 07:19:00,U0050,PC0050,Logon
8580,2025-03-17 15:44:51.634892,U0050,PC0050,Logoff
8581,2025-03-17 09:09:00,U0051,PC0051,Logon
8582,2025-03-17 16:31:54.569848,U0051,PC0051,Logoff
8583,2025-03-17 08:17:00,U0052,PC0052,Logon
8584,2025-03-17 16:54:47.062252,U0052,PC0052,Logoff
8585,2025-03-17 08:57:00,U0053,PC0053,Logon
8586,2025-03-17 17:30:24.749001,U0053,PC0053,Logoff
8587,2025-03-17 09:24:00,U0054,PC0054,Logon
8588,2025-03-17 15:15:30.848831,U0054,PC0054,Logoff
8589,2025-03-17 08:04:00,U0055,PC0055,Logon
8590,2025-03-17 15:51:26.247792,U0055,PC0055,Logoff
8591,2025-03-17 09:55:00,U0056,PC0056,Logon
8592,2025-03-17 16:16:48.949131,U0056,PC0056,Logoff
8593,2025-03-17 09:37:00,U0057,PC0057,Logon
8594,2025-03-17 17:45:09.081246,U0057,PC0057,Logoff
8595,2025-03-17 08:22:00,U0058,PC0058,Logon
8596,2025-03-17 16:10:06.984852,U0058,PC0058,Logoff
8597,2025-03-17 08:25:00,U0059,PC0059,Logon
8598,2025-03-17 17:27:53.220333,U0059,PC0059,Logoff
8599,2025-03-17 08:27:00,U0060,PC0060,Logon
8600,2025-03-17 16:47:43.491054,U0060,PC0060,Logoff
8601,2025-03-17 08:47:00,U0061,PC0061,Logon
8602,2025-03-17 16:01:16.319585,U0061,PC0061,Logoff
8603,2025-03-17 10:21:00,U0062,PC0062,Logon
8604,2025-03-17 18:46:08.582645,U0062,PC0062,Logoff
8605,2025-03-17 09:19:00,U0063,PC0063,Logon
8606,2025-03-17 18:27:15.996410,U0063,PC0063,Logoff
8607,2025-03-17 08:28:00,U0064,PC0064,Logon
8608,2025-03-17 18:13:08.250873,U0064,PC0064,Logoff
8609,2025-03-17 07:22:00,U0065,PC0065,Logon
8610,2025-03-17 14:35:52.440924,U0065,PC0065,Logoff
8611,2025-03-17 08:33:00,U0066,PC0066,Logon
8612,2025-03-17 17:07:54.204114,U0066,PC0066,Logoff
8613,2025-03-17 09:46:00,U0067,PC0067,Logon
8614,2025-03-17 17:35:59.466933,U0067,PC0067,Logoff
8615,2025-03-17 08:35:00,U0068,PC0068,Logon
8616,2025-03-17 15:36:19.117115,U0068,PC0068,Logoff
8617,2025-03-17 08:55:00,U0069,PC0069,Logon
8618,2025-03-17 17:38:35.441840,U0069,PC0069,Logoff
8619,2025-03-17 09:01:00,U0070,PC0070,Logon
8620,2025-03-17 18:36:04.179751,U0070,PC0070,Logoff
8621,2025-03-17 08:32:00,U0071,PC0071,Logon
8622,2025-03-17 17:13:34.134757,U0071,PC0071,Logoff
8623,2025-03-17 08:25:00,U0072,PC0072,Logon
8624,2025-03-17 17:36:25.709947,U0072,PC0072,Logoff
8625,2025-03-17 09:50:00,U0073,PC0073,Logon
8626,2025-03-17 18:02:40.353837,U0073,PC0073,Logoff
8627,2025-03-17 08:32:00,U0074,PC0074,Logon
8628,2025-03-17 17:29:39.355843,U0074,PC0074,Logoff
8629,2025-03-17 09:31:00,U0075,PC0075,Logon
8630,2025-03-17 16:49:56.014552,U0075,PC0075,Logoff
8631,2025-03-17 08:28:00,U0076,PC0076,Logon
8632,2025-03-17 16:10:41.281558,U0076,PC0076,Logoff
8633,2025-03-17 09:25:00,U0077,PC0077,Logon
8634,2025-03-17 18:33:47.353771,U0077,PC0077,Logoff
8635,2025-03-17 08:26:00,U0078,PC0078,Logon
8636,2025-03-17 15:15:56.073303,U0078,PC0078,Logoff
8637,2025-03-17 09:28:00,U0079,PC0079,Logon
8638,2025-03-17 16:19:51.710743,U0079,PC0079,Logoff
8639,2025-03-17 09:46:00,U0080,PC0080,Logon
8640,2025-03-17 17:09:02.143625,U0080,PC0080,Logoff
8641,2025-03-18 09:20:00,U0001,PC0001,Logon
8642,2025-03-18 16:33:46.470723,U0001,PC0001,Logoff
8643,2025-03-18 09:47:00,U0002,PC0002,Logon
8644,2025-03-18 17:58:05.491155,U0002,PC0002,Logoff
8645,2025-03-18 09:41:00,U0003,PC0003,Logon
8646,2025-03-18 15:42:46.889107,U0003,PC0003,Logoff
8647,2025-03-18 07:46:00,U0004,PC0004,Logon
8648,2025-03-18 15:32:45.962615,U0004,PC0004,Logoff
8649,2025-03-18 09:41:00,U0005,PC0005,Logon
8650,2025-03-18 16:33:29.287820,U0005,PC0005,Logoff
8651,2025-03-18 08:56:00,U0006,PC0006,Logon
8652,2025-03-18 17:29:41.301467,U0006,PC0006,Logoff
8653,2025-03-18 09:04:00,U0007,PC0007,Logon
8654,2025-03-18 16:55:44.132183,U0007,PC0007,Logoff
8655,2025-03-18 09:52:00,U0008,PC0008,Logon
8656,2025-03-18 16:41:32.871735,U0008,PC0008,Logoff
8657,2025-03-18 08:19:00,U0009,PC0009,Logon
8658,2025-03-18 17:57:52.359381,U0009,PC0009,Logoff
8659,2025-03-18 09:57:00,U0010,PC0010,Logon
8660,2025-03-18 18:04:34.725053,U0010,PC0010,Logoff
8661,2025-03-18 10:25:00,U0011,PC0011,Logon
8662,2025-03-18 17:01:02.368203,U0011,PC0011,Logoff
8663,2025-03-18 09:40:00,U0012,PC0012,Logon
8664,2025-03-18 19:19:50.350607,U0012,PC0012,Logoff
8665,2025-03-18 08:12:00,U0013,PC0013,Logon
8666,2025-03-18 17:03:34.670833,U0013,PC0013,Logoff
8667,2025-03-18 08:37:00,U0014,PC0014,Logon
8668,2025-03-18 15:55:47.763376,U0014,PC0014,Logoff
8669,2025-03-18 09:31:00,U0015,PC0015,Logon
8670,2025-03-18 18:18:54.840023,U0015,PC0015,Logoff
8671,2025-03-18 09:32:00,U0016,PC0016,Logon
8672,2025-03-18 19:06:10.662913,U0016,PC0016,Logoff
8673,2025-03-18 08:41:00,U0017,PC0017,Logon
8674,2025-03-18 17:52:37.002319,U0017,PC0017,Logoff
8675,2025-03-18 08:43:00,U0018,PC0018,Logon
8676,2025-03-18 17:37:07.528722,U0018,PC0018,Logoff
8677,2025-03-18 09:30:00,U0019,PC0019,Logon
8678,2025-03-18 17:56:44.440465,U0019,PC0019,Logoff
8679,2025-03-18 09:17:00,U0020,PC0020,Logon
8680,2025-03-18 15:40:43.061965,U0020,PC0020,Logoff
8681,2025-03-18 08:31:00,U0021,PC0021,Logon
8682,2025-03-18 16:37:09.149183,U0021,PC0021,Logoff
8683,2025-03-18 08:16:00,U0022,PC0022,Logon
8684,2025-03-18 17:05:52.359972,U0022,PC0022,Logoff
8685,2025-03-18 09:44:00,U0023,PC0023,Logon
8686,2025-03-18 18:03:37.813990,U0023,PC0023,Logoff
8687,2025-03-18 08:06:00,U0024,PC0024,Logon
8688,2025-03-18 17:28:48.500180,U0024,PC0024,Logoff
8689,2025-03-18 10:12:00,U0025,PC0025,Logon
8690,2025-03-18 18:20:49.476579,U0025,PC0025,Logoff
8691,2025-03-18 09:50:00,U0026,PC0026,Logon
8692,2025-03-18 18:02:06.259157,U0026,PC0026,Logoff
8693,2025-03-18 09:20:00,U0027,PC0027,Logon
8694,2025-03-18 17:12:49.588476,U0027,PC0027,Logoff
8695,2025-03-18 08:07:00,U0028,PC0028,Logon
8696,2025-03-18 17:01:20.583362,U0028,PC0028,Logoff
8697,2025-03-18 10:00:00,U0029,PC0029,Logon
8698,2025-03-18 16:35:59.743556,U0029,PC0029,Logoff
8699,2025-03-18 08:06:00,U0030,LAB008,Logon
8700,2025-03-18 14:55:10.342253,U0030,LAB008,Logoff
8701,2025-03-18 09:29:00,U0031,PC0031,Logon
8702,2025-03-18 16:53:44.143310,U0031,PC0031,Logoff
8703,2025-03-18 08:40:00,U0032,PC0032,Logon
8704,2025-03-18 17:18:17.473196,U0032,PC0032,Logoff
8705,2025-03-18 09:07:00,U0033,PC0033,Logon
8706,2025-03-18 17:46:48.952327,U0033,PC0033,Logoff
8707,2025-03-18 09:48:00,U0034,PC0034,Logon
8708,2025-03-18 18:12:32.907322,U0034,PC0034,Logoff
8709,2025-03-18 09:34:00,U0035,PC0035,Logon
8710,2025-03-18 16:41:32.882628,U0035,PC0035,Logoff
8711,2025-03-18 08:56:00,U0036,PC0036,Logon
8712,2025-03-18 16:28:50.315465,U0036,PC0036,Logoff
8713,2025-03-18 08:42:00,U0037,PC0037,Logon
8714,2025-03-18 16:22:17.849066,U0037,PC0037,Logoff
8715,2025-03-18 09:23:00,U0038,PC0038,Logon
8716,2025-03-18 17:56:59.767734,U0038,PC0038,Logoff
8717,2025-03-18 09:40:00,U0039,PC0039,Logon
8718,2025-03-18 17:48:47.312202,U0039,PC0039,Logoff
8719,2025-03-18 09:36:00,U0040,PC0040,Logon
8720,2025-03-18 16:47:57.874768,U0040,PC0040,Logoff
8721,2025-03-18 08:26:00,U0041,PC0041,Logon
8722,2025-03-18 16:37:31.215253,U0041,PC0041,Logoff
8723,2025-03-18 09:36:00,U0042,PC0042,Logon
8724,2025-03-18 17:55:12.676278,U0042,PC0042,Logoff
8725,2025-03-18 08:51:00,U0043,PC0043,Logon
8726,2025-03-18 16:28:21.275756,U0043,PC0043,Logoff
8727,2025-03-18 10:40:00,U0044,PC0044,Logon
8728,2025-03-18 19:34:24.434183,U0044,PC0044,Logoff
8729,2025-03-18 09:46:00,U0045,PC0045,Logon
8730,2025-03-18 17:32:00.449406,U0045,PC0045,Logoff
8731,2025-03-18 08:06:00,U0046,PC0046,Logon
8732,2025-03-18 15:58:09.117863,U0046,PC0046,Logoff
8733,2025-03-18 09:11:00,U0047,LAB016,Logon
8734,2025-03-18 15:18:10.432041,U0047,LAB016,Logoff
8735,2025-03-18 08:48:00,U0048,PC0048,Logon
8736,2025-03-18 16:09:47.223400,U0048,PC0048,Logoff
8737,2025-03-18 09:26:00,U0049,PC0049,Logon
8738,2025-03-18 17:11:38.616670,U0049,PC0049,Logoff
8739,2025-03-18 09:55:00,U0050,PC0050,Logon
8740,2025-03-18 16:26:03.371567,U0050,PC0050,Logoff
8741,2025-03-18 08:47:00,U0051,PC0051,Logon
8742,2025-03-18 18:18:12.330268,U0051,PC0051,Logoff
8743,2025-03-18 09:05:00,U0052,PC0052,Logon
8744,2025-03-18 17:58:05.433298,U0052,PC0052,Logoff
8745,2025-03-18 10:04:00,U0053,PC0053,Logon
8746,2025-03-18 17:22:22.304096,U0053,PC0053,Logoff
8747,2025-03-18 08:34:00,U0054,PC0054,Logon
8748,2025-03-18 16:17:39.263157,U0054,PC0054,Logoff
8749,2025-03-18 08:45:00,U0055,PC0055,Logon
8750,2025-03-18 16:26:22.571506,U0055,PC0055,Logoff
8751,2025-03-18 09:48:00,U0056,PC0056,Logon
8752,2025-03-18 18:20:26.122351,U0056,PC0056,Logoff
8753,2025-03-18 09:01:00,U0057,PC0057,Logon
8754,2025-03-18 16:38:28.167670,U0057,PC0057,Logoff
8755,2025-03-18 08:46:00,U0058,PC0058,Logon
8756,2025-03-18 18:02:09.320419,U0058,PC0058,Logoff
8757,2025-03-18 08:09:00,U0059,PC0059,Logon
8758,2025-03-18 16:26:38.695340,U0059,PC0059,Logoff
8759,2025-03-18 09:15:00,U0060,PC0060,Logon
8760,2025-03-18 18:42:42.181259,U0060,PC0060,Logoff
8761,2025-03-18 09:02:00,U0061,PC0061,Logon
8762,2025-03-18 15:44:17.068966,U0061,PC0061,Logoff
8763,2025-03-18 08:07:00,U0062,PC0062,Logon
8764,2025-03-18 16:41:44.075345,U0062,PC0062,Logoff
8765,2025-03-18 08:12:00,U0063,PC0063,Logon
8766,2025-03-18 15:44:41.381578,U0063,PC0063,Logoff
8767,2025-03-18 09:59:00,U0064,PC0064,Logon
8768,2025-03-18 18:10:14.853776,U0064,PC0064,Logoff
8769,2025-03-18 09:05:00,U0065,PC0065,Logon
8770,2025-03-18 17:51:47.383107,U0065,PC0065,Logoff
8771,2025-03-18 08:01:00,U0066,PC0066,Logon
8772,2025-03-18 17:35:06.668348,U0066,PC0066,Logoff
8773,2025-03-18 08:03:00,U0067,PC0067,Logon
8774,2025-03-18 16:42:24.944639,U0067,PC0067,Logoff
8775,2025-03-18 09:37:00,U0068,PC0068,Logon
8776,2025-03-18 16:14:21.736239,U0068,PC0068,Logoff
8777,2025-03-18 08:31:00,U0069,LAB019,Logon
8778,2025-03-18 17:39:31.946614,U0069,LAB019,Logoff
8779,2025-03-18 09:34:00,U0070,PC0070,Logon
8780,2025-03-18 17:23:42.615839,U0070,PC0070,Logoff
8781,2025-03-18 08:31:00,U0071,PC0071,Logon
8782,2025-03-18 17:28:21.368960,U0071,PC0071,Logoff
8783,2025-03-18 09:56:00,U0072,PC0072,Logon
8784,2025-03-18 16:46:07.211945,U0072,PC0072,Logoff
8785,2025-03-18 08:45:00,U0073,PC0073,Logon
8786,2025-03-18 16:58:30.924055,U0073,PC0073,Logoff
8787,2025-03-18 09:27:00,U0074,PC0074,Logon
8788,2025-03-18 17:09:03.351293,U0074,PC0074,Logoff
8789,2025-03-18 09:43:00,U0075,PC0075,Logon
8790,2025-03-18 17:00:23.508215,U0075,PC0075,Logoff
8791,2025-03-18 07:19:00,U0076,PC0076,Logon
8792,2025-03-18 14:53:33.956140,U0076,PC0076,Logoff
8793,2025-03-18 09:11:00,U0077,PC0077,Logon
8794,2025-03-18 16:54:26.976144,U0077,PC0077,Logoff
8795,2025-03-18 08:31:00,U0078,PC0078,Logon
8796,2025-03-18 14:42:03.663687,U0078,PC0078,Logoff
8797,2025-03-18 08:08:00,U0079,PC0079,Logon
8798,2025-03-18 17:01:51.560778,U0079,PC0079,Logoff
8799,2025-03-18 09:38:00,U0080,PC0080,Logon
8800,2025-03-18 18:49:15.768183,U0080,PC0080,Logoff
8801,2025-03-19 08:53:00,U0001,PC0001,Logon
8802,2025-03-19 15:43:46.657235,U0001,PC0001,Logoff
8803,2025-03-19 09:59:00,U0002,PC0002,Logon
8804,2025-03-19 18:37:06.360042,U0002,PC0002,Logoff
8805,2025-03-19 09:53:00,U0003,PC0003,Logon
8806,2025-03-19 15:52:09.372213,U0003,PC0003,Logoff
8807,2025-03-19 08:36:00,U0004,PC0004,Logon
8808,2025-03-19 16:34:13.120355,U0004,PC0004,Logoff
8809,2025-03-19 09:53:00,U0005,PC0005,Logon
8810,2025-03-19 18:39:02.306505,U0005,PC0005,Logoff
8811,2025-03-19 09:34:00,U0006,LAB018,Logon
8812,2025-03-19 17:53:50.821704,U0006,LAB018,Logoff
8813,2025-03-19 09:19:00,U0007,LAB015,Logon
8814,2025-03-19 18:00:08.229747,U0007,LAB015,Logoff
8815,2025-03-19 09:13:00,U0008,PC0008,Logon
8816,2025-03-19 17:16:56.655576,U0008,PC0008,Logoff
8817,2025-03-19 08:50:00,U0009,PC0009,Logon
8818,2025-03-19 16:54:52.649130,U0009,PC0009,Logoff
8819,2025-03-19 09:22:00,U0010,PC0010,Logon
8820,2025-03-19 17:38:02.911400,U0010,PC0010,Logoff
8821,2025-03-19 09:54:00,U0011,PC0011,Logon
8822,2025-03-19 19:14:33.798701,U0011,PC0011,Logoff
8823,2025-03-19 09:24:00,U0012,PC0012,Logon
8824,2025-03-19 16:45:03.605326,U0012,PC0012,Logoff
8825,2025-03-19 09:26:00,U0013,PC0013,Logon
8826,2025-03-19 16:04:01.685984,U0013,PC0013,Logoff
8827,2025-03-19 08:56:00,U0014,PC0014,Logon
8828,2025-03-19 17:16:09.050153,U0014,PC0014,Logoff
8829,2025-03-19 09:33:00,U0015,PC0015,Logon
8830,2025-03-19 16:18:17.815595,U0015,PC0015,Logoff
8831,2025-03-19 08:56:00,U0016,PC0016,Logon
8832,2025-03-19 16:19:38.098204,U0016,PC0016,Logoff
8833,2025-03-19 08:40:00,U0017,PC0017,Logon
8834,2025-03-19 17:36:36.951995,U0017,PC0017,Logoff
8835,2025-03-19 09:14:00,U0018,PC0018,Logon
8836,2025-03-19 17:12:51.160153,U0018,PC0018,Logoff
8837,2025-03-19 08:29:00,U0019,PC0019,Logon
8838,2025-03-19 15:08:01.261187,U0019,PC0019,Logoff
8839,2025-03-19 09:52:00,U0020,PC0020,Logon
8840,2025-03-19 18:27:31.610041,U0020,PC0020,Logoff
8841,2025-03-19 08:23:00,U0021,PC0021,Logon
8842,2025-03-19 17:06:10.558191,U0021,PC0021,Logoff
8843,2025-03-19 08:57:00,U0022,PC0022,Logon
8844,2025-03-19 16:39:46.405782,U0022,PC0022,Logoff
8845,2025-03-19 09:17:00,U0023,PC0023,Logon
8846,2025-03-19 16:32:30.606300,U0023,PC0023,Logoff
8847,2025-03-19 08:50:00,U0024,PC0024,Logon
8848,2025-03-19 16:57:17.259831,U0024,PC0024,Logoff
8849,2025-03-19 08:12:00,U0025,PC0025,Logon
8850,2025-03-19 16:52:08.706757,U0025,PC0025,Logoff
8851,2025-03-19 09:16:00,U0026,PC0026,Logon
8852,2025-03-19 16:30:44.526723,U0026,PC0026,Logoff
8853,2025-03-19 08:57:00,U0027,PC0027,Logon
8854,2025-03-19 14:56:53.735397,U0027,PC0027,Logoff
8855,2025-03-19 08:03:00,U0028,PC0028,Logon
8856,2025-03-19 15:23:12.607476,U0028,PC0028,Logoff
8857,2025-03-19 09:06:00,U0029,PC0029,Logon
8858,2025-03-19 17:13:57.351619,U0029,PC0029,Logoff
8859,2025-03-19 08:02:00,U0030,PC0030,Logon
8860,2025-03-19 14:13:06.418214,U0030,PC0030,Logoff
8861,2025-03-19 09:10:00,U0031,PC0031,Logon
8862,2025-03-19 17:18:07.543805,U0031,PC0031,Logoff
8863,2025-03-19 08:20:00,U0032,PC0032,Logon
8864,2025-03-19 14:40:34.283094,U0032,PC0032,Logoff
8865,2025-03-19 09:24:00,U0033,PC0033,Logon
8866,2025-03-19 18:40:18.838364,U0033,PC0033,Logoff
8867,2025-03-19 09:40:00,U0034,PC0034,Logon
8868,2025-03-19 16:49:09.093994,U0034,PC0034,Logoff
8869,2025-03-19 09:20:00,U0035,PC0035,Logon
8870,2025-03-19 15:58:01.989309,U0035,PC0035,Logoff
8871,2025-03-19 09:02:00,U0036,PC0036,Logon
8872,2025-03-19 17:06:54.639604,U0036,PC0036,Logoff
8873,2025-03-19 08:08:00,U0037,PC0037,Logon
8874,2025-03-19 15:49:57.572302,U0037,PC0037,Logoff
8875,2025-03-19 09:26:00,U0038,PC0038,Logon
8876,2025-03-19 17:06:01.028564,U0038,PC0038,Logoff
8877,2025-03-19 08:06:00,U0039,PC0039,Logon
8878,2025-03-19 14:52:32.152055,U0039,PC0039,Logoff
8879,2025-03-19 09:33:00,U0040,PC0040,Logon
8880,2025-03-19 16:54:05.510880,U0040,PC0040,Logoff
8881,2025-03-19 07:50:00,U0041,PC0041,Logon
8882,2025-03-19 15:27:43.473466,U0041,PC0041,Logoff
8883,2025-03-19 09:45:00,U0042,PC0042,Logon
8884,2025-03-19 17:21:47.053992,U0042,PC0042,Logoff
8885,2025-03-19 09:33:00,U0043,PC0043,Logon
8886,2025-03-19 17:58:44.284615,U0043,PC0043,Logoff
8887,2025-03-19 09:52:00,U0044,PC0044,Logon
8888,2025-03-19 17:44:17.766243,U0044,PC0044,Logoff
8889,2025-03-19 08:25:00,U0045,PC0045,Logon
8890,2025-03-19 16:09:11.674914,U0045,PC0045,Logoff
8891,2025-03-19 08:06:00,U0046,PC0046,Logon
8892,2025-03-19 16:37:51.121783,U0046,PC0046,Logoff
8893,2025-03-19 08:34:00,U0047,PC0047,Logon
8894,2025-03-19 15:29:26.782217,U0047,PC0047,Logoff
8895,2025-03-19 08:00:00,U0048,PC0048,Logon
8896,2025-03-19 18:02:44.356372,U0048,PC0048,Logoff
8897,2025-03-19 09:30:00,U0049,PC0049,Logon
8898,2025-03-19 17:48:16.171926,U0049,PC0049,Logoff
8899,2025-03-19 08:26:00,U0050,PC0050,Logon
8900,2025-03-19 17:03:24.032282,U0050,PC0050,Logoff
8901,2025-03-19 08:16:00,U0051,PC0051,Logon
8902,2025-03-19 16:28:51.008188,U0051,PC0051,Logoff
8903,2025-03-19 08:04:00,U0052,PC0052,Logon
8904,2025-03-19 16:13:36.967887,U0052,PC0052,Logoff
8905,2025-03-19 08:52:00,U0053,PC0053,Logon
8906,2025-03-19 16:06:03.799835,U0053,PC0053,Logoff
8907,2025-03-19 09:34:00,U0054,PC0054,Logon
8908,2025-03-19 16:01:44.251889,U0054,PC0054,Logoff
8909,2025-03-19 09:34:00,U0055,PC0055,Logon
8910,2025-03-19 18:15:04.150081,U0055,PC0055,Logoff
8911,2025-03-19 08:18:00,U0056,PC0056,Logon
8912,2025-03-19 15:28:46.817540,U0056,PC0056,Logoff
8913,2025-03-19 08:18:00,U0057,PC0057,Logon
8914,2025-03-19 16:34:55.330358,U0057,PC0057,Logoff
8915,2025-03-19 08:50:00,U0058,PC0058,Logon
8916,2025-03-19 17:16:00.824857,U0058,PC0058,Logoff
8917,2025-03-19 09:41:00,U0059,PC0059,Logon
8918,2025-03-19 17:10:32.219631,U0059,PC0059,Logoff
8919,2025-03-19 08:55:00,U0060,PC0060,Logon
8920,2025-03-19 17:44:33.324899,U0060,PC0060,Logoff
8921,2025-03-19 09:22:00,U0061,PC0061,Logon
8922,2025-03-19 17:45:33.966107,U0061,PC0061,Logoff
8923,2025-03-19 08:40:00,U0062,PC0062,Logon
8924,2025-03-19 16:32:33.987492,U0062,PC0062,Logoff
8925,2025-03-19 08:20:00,U0063,PC0063,Logon
8926,2025-03-19 16:58:34.279778,U0063,PC0063,Logoff
8927,2025-03-19 08:04:00,U0064,PC0064,Logon
8928,2025-03-19 15:45:59.536367,U0064,PC0064,Logoff
8929,2025-03-19 08:33:00,U0065,LAB018,Logon
8930,2025-03-19 16:40:36.568866,U0065,LAB018,Logoff
8931,2025-03-19 08:41:00,U0066,PC0066,Logon
8932,2025-03-19 16:51:36.343572,U0066,PC0066,Logoff
8933,2025-03-19 09:14:00,U0067,PC0067,Logon
8934,2025-03-19 16:14:48.027500,U0067,PC0067,Logoff
8935,2025-03-19 09:20:00,U0068,PC0068,Logon
8936,2025-03-19 17:17:04.443653,U0068,PC0068,Logoff
8937,2025-03-19 08:28:00,U0069,PC0069,Logon
8938,2025-03-19 18:42:27.335602,U0069,PC0069,Logoff
8939,2025-03-19 09:01:00,U0070,PC0070,Logon
8940,2025-03-19 16:51:48.262008,U0070,PC0070,Logoff
8941,2025-03-19 09:55:00,U0071,PC0071,Logon
8942,2025-03-19 19:45:30.536194,U0071,PC0071,Logoff
8943,2025-03-19 08:19:00,U0072,LAB017,Logon
8944,2025-03-19 16:39:50.630951,U0072,LAB017,Logoff
8945,2025-03-19 08:43:00,U0073,PC0073,Logon
8946,2025-03-19 16:34:10.106097,U0073,PC0073,Logoff
8947,2025-03-19 08:30:00,U0074,PC0074,Logon
8948,2025-03-19 16:41:05.377321,U0074,PC0074,Logoff
8949,2025-03-19 09:07:00,U0075,PC0075,Logon
8950,2025-03-19 17:40:35.382416,U0075,PC0075,Logoff
8951,2025-03-19 09:10:00,U0076,PC0076,Logon
8952,2025-03-19 15:57:21.326544,U0076,PC0076,Logoff
8953,2025-03-19 08:23:00,U0077,LAB005,Logon
8954,2025-03-19 15:50:12.932570,U0077,LAB005,Logoff
8955,2025-03-19 08:47:00,U0078,PC0078,Logon
8956,2025-03-19 17:50:02.787446,U0078,PC0078,Logoff
8957,2025-03-19 08:00:00,U0079,PC0079,Logon
8958,2025-03-19 15:38:33.305827,U0079,PC0079,Logoff
8959,2025-03-19 09:33:00,U0080,PC0080,Logon
8960,2025-03-19 17:15:00.441092,U0080,PC0080,Logoff
8961,2025-03-20 09:53:00,U0001,PC0001,Logon
8962,2025-03-20 17:44:37.648645,U0001,PC0001,Logoff
8963,2025-03-20 09:39:00,U0002,PC0002,Logon
8964,2025-03-20 17:25:17.498842,U0002,PC0002,Logoff
8965,2025-03-20 09:18:00,U0003,PC0003,Logon
8966,2025-03-20 15:45:17.796933,U0003,PC0003,Logoff
8967,2025-03-20 08:01:00,U0004,PC0004,Logon
8968,2025-03-20 16:18:47.661636,U0004,PC0004,Logoff
8969,2025-03-20 09:22:00,U0005,LAB009,Logon
8970,2025-03-20 18:51:34.629442,U0005,LAB009,Logoff
8971,2025-03-20 08:39:00,U0006,PC0006,Logon
8972,2025-03-20 18:07:46.134343,U0006,PC0006,Logoff
8973,2025-03-20 08:22:00,U0007,PC0007,Logon
8974,2025-03-20 17:41:43.127082,U0007,PC0007,Logoff
8975,2025-03-20 09:57:00,U0008,PC0008,Logon
8976,2025-03-20 17:02:11.549113,U0008,PC0008,Logoff
8977,2025-03-20 09:33:00,U0009,PC0009,Logon
8978,2025-03-20 17:29:55.550992,U0009,PC0009,Logoff
8979,2025-03-20 09:12:00,U0010,PC0010,Logon
8980,2025-03-20 16:58:36.222282,U0010,PC0010,Logoff
8981,2025-03-20 08:36:00,U0011,PC0011,Logon
8982,2025-03-20 17:58:08.740498,U0011,PC0011,Logoff
8983,2025-03-20 08:11:00,U0012,LAB016,Logon
8984,2025-03-20 17:00:35.120367,U0012,LAB016,Logoff
8985,2025-03-20 08:15:00,U0013,LAB018,Logon
8986,2025-03-20 17:54:59.987733,U0013,LAB018,Logoff
8987,2025-03-20 08:27:00,U0014,PC0014,Logon
8988,2025-03-20 15:50:09.083288,U0014,PC0014,Logoff
8989,2025-03-20 09:34:00,U0015,PC0015,Logon
8990,2025-03-20 17:07:18.192993,U0015,PC0015,Logoff
8991,2025-03-20 09:45:00,U0016,PC0016,Logon
8992,2025-03-20 18:38:30.626087,U0016,PC0016,Logoff
8993,2025-03-20 08:25:00,U0017,PC0017,Logon
8994,2025-03-20 14:36:12.143501,U0017,PC0017,Logoff
8995,2025-03-20 08:41:00,U0018,PC0018,Logon
8996,2025-03-20 16:47:05.868193,U0018,PC0018,Logoff
8997,2025-03-20 09:27:00,U0019,PC0019,Logon
8998,2025-03-20 19:02:18.409834,U0019,PC0019,Logoff
8999,2025-03-20 08:43:00,U0020,PC0020,Logon
9000,2025-03-20 17:31:04.254350,U0020,PC0020,Logoff
9001,2025-03-20 09:57:00,U0021,PC0021,Logon
9002,2025-03-20 19:01:24.285729,U0021,PC0021,Logoff
9003,2025-03-20 09:31:00,U0022,PC0022,Logon
9004,2025-03-20 15:34:27.008313,U0022,PC0022,Logoff
9005,2025-03-20 08:54:00,U0023,PC0023,Logon
9006,2025-03-20 15:44:39.452730,U0023,PC0023,Logoff
9007,2025-03-20 08:52:00,U0024,PC0024,Logon
9008,2025-03-20 17:50:48.015250,U0024,PC0024,Logoff
9009,2025-03-20 09:28:00,U0025,PC0025,Logon
9010,2025-03-20 18:36:53.127119,U0025,PC0025,Logoff
9011,2025-03-20 09:18:00,U0026,PC0026,Logon
9012,2025-03-20 16:00:06.026617,U0026,PC0026,Logoff
9013,2025-03-20 07:16:00,U0027,PC0027,Logon
9014,2025-03-20 15:24:55.711542,U0027,PC0027,Logoff
9015,2025-03-20 08:09:00,U0028,PC0028,Logon
9016,2025-03-20 15:10:22.995338,U0028,PC0028,Logoff
9017,2025-03-20 08:53:00,U0029,PC0029,Logon
9018,2025-03-20 16:08:54.924431,U0029,PC0029,Logoff
9019,2025-03-20 08:28:00,U0030,PC0030,Logon
9020,2025-03-20 17:07:57.160165,U0030,PC0030,Logoff
9021,2025-03-20 09:36:00,U0031,PC0031,Logon
9022,2025-03-20 19:12:29.042090,U0031,PC0031,Logoff
9023,2025-03-20 08:29:00,U0032,PC0032,Logon
9024,2025-03-20 17:21:51.812011,U0032,PC0032,Logoff
9025,2025-03-20 09:24:00,U0033,PC0033,Logon
9026,2025-03-20 18:05:40.808847,U0033,PC0033,Logoff
9027,2025-03-20 08:02:00,U0034,PC0034,Logon
9028,2025-03-20 17:06:18.049346,U0034,PC0034,Logoff
9029,2025-03-20 09:09:00,U0035,PC0035,Logon
9030,2025-03-20 16:28:13.998054,U0035,PC0035,Logoff
9031,2025-03-20 08:22:00,U0036,PC0036,Logon
9032,2025-03-20 16:07:37.598908,U0036,PC0036,Logoff
9033,2025-03-20 09:57:00,U0037,PC0037,Logon
9034,2025-03-20 16:46:12.803702,U0037,PC0037,Logoff
9035,2025-03-20 08:47:00,U0038,PC0038,Logon
9036,2025-03-20 17:10:43.106110,U0038,PC0038,Logoff
9037,2025-03-20 09:36:00,U0039,PC0039,Logon
9038,2025-03-20 18:56:48.988480,U0039,PC0039,Logoff
9039,2025-03-20 09:07:00,U0040,PC0040,Logon
9040,2025-03-20 17:06:33.069132,U0040,PC0040,Logoff
9041,2025-03-20 09:33:00,U0041,PC0041,Logon
9042,2025-03-20 17:50:44.395985,U0041,PC0041,Logoff
9043,2025-03-20 09:49:00,U0042,PC0042,Logon
9044,2025-03-20 15:59:27.631216,U0042,PC0042,Logoff
9045,2025-03-20 08:13:00,U0043,PC0043,Logon
9046,2025-03-20 14:43:56.019355,U0043,PC0043,Logoff
9047,2025-03-20 09:12:00,U0044,PC0044,Logon
9048,2025-03-20 17:08:20.941728,U0044,PC0044,Logoff
9049,2025-03-20 08:10:00,U0045,PC0045,Logon
9050,2025-03-20 17:03:48.470395,U0045,PC0045,Logoff
9051,2025-03-20 09:26:00,U0046,PC0046,Logon
9052,2025-03-20 16:18:16.915748,U0046,PC0046,Logoff
9053,2025-03-20 08:16:00,U0047,PC0047,Logon
9054,2025-03-20 15:55:53.398896,U0047,PC0047,Logoff
9055,2025-03-20 08:59:00,U0048,PC0048,Logon
9056,2025-03-20 16:17:35.005560,U0048,PC0048,Logoff
9057,2025-03-20 08:04:00,U0049,PC0049,Logon
9058,2025-03-20 15:57:06.176647,U0049,PC0049,Logoff
9059,2025-03-20 08:05:00,U0050,PC0050,Logon
9060,2025-03-20 17:14:05.996099,U0050,PC0050,Logoff
9061,2025-03-20 08:10:00,U0051,PC0051,Logon
9062,2025-03-20 16:12:15.191076,U0051,PC0051,Logoff
9063,2025-03-20 09:42:00,U0052,PC0052,Logon
9064,2025-03-20 16:54:42.925486,U0052,PC0052,Logoff
9065,2025-03-20 09:17:00,U0053,PC0053,Logon
9066,2025-03-20 16:54:58.531274,U0053,PC0053,Logoff
9067,2025-03-20 08:03:00,U0054,PC0054,Logon
9068,2025-03-20 16:37:24.410976,U0054,PC0054,Logoff
9069,2025-03-20 09:34:00,U0055,PC0055,Logon
9070,2025-03-20 18:17:29.385745,U0055,PC0055,Logoff
9071,2025-03-20 09:08:00,U0056,PC0056,Logon
9072,2025-03-20 16:36:45.729816,U0056,PC0056,Logoff
9073,2025-03-20 08:33:00,U0057,PC0057,Logon
9074,2025-03-20 18:02:24.495080,U0057,PC0057,Logoff
9075,2025-03-20 10:14:00,U0058,PC0058,Logon
9076,2025-03-20 19:46:34.104386,U0058,PC0058,Logoff
9077,2025-03-20 08:38:00,U0059,PC0059,Logon
9078,2025-03-20 15:28:43.316381,U0059,PC0059,Logoff
9079,2025-03-20 08:18:00,U0060,PC0060,Logon
9080,2025-03-20 14:36:58.562757,U0060,PC0060,Logoff
9081,2025-03-20 08:28:00,U0061,PC0061,Logon
9082,2025-03-20 18:04:20.440649,U0061,PC0061,Logoff
9083,2025-03-20 08:29:00,U0062,PC0062,Logon
9084,2025-03-20 16:47:08.362441,U0062,PC0062,Logoff
9085,2025-03-20 09:52:00,U0063,PC0063,Logon
9086,2025-03-20 17:27:45.256877,U0063,PC0063,Logoff
9087,2025-03-20 10:21:00,U0064,PC0064,Logon
9088,2025-03-20 20:20:31.539867,U0064,PC0064,Logoff
9089,2025-03-20 08:29:00,U0065,PC0065,Logon
9090,2025-03-20 15:54:20.876650,U0065,PC0065,Logoff
9091,2025-03-20 09:57:00,U0066,PC0066,Logon
9092,2025-03-20 17:36:08.910207,U0066,PC0066,Logoff
9093,2025-03-20 08:54:00,U0067,PC0067,Logon
9094,2025-03-20 18:10:52.459153,U0067,PC0067,Logoff
9095,2025-03-20 09:16:00,U0068,PC0068,Logon
9096,2025-03-20 17:25:19.841774,U0068,PC0068,Logoff
9097,2025-03-20 08:19:00,U0069,PC0069,Logon
9098,2025-03-20 15:05:13.705496,U0069,PC0069,Logoff
9099,2025-03-20 09:49:00,U0070,PC0070,Logon
9100,2025-03-20 17:19:00.464276,U0070,PC0070,Logoff
9101,2025-03-20 08:25:00,U0071,PC0071,Logon
9102,2025-03-20 17:26:19.067358,U0071,PC0071,Logoff
9103,2025-03-20 09:30:00,U0072,PC0072,Logon
9104,2025-03-20 18:52:41.313650,U0072,PC0072,Logoff
9105,2025-03-20 08:53:00,U0073,PC0073,Logon
9106,2025-03-20 16:32:24.510353,U0073,PC0073,Logoff
9107,2025-03-20 09:30:00,U0074,PC0074,Logon
9108,2025-03-20 17:56:53.082028,U0074,PC0074,Logoff
9109,2025-03-20 09:45:00,U0075,PC0075,Logon
9110,2025-03-20 18:10:13.932141,U0075,PC0075,Logoff
9111,2025-03-20 09:55:00,U0076,PC0076,Logon
9112,2025-03-20 18:27:24.064086,U0076,PC0076,Logoff
9113,2025-03-20 09:49:00,U0077,PC0077,Logon
9114,2025-03-20 17:29:35.346192,U0077,PC0077,Logoff
9115,2025-03-20 09:40:00,U0078,PC0078,Logon
9116,2025-03-20 18:34:39.399854,U0078,PC0078,Logoff
9117,2025-03-20 09:15:00,U0079,PC0079,Logon
9118,2025-03-20 17:58:45.253018,U0079,PC0079,Logoff
9119,2025-03-20 08:17:00,U0080,PC0080,Logon
9120,2025-03-20 17:39:38.406106,U0080,PC0080,Logoff
9121,2025-03-21 07:57:00,U0001,PC0001,Logon
9122,2025-03-21 14:31:39.955795,U0001,PC0001,Logoff
9123,2025-03-21 09:05:00,U0002,PC0002,Logon
9124,2025-03-21 17:05:50.790083,U0002,PC0002,Logoff
9125,2025-03-21 09:29:00,U0003,PC0003,Logon
9126,2025-03-21 17:32:51.867081,U0003,PC0003,Logoff
9127,2025-03-21 09:15:00,U0004,PC0004,Logon
9128,2025-03-21 16:26:08.149844,U0004,PC0004,Logoff
9129,2025-03-21 09:09:00,U0005,PC0005,Logon
9130,2025-03-21 18:08:39.892302,U0005,PC0005,Logoff
9131,2025-03-21 09:24:00,U0006,PC0006,Logon
9132,2025-03-21 19:24:48.795461,U0006,PC0006,Logoff
9133,2025-03-21 09:20:00,U0007,PC0007,Logon
9134,2025-03-21 17:36:26.079913,U0007,PC0007,Logoff
9135,2025-03-21 08:09:00,U0008,PC0008,Logon
9136,2025-03-21 15:37:06.918956,U0008,PC0008,Logoff
9137,2025-03-21 08:24:00,U0009,PC0009,Logon
9138,2025-03-21 17:27:01.150388,U0009,PC0009,Logoff
9139,2025-03-21 08:47:00,U0010,PC0010,Logon
9140,2025-03-21 17:34:46.824071,U0010,PC0010,Logoff
9141,2025-03-21 08:21:00,U0011,PC0011,Logon
9142,2025-03-21 16:10:22.194786,U0011,PC0011,Logoff
9143,2025-03-21 09:39:00,U0012,PC0012,Logon
9144,2025-03-21 17:15:31.837060,U0012,PC0012,Logoff
9145,2025-03-21 08:52:00,U0013,PC0013,Logon
9146,2025-03-21 15:09:42.770739,U0013,PC0013,Logoff
9147,2025-03-21 08:07:00,U0014,PC0014,Logon
9148,2025-03-21 15:38:12.114674,U0014,PC0014,Logoff
9149,2025-03-21 08:25:00,U0015,PC0015,Logon
9150,2025-03-21 16:50:00.743025,U0015,PC0015,Logoff
9151,2025-03-21 09:29:00,U0016,LAB016,Logon
9152,2025-03-21 17:42:55.900217,U0016,LAB016,Logoff
9153,2025-03-21 09:03:00,U0017,PC0017,Logon
9154,2025-03-21 17:37:32.022933,U0017,PC0017,Logoff
9155,2025-03-21 08:52:00,U0018,PC0018,Logon
9156,2025-03-21 16:24:13.717371,U0018,PC0018,Logoff
9157,2025-03-21 09:34:00,U0019,PC0019,Logon
9158,2025-03-21 18:08:25.561596,U0019,PC0019,Logoff
9159,2025-03-21 09:54:00,U0020,PC0020,Logon
9160,2025-03-21 19:05:28.222962,U0020,PC0020,Logoff
9161,2025-03-21 08:10:00,U0021,PC0021,Logon
9162,2025-03-21 16:03:52.777392,U0021,PC0021,Logoff
9163,2025-03-21 09:34:00,U0022,PC0022,Logon
9164,2025-03-21 18:38:04.792001,U0022,PC0022,Logoff
9165,2025-03-21 09:49:00,U0023,PC0023,Logon
9166,2025-03-21 17:45:10.039802,U0023,PC0023,Logoff
9167,2025-03-21 08:58:00,U0024,PC0024,Logon
9168,2025-03-21 15:58:03.829046,U0024,PC0024,Logoff
9169,2025-03-21 09:40:00,U0025,PC0025,Logon
9170,2025-03-21 18:00:32.012086,U0025,PC0025,Logoff
9171,2025-03-21 08:18:00,U0026,PC0026,Logon
9172,2025-03-21 16:20:40.450599,U0026,PC0026,Logoff
9173,2025-03-21 09:07:00,U0027,PC0027,Logon
9174,2025-03-21 15:57:55.584033,U0027,PC0027,Logoff
9175,2025-03-21 09:10:00,U0028,PC0028,Logon
9176,2025-03-21 16:47:20.887865,U0028,PC0028,Logoff
9177,2025-03-21 09:38:00,U0029,PC0029,Logon
9178,2025-03-21 17:05:59.571195,U0029,PC0029,Logoff
9179,2025-03-21 08:19:00,U0030,PC0030,Logon
9180,2025-03-21 15:51:30.706837,U0030,PC0030,Logoff
9181,2025-03-21 08:01:00,U0031,PC0031,Logon
9182,2025-03-21 15:37:41.472336,U0031,PC0031,Logoff
9183,2025-03-21 08:37:00,U0032,LAB010,Logon
9184,2025-03-21 16:57:02.274539,U0032,LAB010,Logoff
9185,2025-03-21 08:33:00,U0033,PC0033,Logon
9186,2025-03-21 16:29:01.995382,U0033,PC0033,Logoff
9187,2025-03-21 08:13:00,U0034,PC0034,Logon
9188,2025-03-21 16:36:30.112858,U0034,PC0034,Logoff
9189,2025-03-21 08:36:00,U0035,PC0035,Logon
9190,2025-03-21 18:12:37.054730,U0035,PC0035,Logoff
9191,2025-03-21 08:28:00,U0036,PC0036,Logon
9192,2025-03-21 14:39:30.136817,U0036,PC0036,Logoff
9193,2025-03-21 09:07:00,U0037,PC0037,Logon
9194,2025-03-21 17:27:47.497266,U0037,PC0037,Logoff
9195,2025-03-21 08:21:00,U0038,PC0038,Logon
9196,2025-03-21 14:49:12.903762,U0038,PC0038,Logoff
9197,2025-03-21 09:26:00,U0039,PC0039,Logon
9198,2025-03-21 18:50:50.797406,U0039,PC0039,Logoff
9199,2025-03-21 07:26:00,U0040,PC0040,Logon
9200,2025-03-21 14:58:30.397095,U0040,PC0040,Logoff
9201,2025-03-21 09:02:00,U0041,PC0041,Logon
9202,2025-03-21 16:33:26.174792,U0041,PC0041,Logoff
9203,2025-03-21 08:21:00,U0042,PC0042,Logon
9204,2025-03-21 16:04:02.066421,U0042,PC0042,Logoff
9205,2025-03-21 08:15:00,U0043,PC0043,Logon
9206,2025-03-21 14:32:42.807321,U0043,PC0043,Logoff
9207,2025-03-21 09:13:00,U0044,PC0044,Logon
9208,2025-03-21 15:22:25.427138,U0044,PC0044,Logoff
9209,2025-03-21 09:44:00,U0045,PC0045,Logon
9210,2025-03-21 18:37:11.686174,U0045,PC0045,Logoff
9211,2025-03-21 08:24:00,U0046,PC0046,Logon
9212,2025-03-21 15:28:32.633751,U0046,PC0046,Logoff
9213,2025-03-21 09:39:00,U0047,PC0047,Logon
9214,2025-03-21 18:10:58.410193,U0047,PC0047,Logoff
9215,2025-03-21 08:25:00,U0048,PC0048,Logon
9216,2025-03-21 17:37:08.096412,U0048,PC0048,Logoff
9217,2025-03-21 09:15:00,U0049,PC0049,Logon
9218,2025-03-21 17:31:08.589695,U0049,PC0049,Logoff
9219,2025-03-21 08:47:00,U0050,PC0050,Logon
9220,2025-03-21 16:22:11.584668,U0050,PC0050,Logoff
9221,2025-03-21 09:58:00,U0051,PC0051,Logon
9222,2025-03-21 17:46:41.058615,U0051,PC0051,Logoff
9223,2025-03-21 09:30:00,U0052,PC0052,Logon
9224,2025-03-21 15:58:12.813312,U0052,PC0052,Logoff
9225,2025-03-21 08:49:00,U0053,PC0053,Logon
9226,2025-03-21 16:59:51.136001,U0053,PC0053,Logoff
9227,2025-03-21 08:25:00,U0054,PC0054,Logon
9228,2025-03-21 15:47:22.624987,U0054,PC0054,Logoff
9229,2025-03-21 08:13:00,U0055,LAB004,Logon
9230,2025-03-21 16:14:10.365041,U0055,LAB004,Logoff
9231,2025-03-21 08:05:00,U0056,PC0056,Logon
9232,2025-03-21 16:44:12.524335,U0056,PC0056,Logoff
9233,2025-03-21 09:39:00,U0057,PC0057,Logon
9234,2025-03-21 17:31:02.625318,U0057,PC0057,Logoff
9235,2025-03-21 09:17:00,U0058,PC0058,Logon
9236,2025-03-21 15:58:15.117708,U0058,PC0058,Logoff
9237,2025-03-21 09:40:00,U0059,PC0059,Logon
9238,2025-03-21 15:59:43.870207,U0059,PC0059,Logoff
9239,2025-03-21 08:57:00,U0060,PC0060,Logon
9240,2025-03-21 15:44:14.434323,U0060,PC0060,Logoff
9241,2025-03-21 09:14:00,U0061,PC0061,Logon
9242,2025-03-21 17:10:04.523159,U0061,PC0061,Logoff
9243,2025-03-21 08:47:00,U0062,PC0062,Logon
9244,2025-03-21 15:40:35.761244,U0062,PC0062,Logoff
9245,2025-03-21 08:41:00,U0063,PC0063,Logon
9246,2025-03-21 15:55:11.524908,U0063,PC0063,Logoff
9247,2025-03-21 09:54:00,U0064,PC0064,Logon
9248,2025-03-21 16:54:32.071913,U0064,PC0064,Logoff
9249,2025-03-21 09:38:00,U0065,PC0065,Logon
9250,2025-03-21 15:57:27.910381,U0065,PC0065,Logoff
9251,2025-03-21 08:55:00,U0066,LAB004,Logon
9252,2025-03-21 18:35:37.921836,U0066,LAB004,Logoff
9253,2025-03-21 08:19:00,U0067,PC0067,Logon
9254,2025-03-21 15:00:06.436808,U0067,PC0067,Logoff
9255,2025-03-21 09:11:00,U0068,PC0068,Logon
9256,2025-03-21 16:42:28.587928,U0068,PC0068,Logoff
9257,2025-03-21 08:11:00,U0069,PC0069,Logon
9258,2025-03-21 15:05:14.865081,U0069,PC0069,Logoff
9259,2025-03-21 10:58:00,U0070,PC0070,Logon
9260,2025-03-21 18:42:54.413159,U0070,PC0070,Logoff
9261,2025-03-21 08:53:00,U0071,PC0071,Logon
9262,2025-03-21 18:22:37.355132,U0071,PC0071,Logoff
9263,2025-03-21 09:35:00,U0072,PC0072,Logon
9264,2025-03-21 16:49:00.720848,U0072,PC0072,Logoff
9265,2025-03-21 08:25:00,U0073,PC0073,Logon
9266,2025-03-21 17:05:24.502066,U0073,PC0073,Logoff
9267,2025-03-21 08:25:00,U0074,PC0074,Logon
9268,2025-03-21 14:29:26.479854,U0074,PC0074,Logoff
9269,2025-03-21 09:57:00,U0075,PC0075,Logon
9270,2025-03-21 17:30:57.634336,U0075,PC0075,Logoff
9271,2025-03-21 09:19:00,U0076,PC0076,Logon
9272,2025-03-21 18:35:42.365849,U0076,PC0076,Logoff
9273,2025-03-21 08:07:00,U0077,LAB004,Logon
9274,2025-03-21 17:08:59.483512,U0077,LAB004,Logoff
9275,2025-03-21 08:33:00,U0078,PC0078,Logon
9276,2025-03-21 14:40:59.877888,U0078,PC0078,Logoff
9277,2025-03-21 08:53:00,U0079,PC0079,Logon
9278,2025-03-21 17:16:51.495006,U0079,PC0079,Logoff
9279,2025-03-21 08:50:00,U0080,PC0080,Logon
9280,2025-03-21 16:31:34.625973,U0080,PC0080,Logoff
9281,2025-03-24 09:51:00,U0001,PC0001,Logon
9282,2025-03-24 17:57:23.378329,U0001,PC0001,Logoff
9283,2025-03-24 08:29:00,U0002,PC0002,Logon
9284,2025-03-24 17:11:07.309165,U0002,PC0002,Logoff
9285,2025-03-24 09:44:00,U0003,PC0003,Logon
9286,2025-03-24 15:12:42.222715,U0003,PC0003,Logoff
9287,2025-03-24 09:01:00,U0004,PC0004,Logon
9288,2025-03-24 17:24:30.583348,U0004,PC0004,Logoff
9289,2025-03-24 09:38:00,U0005,PC0005,Logon
9290,2025-03-24 18:31:30.122092,U0005,PC0005,Logoff
9291,2025-03-24 08:05:00,U0006,PC0006,Logon
9292,2025-03-24 16:25:11.399240,U0006,PC0006,Logoff
9293,2025-03-24 08:25:00,U0007,PC0007,Logon
9294,2025-03-24 16:49:25.525380,U0007,PC0007,Logoff
9295,2025-03-24 09:04:00,U0008,PC0008,Logon
9296,2025-03-24 16:04:18.517131,U0008,PC0008,Logoff
9297,2025-03-24 08:16:00,U0009,LAB019,Logon
9298,2025-03-24 15:33:23.944406,U0009,LAB019,Logoff
9299,2025-03-24 09:53:00,U0010,PC0010,Logon
9300,2025-03-24 16:49:13.069418,U0010,PC0010,Logoff
9301,2025-03-24 09:57:00,U0011,PC0011,Logon
9302,2025-03-24 18:47:48.623804,U0011,PC0011,Logoff
9303,2025-03-24 09:32:00,U0012,PC0012,Logon
9304,2025-03-24 15:45:53.704468,U0012,PC0012,Logoff
9305,2025-03-24 09:39:00,U0013,PC0013,Logon
9306,2025-03-24 18:35:14.522691,U0013,PC0013,Logoff
9307,2025-03-24 09:27:00,U0014,PC0014,Logon
9308,2025-03-24 17:49:22.232095,U0014,PC0014,Logoff
9309,2025-03-24 09:53:00,U0015,PC0015,Logon
9310,2025-03-24 18:54:56.601833,U0015,PC0015,Logoff
9311,2025-03-24 09:33:00,U0016,PC0016,Logon
9312,2025-03-24 16:35:49.054332,U0016,PC0016,Logoff
9313,2025-03-24 09:00:00,U0017,PC0017,Logon
9314,2025-03-24 16:54:49.618447,U0017,PC0017,Logoff
9315,2025-03-24 08:29:00,U0018,PC0018,Logon
9316,2025-03-24 14:56:48.489515,U0018,PC0018,Logoff
9317,2025-03-24 08:29:00,U0019,PC0019,Logon
9318,2025-03-24 15:29:09.846151,U0019,PC0019,Logoff
9319,2025-03-24 08:21:00,U0020,PC0020,Logon
9320,2025-03-24 15:15:06.529018,U0020,PC0020,Logoff
9321,2025-03-24 08:58:00,U0021,PC0021,Logon
9322,2025-03-24 16:33:38.002715,U0021,PC0021,Logoff
9323,2025-03-24 09:37:00,U0022,PC0022,Logon
9324,2025-03-24 16:00:06.900496,U0022,PC0022,Logoff
9325,2025-03-24 08:45:00,U0023,PC0023,Logon
9326,2025-03-24 17:06:42.891375,U0023,PC0023,Logoff
9327,2025-03-24 08:10:00,U0024,PC0024,Logon
9328,2025-03-24 17:14:28.307245,U0024,PC0024,Logoff
9329,2025-03-24 09:26:00,U0025,PC0025,Logon
9330,2025-03-24 18:02:24.343741,U0025,PC0025,Logoff
9331,2025-03-24 09:29:00,U0026,PC0026,Logon
9332,2025-03-24 17:10:25.041077,U0026,PC0026,Logoff
9333,2025-03-24 08:19:00,U0027,PC0027,Logon
9334,2025-03-24 17:11:18.129308,U0027,PC0027,Logoff
9335,2025-03-24 09:14:00,U0028,PC0028,Logon
9336,2025-03-24 17:02:45.610885,U0028,PC0028,Logoff
9337,2025-03-24 20:24:00,U0029,PC0029,Logon
9338,2025-03-25 04:11:15.920485,U0029,PC0029,Logoff
9339,2025-03-24 09:04:00,U0030,PC0030,Logon
9340,2025-03-24 17:05:16.401543,U0030,PC0030,Logoff
9341,2025-03-24 08:21:00,U0031,PC0031,Logon
9342,2025-03-24 16:25:39.307402,U0031,PC0031,Logoff
9343,2025-03-24 09:16:00,U0032,PC0032,Logon
9344,2025-03-24 17:42:41.885935,U0032,PC0032,Logoff
9345,2025-03-24 09:44:00,U0033,LAB016,Logon
9346,2025-03-24 17:34:17.637788,U0033,LAB016,Logoff
9347,2025-03-24 09:59:00,U0034,PC0034,Logon
9348,2025-03-24 18:43:59.159863,U0034,PC0034,Logoff
9349,2025-03-24 09:57:00,U0035,PC0035,Logon
9350,2025-03-24 17:37:05.286497,U0035,PC0035,Logoff
9351,2025-03-24 09:04:00,U0036,PC0036,Logon
9352,2025-03-24 17:32:47.783068,U0036,PC0036,Logoff
9353,2025-03-24 08:14:00,U0037,PC0037,Logon
9354,2025-03-24 16:24:05.629948,U0037,PC0037,Logoff
9355,2025-03-24 07:30:00,U0038,PC0038,Logon
9356,2025-03-24 15:58:57.121355,U0038,PC0038,Logoff
9357,2025-03-24 09:51:00,U0039,PC0039,Logon
9358,2025-03-24 18:35:51.166053,U0039,PC0039,Logoff
9359,2025-03-24 08:38:00,U0040,PC0040,Logon
9360,2025-03-24 16:56:32.568606,U0040,PC0040,Logoff
9361,2025-03-24 09:58:00,U0041,PC0041,Logon
9362,2025-03-24 19:22:49.570734,U0041,PC0041,Logoff
9363,2025-03-24 08:28:00,U0042,PC0042,Logon
9364,2025-03-24 16:36:21.550671,U0042,PC0042,Logoff
9365,2025-03-24 09:05:00,U0043,PC0043,Logon
9366,2025-03-24 15:34:57.112745,U0043,PC0043,Logoff
9367,2025-03-24 08:08:00,U0044,PC0044,Logon
9368,2025-03-24 17:28:08.053640,U0044,PC0044,Logoff
9369,2025-03-24 09:57:00,U0045,PC0045,Logon
9370,2025-03-24 18:19:09.349600,U0045,PC0045,Logoff
9371,2025-03-24 08:00:00,U0046,PC0046,Logon
9372,2025-03-24 15:57:00.323161,U0046,PC0046,Logoff
9373,2025-03-24 08:14:00,U0047,PC0047,Logon
9374,2025-03-24 16:33:51.740050,U0047,PC0047,Logoff
9375,2025-03-24 08:04:00,U0048,PC0048,Logon
9376,2025-03-24 15:02:27.395778,U0048,PC0048,Logoff
9377,2025-03-24 07:13:00,U0049,PC0049,Logon
9378,2025-03-24 16:26:18.496866,U0049,PC0049,Logoff
9379,2025-03-24 08:47:00,U0050,PC0050,Logon
9380,2025-03-24 16:56:25.724821,U0050,PC0050,Logoff
9381,2025-03-24 08:27:00,U0051,PC0051,Logon
9382,2025-03-24 15:22:57.237841,U0051,PC0051,Logoff
9383,2025-03-24 08:54:00,U0052,PC0052,Logon
9384,2025-03-24 15:53:40.865546,U0052,PC0052,Logoff
9385,2025-03-24 08:20:00,U0053,PC0053,Logon
9386,2025-03-24 16:41:59.782489,U0053,PC0053,Logoff
9387,2025-03-24 08:26:00,U0054,PC0054,Logon
9388,2025-03-24 18:10:47.366274,U0054,PC0054,Logoff
9389,2025-03-24 09:41:00,U0055,PC0055,Logon
9390,2025-03-24 18:29:30.094379,U0055,PC0055,Logoff
9391,2025-03-24 08:45:00,U0056,PC0056,Logon
9392,2025-03-24 18:15:51.410649,U0056,PC0056,Logoff
9393,2025-03-24 08:42:00,U0057,PC0057,Logon
9394,2025-03-24 16:40:07.458909,U0057,PC0057,Logoff
9395,2025-03-24 09:16:00,U0058,LAB010,Logon
9396,2025-03-24 17:58:06.562946,U0058,LAB010,Logoff
9397,2025-03-24 09:38:00,U0059,PC0059,Logon
9398,2025-03-24 17:09:29.548998,U0059,PC0059,Logoff
9399,2025-03-24 08:38:00,U0060,PC0060,Logon
9400,2025-03-24 17:16:23.650646,U0060,PC0060,Logoff
9401,2025-03-24 09:21:00,U0061,PC0061,Logon
9402,2025-03-24 16:57:23.935951,U0061,PC0061,Logoff
9403,2025-03-24 08:40:00,U0062,PC0062,Logon
9404,2025-03-24 16:27:33.662054,U0062,PC0062,Logoff
9405,2025-03-24 09:29:00,U0063,PC0063,Logon
9406,2025-03-24 19:17:19.500647,U0063,PC0063,Logoff
9407,2025-03-24 08:47:00,U0064,PC0064,Logon
9408,2025-03-24 16:21:24.343490,U0064,PC0064,Logoff
9409,2025-03-24 08:38:00,U0065,PC0065,Logon
9410,2025-03-24 17:59:20.899222,U0065,PC0065,Logoff
9411,2025-03-24 08:06:00,U0066,PC0066,Logon
9412,2025-03-24 15:11:33.624386,U0066,PC0066,Logoff
9413,2025-03-24 09:41:00,U0067,PC0067,Logon
9414,2025-03-24 17:16:43.301328,U0067,PC0067,Logoff
9415,2025-03-24 08:56:00,U0068,PC0068,Logon
9416,2025-03-24 16:02:26.016094,U0068,PC0068,Logoff
9417,2025-03-24 09:18:00,U0069,PC0069,Logon
9418,2025-03-24 17:41:03.153198,U0069,PC0069,Logoff
9419,2025-03-24 09:41:00,U0070,PC0070,Logon
9420,2025-03-24 17:26:00.382551,U0070,PC0070,Logoff
9421,2025-03-24 09:01:00,U0071,PC0071,Logon
9422,2025-03-24 17:17:48.849406,U0071,PC0071,Logoff
9423,2025-03-24 09:37:00,U0072,PC0072,Logon
9424,2025-03-24 17:43:53.442325,U0072,PC0072,Logoff
9425,2025-03-24 09:05:00,U0073,PC0073,Logon
9426,2025-03-24 17:06:23.175646,U0073,PC0073,Logoff
9427,2025-03-24 08:30:00,U0074,PC0074,Logon
9428,2025-03-24 15:53:15.277593,U0074,PC0074,Logoff
9429,2025-03-24 08:32:00,U0075,PC0075,Logon
9430,2025-03-24 18:33:36.541618,U0075,PC0075,Logoff
9431,2025-03-24 09:21:00,U0076,PC0076,Logon
9432,2025-03-24 16:31:11.746218,U0076,PC0076,Logoff
9433,2025-03-24 08:47:00,U0077,PC0077,Logon
9434,2025-03-24 16:08:47.244693,U0077,PC0077,Logoff
9435,2025-03-24 09:48:00,U0078,PC0078,Logon
9436,2025-03-24 16:22:48.442209,U0078,PC0078,Logoff
9437,2025-03-24 09:45:00,U0079,PC0079,Logon
9438,2025-03-24 17:38:29.299767,U0079,PC0079,Logoff
9439,2025-03-24 09:04:00,U0080,PC0080,Logon
9440,2025-03-24 16:57:45.566780,U0080,PC0080,Logoff
9441,2025-03-25 08:20:00,U0001,PC0001,Logon
9442,2025-03-25 16:04:55.975795,U0001,PC0001,Logoff
9443,2025-03-25 08:40:00,U0002,PC0002,Logon
9444,2025-03-25 16:44:46.486368,U0002,PC0002,Logoff
9445,2025-03-25 09:43:00,U0003,PC0003,Logon
9446,2025-03-25 15:58:38.069121,U0003,PC0003,Logoff
9447,2025-03-25 08:21:00,U0004,PC0004,Logon
9448,2025-03-25 15:47:50.305366,U0004,PC0004,Logoff
9449,2025-03-25 08:28:00,U0005,PC0005,Logon
9450,2025-03-25 17:12:24.452391,U0005,PC0005,Logoff
9451,2025-03-25 08:03:00,U0006,PC0006,Logon
9452,2025-03-25 16:27:56.889813,U0006,PC0006,Logoff
9453,2025-03-25 08:21:00,U0007,PC0007,Logon
9454,2025-03-25 16:34:47.727644,U0007,PC0007,Logoff
9455,2025-03-25 09:35:00,U0008,PC0008,Logon
9456,2025-03-25 16:51:03.721621,U0008,PC0008,Logoff
9457,2025-03-25 09:34:00,U0009,PC0009,Logon
9458,2025-03-25 17:37:08.541967,U0009,PC0009,Logoff
9459,2025-03-25 09:33:00,U0010,PC0010,Logon
9460,2025-03-25 17:20:54.888360,U0010,PC0010,Logoff
9461,2025-03-25 09:11:00,U0011,PC0011,Logon
9462,2025-03-25 17:08:33.817566,U0011,PC0011,Logoff
9463,2025-03-25 08:24:00,U0012,PC0012,Logon
9464,2025-03-25 16:39:32.149542,U0012,PC0012,Logoff
9465,2025-03-25 09:59:00,U0013,PC0013,Logon
9466,2025-03-25 16:44:01.566317,U0013,PC0013,Logoff
9467,2025-03-25 09:56:00,U0014,PC0014,Logon
9468,2025-03-25 16:04:25.213054,U0014,PC0014,Logoff
9469,2025-03-25 08:35:00,U0015,PC0015,Logon
9470,2025-03-25 16:29:20.631345,U0015,PC0015,Logoff
9471,2025-03-25 09:42:00,U0016,PC0016,Logon
9472,2025-03-25 19:16:34.221100,U0016,PC0016,Logoff
9473,2025-03-25 08:26:00,U0017,LAB014,Logon
9474,2025-03-25 15:55:32.301138,U0017,LAB014,Logoff
9475,2025-03-25 07:56:00,U0018,PC0018,Logon
9476,2025-03-25 15:57:53.839106,U0018,PC0018,Logoff
9477,2025-03-25 09:47:00,U0019,PC0019,Logon
9478,2025-03-25 19:22:26.864672,U0019,PC0019,Logoff
9479,2025-03-25 09:45:00,U0020,PC0020,Logon
9480,2025-03-25 18:47:38.490466,U0020,PC0020,Logoff
9481,2025-03-25 09:41:00,U0021,PC0021,Logon
9482,2025-03-25 17:14:53.106491,U0021,PC0021,Logoff
9483,2025-03-25 08:50:00,U0022,PC0022,Logon
9484,2025-03-25 17:06:30.008274,U0022,PC0022,Logoff
9485,2025-03-25 08:02:00,U0023,PC0023,Logon
9486,2025-03-25 17:19:42.745462,U0023,PC0023,Logoff
9487,2025-03-25 08:18:00,U0024,LAB004,Logon
9488,2025-03-25 17:29:42.638681,U0024,LAB004,Logoff
9489,2025-03-25 08:54:00,U0025,PC0025,Logon
9490,2025-03-25 17:10:07.862831,U0025,PC0025,Logoff
9491,2025-03-25 09:42:00,U0026,PC0026,Logon
9492,2025-03-25 17:39:17.841175,U0026,PC0026,Logoff
9493,2025-03-25 08:03:00,U0027,PC0027,Logon
9494,2025-03-25 16:26:32.841666,U0027,PC0027,Logoff
9495,2025-03-25 08:02:00,U0028,PC0028,Logon
9496,2025-03-25 14:49:26.032816,U0028,PC0028,Logoff
9497,2025-03-25 22:31:00,U0029,PC0029,Logon
9498,2025-03-26 07:14:37.804760,U0029,PC0029,Logoff
9499,2025-03-25 09:39:00,U0030,PC0030,Logon
9500,2025-03-25 19:18:54.512577,U0030,PC0030,Logoff
9501,2025-03-25 08:35:00,U0031,PC0031,Logon
9502,2025-03-25 17:54:21.731592,U0031,PC0031,Logoff
9503,2025-03-25 09:13:00,U0032,PC0032,Logon
9504,2025-03-25 16:11:30.897300,U0032,PC0032,Logoff
9505,2025-03-25 09:54:00,U0033,PC0033,Logon
9506,2025-03-25 18:53:26.559048,U0033,PC0033,Logoff
9507,2025-03-25 08:31:00,U0034,PC0034,Logon
9508,2025-03-25 17:14:37.816534,U0034,PC0034,Logoff
9509,2025-03-25 08:06:00,U0035,PC0035,Logon
9510,2025-03-25 16:55:44.936526,U0035,PC0035,Logoff
9511,2025-03-25 07:45:00,U0036,PC0036,Logon
9512,2025-03-25 14:43:48.715199,U0036,PC0036,Logoff
9513,2025-03-25 09:22:00,U0037,PC0037,Logon
9514,2025-03-25 17:07:01.240062,U0037,PC0037,Logoff
9515,2025-03-25 09:07:00,U0038,PC0038,Logon
9516,2025-03-25 15:46:11.571616,U0038,PC0038,Logoff
9517,2025-03-25 09:10:00,U0039,PC0039,Logon
9518,2025-03-25 18:21:25.906717,U0039,PC0039,Logoff
9519,2025-03-25 08:35:00,U0040,PC0040,Logon
9520,2025-03-25 16:10:43.094915,U0040,PC0040,Logoff
9521,2025-03-25 09:16:00,U0041,PC0041,Logon
9522,2025-03-25 19:14:56.893621,U0041,PC0041,Logoff
9523,2025-03-25 09:27:00,U0042,PC0042,Logon
9524,2025-03-25 19:37:18.489603,U0042,PC0042,Logoff
9525,2025-03-25 08:52:00,U0043,PC0043,Logon
9526,2025-03-25 16:02:50.207410,U0043,PC0043,Logoff
9527,2025-03-25 08:55:00,U0044,PC0044,Logon
9528,2025-03-25 17:21:30.338339,U0044,PC0044,Logoff
9529,2025-03-25 09:11:00,U0045,PC0045,Logon
9530,2025-03-25 17:01:52.975956,U0045,PC0045,Logoff
9531,2025-03-25 09:29:00,U0046,PC0046,Logon
9532,2025-03-25 18:42:56.382979,U0046,PC0046,Logoff
9533,2025-03-25 08:56:00,U0047,PC0047,Logon
9534,2025-03-25 16:20:10.900700,U0047,PC0047,Logoff
9535,2025-03-25 09:59:00,U0048,PC0048,Logon
9536,2025-03-25 17:30:56.140738,U0048,PC0048,Logoff
9537,2025-03-25 08:25:00,U0049,PC0049,Logon
9538,2025-03-25 17:26:06.734740,U0049,PC0049,Logoff
9539,2025-03-25 08:12:00,U0050,PC0050,Logon
9540,2025-03-25 15:53:54.312692,U0050,PC0050,Logoff
9541,2025-03-25 09:17:00,U0051,PC0051,Logon
9542,2025-03-25 16:42:34.248310,U0051,PC0051,Logoff
9543,2025-03-25 09:58:00,U0052,PC0052,Logon
9544,2025-03-25 17:23:52.042889,U0052,PC0052,Logoff
9545,2025-03-25 09:59:00,U0053,PC0053,Logon
9546,2025-03-25 17:51:27.313329,U0053,PC0053,Logoff
9547,2025-03-25 09:17:00,U0054,PC0054,Logon
9548,2025-03-25 18:01:45.686231,U0054,PC0054,Logoff
9549,2025-03-25 08:16:00,U0055,PC0055,Logon
9550,2025-03-25 14:12:47.448425,U0055,PC0055,Logoff
9551,2025-03-25 09:06:00,U0056,PC0056,Logon
9552,2025-03-25 17:10:20.238050,U0056,PC0056,Logoff
9553,2025-03-25 09:39:00,U0057,PC0057,Logon
9554,2025-03-25 17:25:24.501099,U0057,PC0057,Logoff
9555,2025-03-25 08:55:00,U0058,PC0058,Logon
9556,2025-03-25 18:55:30.502840,U0058,PC0058,Logoff
9557,2025-03-25 08:48:00,U0059,PC0059,Logon
9558,2025-03-25 17:32:02.221722,U0059,PC0059,Logoff
9559,2025-03-25 08:10:00,U0060,PC0060,Logon
9560,2025-03-25 15:49:51.196976,U0060,PC0060,Logoff
9561,2025-03-25 08:19:00,U0061,PC0061,Logon
9562,2025-03-25 15:30:47.636613,U0061,PC0061,Logoff
9563,2025-03-25 09:40:00,U0062,PC0062,Logon
9564,2025-03-25 19:03:26.316945,U0062,PC0062,Logoff
9565,2025-03-25 09:20:00,U0063,PC0063,Logon
9566,2025-03-25 17:26:12.175186,U0063,PC0063,Logoff
9567,2025-03-25 08:27:00,U0064,PC0064,Logon
9568,2025-03-25 16:58:00.570957,U0064,PC0064,Logoff
9569,2025-03-25 10:15:00,U0065,PC0065,Logon
9570,2025-03-25 17:52:09.499354,U0065,PC0065,Logoff
9571,2025-03-25 08:39:00,U0066,PC0066,Logon
9572,2025-03-25 16:05:20.079128,U0066,PC0066,Logoff
9573,2025-03-25 08:52:00,U0067,PC0067,Logon
9574,2025-03-25 14:07:16.921607,U0067,PC0067,Logoff
9575,2025-03-25 09:31:00,U0068,LAB014,Logon
9576,2025-03-25 16:40:16.012165,U0068,LAB014,Logoff
9577,2025-03-25 08:48:00,U0069,LAB003,Logon
9578,2025-03-25 17:33:11.483819,U0069,LAB003,Logoff
9579,2025-03-25 08:48:00,U0070,PC0070,Logon
9580,2025-03-25 16:27:40.791406,U0070,PC0070,Logoff
9581,2025-03-25 09:09:00,U0071,PC0071,Logon
9582,2025-03-25 15:44:26.823127,U0071,PC0071,Logoff
9583,2025-03-25 08:11:00,U0072,PC0072,Logon
9584,2025-03-25 16:27:09.502282,U0072,PC0072,Logoff
9585,2025-03-25 09:07:00,U0073,PC0073,Logon
9586,2025-03-25 15:32:32.369816,U0073,PC0073,Logoff
9587,2025-03-25 09:53:00,U0074,PC0074,Logon
9588,2025-03-25 18:27:51.598344,U0074,PC0074,Logoff
9589,2025-03-25 07:29:00,U0075,PC0075,Logon
9590,2025-03-25 16:16:54.604816,U0075,PC0075,Logoff
9591,2025-03-25 09:34:00,U0076,PC0076,Logon
9592,2025-03-25 17:15:17.571936,U0076,PC0076,Logoff
9593,2025-03-25 09:06:00,U0077,PC0077,Logon
9594,2025-03-25 18:14:11.240068,U0077,PC0077,Logoff
9595,2025-03-25 09:23:00,U0078,PC0078,Logon
9596,2025-03-25 16:55:54.796595,U0078,PC0078,Logoff
9597,2025-03-25 08:38:00,U0079,PC0079,Logon
9598,2025-03-25 16:35:44.771366,U0079,PC0079,Logoff
9599,2025-03-25 09:31:00,U0080,PC0080,Logon
9600,2025-03-25 17:11:32.963300,U0080,PC0080,Logoff
9601,2025-03-26 07:09:00,U0001,PC0001,Logon
9602,2025-03-26 16:25:07.370020,U0001,PC0001,Logoff
9603,2025-03-26 09:40:00,U0002,PC0002,Logon
9604,2025-03-26 17:17:13.351812,U0002,PC0002,Logoff
9605,2025-03-26 09:45:00,U0003,PC0003,Logon
9606,2025-03-26 19:16:28.698947,U0003,PC0003,Logoff
9607,2025-03-26 07:45:00,U0004,PC0004,Logon
9608,2025-03-26 16:11:03.349140,U0004,PC0004,Logoff
9609,2025-03-26 08:42:00,U0005,PC0005,Logon
9610,2025-03-26 17:11:56.797824,U0005,PC0005,Logoff
9611,2025-03-26 09:42:00,U0006,LAB016,Logon
9612,2025-03-26 18:20:08.615495,U0006,LAB016,Logoff
9613,2025-03-26 08:32:00,U0007,PC0007,Logon
9614,2025-03-26 14:39:36.335597,U0007,PC0007,Logoff
9615,2025-03-26 08:02:00,U0008,PC0008,Logon
9616,2025-03-26 16:26:24.651487,U0008,PC0008,Logoff
9617,2025-03-26 09:35:00,U0009,PC0009,Logon
9618,2025-03-26 16:24:41.407318,U0009,PC0009,Logoff
9619,2025-03-26 09:24:00,U0010,PC0010,Logon
9620,2025-03-26 16:45:07.659757,U0010,PC0010,Logoff
9621,2025-03-26 09:24:00,U0011,PC0011,Logon
9622,2025-03-26 16:53:24.381770,U0011,PC0011,Logoff
9623,2025-03-26 09:43:00,U0012,PC0012,Logon
9624,2025-03-26 18:36:30.759484,U0012,PC0012,Logoff
9625,2025-03-26 08:57:00,U0013,PC0013,Logon
9626,2025-03-26 16:16:12.338772,U0013,PC0013,Logoff
9627,2025-03-26 09:29:00,U0014,PC0014,Logon
9628,2025-03-26 19:53:05.701180,U0014,PC0014,Logoff
9629,2025-03-26 08:59:00,U0015,PC0015,Logon
9630,2025-03-26 19:01:24.481990,U0015,PC0015,Logoff
9631,2025-03-26 10:06:00,U0016,PC0016,Logon
9632,2025-03-26 18:00:09.679857,U0016,PC0016,Logoff
9633,2025-03-26 08:24:00,U0017,PC0017,Logon
9634,2025-03-26 15:42:28.565285,U0017,PC0017,Logoff
9635,2025-03-26 08:44:00,U0018,PC0018,Logon
9636,2025-03-26 15:19:35.810043,U0018,PC0018,Logoff
9637,2025-03-26 08:51:00,U0019,PC0019,Logon
9638,2025-03-26 18:20:48.768986,U0019,PC0019,Logoff
9639,2025-03-26 08:17:00,U0020,PC0020,Logon
9640,2025-03-26 16:02:33.392506,U0020,PC0020,Logoff
9641,2025-03-26 08:39:00,U0021,PC0021,Logon
9642,2025-03-26 17:01:26.623517,U0021,PC0021,Logoff
9643,2025-03-26 09:55:00,U0022,LAB005,Logon
9644,2025-03-26 17:58:49.328495,U0022,LAB005,Logoff
9645,2025-03-26 08:08:00,U0023,PC0023,Logon
9646,2025-03-26 15:50:26.071492,U0023,PC0023,Logoff
9647,2025-03-26 09:08:00,U0024,PC0024,Logon
9648,2025-03-26 17:06:16.260234,U0024,PC0024,Logoff
9649,2025-03-26 09:00:00,U0025,PC0025,Logon
9650,2025-03-26 17:12:53.938143,U0025,PC0025,Logoff
9651,2025-03-26 09:28:00,U0026,PC0026,Logon
9652,2025-03-26 18:08:37.178751,U0026,PC0026,Logoff
9653,2025-03-26 09:34:00,U0027,PC0027,Logon
9654,2025-03-26 19:05:06.319310,U0027,PC0027,Logoff
9655,2025-03-26 09:25:00,U0028,PC0028,Logon
9656,2025-03-26 18:43:17.865680,U0028,PC0028,Logoff
9657,2025-03-26 09:52:00,U0029,PC0029,Logon
9658,2025-03-26 16:01:29.091316,U0029,PC0029,Logoff
9659,2025-03-26 09:20:00,U0030,PC0030,Logon
9660,2025-03-26 17:28:06.634469,U0030,PC0030,Logoff
9661,2025-03-26 08:39:00,U0031,PC0031,Logon
9662,2025-03-26 16:55:52.854051,U0031,PC0031,Logoff
9663,2025-03-26 08:38:00,U0032,PC0032,Logon
9664,2025-03-26 16:51:37.303897,U0032,PC0032,Logoff
9665,2025-03-26 08:47:00,U0033,PC0033,Logon
9666,2025-03-26 18:03:27.380131,U0033,PC0033,Logoff
9667,2025-03-26 08:04:00,U0034,PC0034,Logon
9668,2025-03-26 15:41:02.698166,U0034,PC0034,Logoff
9669,2025-03-26 08:01:00,U0035,PC0035,Logon
9670,2025-03-26 16:17:07.592841,U0035,PC0035,Logoff
9671,2025-03-26 09:42:00,U0036,LAB015,Logon
9672,2025-03-26 18:05:18.328609,U0036,LAB015,Logoff
9673,2025-03-26 08:41:00,U0037,PC0037,Logon
9674,2025-03-26 15:04:55.747684,U0037,PC0037,Logoff
9675,2025-03-26 09:11:00,U0038,PC0038,Logon
9676,2025-03-26 18:40:04.710703,U0038,PC0038,Logoff
9677,2025-03-26 08:08:00,U0039,PC0039,Logon
9678,2025-03-26 17:43:21.988621,U0039,PC0039,Logoff
9679,2025-03-26 09:15:00,U0040,PC0040,Logon
9680,2025-03-26 17:14:34.573544,U0040,PC0040,Logoff
9681,2025-03-26 08:12:00,U0041,PC0041,Logon
9682,2025-03-26 14:48:55.735130,U0041,PC0041,Logoff
9683,2025-03-26 09:15:00,U0042,PC0042,Logon
9684,2025-03-26 16:28:27.817099,U0042,PC0042,Logoff
9685,2025-03-26 08:27:00,U0043,PC0043,Logon
9686,2025-03-26 17:26:30.934716,U0043,PC0043,Logoff
9687,2025-03-26 08:59:00,U0044,PC0044,Logon
9688,2025-03-26 15:27:35.047882,U0044,PC0044,Logoff
9689,2025-03-26 08:46:00,U0045,PC0045,Logon
9690,2025-03-26 17:03:35.823944,U0045,PC0045,Logoff
9691,2025-03-26 09:54:00,U0046,PC0046,Logon
9692,2025-03-26 17:35:53.525424,U0046,PC0046,Logoff
9693,2025-03-26 10:58:00,U0047,PC0047,Logon
9694,2025-03-26 18:44:19.586788,U0047,PC0047,Logoff
9695,2025-03-26 08:54:00,U0048,PC0048,Logon
9696,2025-03-26 16:06:10.847992,U0048,PC0048,Logoff
9697,2025-03-26 09:22:00,U0049,PC0049,Logon
9698,2025-03-26 17:58:53.860435,U0049,PC0049,Logoff
9699,2025-03-26 09:38:00,U0050,PC0050,Logon
9700,2025-03-26 16:08:38.576648,U0050,PC0050,Logoff
9701,2025-03-26 08:29:00,U0051,PC0051,Logon
9702,2025-03-26 16:55:48.132999,U0051,PC0051,Logoff
9703,2025-03-26 09:01:00,U0052,PC0052,Logon
9704,2025-03-26 17:01:23.575168,U0052,PC0052,Logoff
9705,2025-03-26 09:47:00,U0053,PC0053,Logon
9706,2025-03-26 16:58:27.729985,U0053,PC0053,Logoff
9707,2025-03-26 09:36:00,U0054,PC0054,Logon
9708,2025-03-26 18:35:33.461171,U0054,PC0054,Logoff
9709,2025-03-26 08:14:00,U0055,PC0055,Logon
9710,2025-03-26 15:09:29.629027,U0055,PC0055,Logoff
9711,2025-03-26 08:55:00,U0056,PC0056,Logon
9712,2025-03-26 17:35:40.691895,U0056,PC0056,Logoff
9713,2025-03-26 08:58:00,U0057,PC0057,Logon
9714,2025-03-26 16:38:08.312397,U0057,PC0057,Logoff
9715,2025-03-26 09:34:00,U0058,PC0058,Logon
9716,2025-03-26 17:30:01.802636,U0058,PC0058,Logoff
9717,2025-03-26 09:58:00,U0059,LAB013,Logon
9718,2025-03-26 16:54:03.110239,U0059,LAB013,Logoff
9719,2025-03-26 09:52:00,U0060,PC0060,Logon
9720,2025-03-26 17:15:12.437187,U0060,PC0060,Logoff
9721,2025-03-26 08:39:00,U0061,PC0061,Logon
9722,2025-03-26 16:53:15.834220,U0061,PC0061,Logoff
9723,2025-03-26 09:01:00,U0062,LAB006,Logon
9724,2025-03-26 17:02:26.328068,U0062,LAB006,Logoff
9725,2025-03-26 08:20:00,U0063,PC0063,Logon
9726,2025-03-26 16:02:01.622120,U0063,PC0063,Logoff
9727,2025-03-26 09:01:00,U0064,PC0064,Logon
9728,2025-03-26 15:38:29.693161,U0064,PC0064,Logoff
9729,2025-03-26 08:23:00,U0065,PC0065,Logon
9730,2025-03-26 16:46:15.647565,U0065,PC0065,Logoff
9731,2025-03-26 08:11:00,U0066,PC0066,Logon
9732,2025-03-26 17:20:23.693946,U0066,PC0066,Logoff
9733,2025-03-26 09:51:00,U0067,PC0067,Logon
9734,2025-03-26 16:36:17.457927,U0067,PC0067,Logoff
9735,2025-03-26 09:54:00,U0068,PC0068,Logon
9736,2025-03-26 17:45:23.106281,U0068,PC0068,Logoff
9737,2025-03-26 09:50:00,U0069,PC0069,Logon
9738,2025-03-26 17:20:12.056212,U0069,PC0069,Logoff
9739,2025-03-26 09:19:00,U0070,PC0070,Logon
9740,2025-03-26 17:43:21.938468,U0070,PC0070,Logoff
9741,2025-03-26 08:20:00,U0071,PC0071,Logon
9742,2025-03-26 15:10:05.272800,U0071,PC0071,Logoff
9743,2025-03-26 08:23:00,U0072,PC0072,Logon
9744,2025-03-26 16:34:16.590395,U0072,PC0072,Logoff
9745,2025-03-26 09:19:00,U0073,PC0073,Logon
9746,2025-03-26 17:58:03.476444,U0073,PC0073,Logoff
9747,2025-03-26 08:26:00,U0074,PC0074,Logon
9748,2025-03-26 15:16:34.812760,U0074,PC0074,Logoff
9749,2025-03-26 08:24:00,U0075,PC0075,Logon
9750,2025-03-26 17:33:08.455100,U0075,PC0075,Logoff
9751,2025-03-26 08:55:00,U0076,PC0076,Logon
9752,2025-03-26 17:03:36.303470,U0076,PC0076,Logoff
9753,2025-03-26 08:30:00,U0077,PC0077,Logon
9754,2025-03-26 16:50:11.698964,U0077,PC0077,Logoff
9755,2025-03-26 08:55:00,U0078,PC0078,Logon
9756,2025-03-26 17:57:48.165770,U0078,PC0078,Logoff
9757,2025-03-26 09:53:00,U0079,PC0079,Logon
9758,2025-03-26 17:23:15.458592,U0079,PC0079,Logoff
9759,2025-03-26 08:20:00,U0080,PC0080,Logon
9760,2025-03-26 15:46:55.981536,U0080,PC0080,Logoff
9761,2025-03-27 08:24:00,U0001,PC0001,Logon
9762,2025-03-27 15:32:33.207254,U0001,PC0001,Logoff
9763,2025-03-27 09:26:00,U0002,PC0002,Logon
9764,2025-03-27 17:45:30.934194,U0002,PC0002,Logoff
9765,2025-03-27 09:29:00,U0003,PC0003,Logon
9766,2025-03-27 17:10:53.761006,U0003,PC0003,Logoff
9767,2025-03-27 09:48:00,U0004,LAB020,Logon
9768,2025-03-27 17:51:48.750856,U0004,LAB020,Logoff
9769,2025-03-27 09:28:00,U0005,PC0005,Logon
9770,2025-03-27 15:41:34.409524,U0005,PC0005,Logoff
9771,2025-03-27 07:37:00,U0006,PC0006,Logon
9772,2025-03-27 15:54:01.636900,U0006,PC0006,Logoff
9773,2025-03-27 08:41:00,U0007,PC0007,Logon
9774,2025-03-27 16:28:15.173870,U0007,PC0007,Logoff
9775,2025-03-27 08:36:00,U0008,PC0008,Logon
9776,2025-03-27 18:11:14.642169,U0008,PC0008,Logoff
9777,2025-03-27 09:47:00,U0009,PC0009,Logon
9778,2025-03-27 17:56:57.092496,U0009,PC0009,Logoff
9779,2025-03-27 09:59:00,U0010,PC0010,Logon
9780,2025-03-27 18:21:06.591313,U0010,PC0010,Logoff
9781,2025-03-27 08:18:00,U0011,PC0011,Logon
9782,2025-03-27 17:22:17.313349,U0011,PC0011,Logoff
9783,2025-03-27 08:01:00,U0012,PC0012,Logon
9784,2025-03-27 16:20:23.689875,U0012,PC0012,Logoff
9785,2025-03-27 08:25:00,U0013,PC0013,Logon
9786,2025-03-27 16:37:14.197887,U0013,PC0013,Logoff
9787,2025-03-27 09:25:00,U0014,PC0014,Logon
9788,2025-03-27 19:05:35.237863,U0014,PC0014,Logoff
9789,2025-03-27 08:47:00,U0015,PC0015,Logon
9790,2025-03-27 16:10:56.806167,U0015,PC0015,Logoff
9791,2025-03-27 09:13:00,U0016,PC0016,Logon
9792,2025-03-27 17:33:07.142123,U0016,PC0016,Logoff
9793,2025-03-27 09:53:00,U0017,PC0017,Logon
9794,2025-03-27 16:55:37.911469,U0017,PC0017,Logoff
9795,2025-03-27 08:54:00,U0018,PC0018,Logon
9796,2025-03-27 18:08:42.147630,U0018,PC0018,Logoff
9797,2025-03-27 08:10:00,U0019,PC0019,Logon
9798,2025-03-27 16:32:31.294906,U0019,PC0019,Logoff
9799,2025-03-27 08:01:00,U0020,PC0020,Logon
9800,2025-03-27 14:50:00.892145,U0020,PC0020,Logoff
9801,2025-03-27 09:48:00,U0021,PC0021,Logon
9802,2025-03-27 18:18:11.636584,U0021,PC0021,Logoff
9803,2025-03-27 10:08:00,U0022,PC0022,Logon
9804,2025-03-27 17:07:03.907033,U0022,PC0022,Logoff
9805,2025-03-27 09:58:00,U0023,PC0023,Logon
9806,2025-03-27 16:39:18.441722,U0023,PC0023,Logoff
9807,2025-03-27 09:58:00,U0024,PC0024,Logon
9808,2025-03-27 18:56:35.423721,U0024,PC0024,Logoff
9809,2025-03-27 07:48:00,U0025,PC0025,Logon
9810,2025-03-27 15:35:42.243093,U0025,PC0025,Logoff
9811,2025-03-27 08:48:00,U0026,PC0026,Logon
9812,2025-03-27 16:05:52.953726,U0026,PC0026,Logoff
9813,2025-03-27 09:35:00,U0027,PC0027,Logon
9814,2025-03-27 18:42:14.468543,U0027,PC0027,Logoff
9815,2025-03-27 08:54:00,U0028,PC0028,Logon
9816,2025-03-27 17:06:19.751139,U0028,PC0028,Logoff
9817,2025-03-27 09:13:00,U0029,PC0029,Logon
9818,2025-03-27 17:13:06.492623,U0029,PC0029,Logoff
9819,2025-03-27 08:50:00,U0030,PC0030,Logon
9820,2025-03-27 17:56:30.400566,U0030,PC0030,Logoff
9821,2025-03-27 09:47:00,U0031,PC0031,Logon
9822,2025-03-27 18:10:41.573364,U0031,PC0031,Logoff
9823,2025-03-27 08:35:00,U0032,PC0032,Logon
9824,2025-03-27 16:07:26.806567,U0032,PC0032,Logoff
9825,2025-03-27 08:35:00,U0033,PC0033,Logon
9826,2025-03-27 15:02:57.151104,U0033,PC0033,Logoff
9827,2025-03-27 08:31:00,U0034,PC0034,Logon
9828,2025-03-27 15:54:57.307450,U0034,PC0034,Logoff
9829,2025-03-27 09:53:00,U0035,PC0035,Logon
9830,2025-03-27 17:13:48.705396,U0035,PC0035,Logoff
9831,2025-03-27 08:51:00,U0036,PC0036,Logon
9832,2025-03-27 16:02:07.131648,U0036,PC0036,Logoff
9833,2025-03-27 08:54:00,U0037,PC0037,Logon
9834,2025-03-27 16:32:46.107734,U0037,PC0037,Logoff
9835,2025-03-27 10:44:00,U0038,PC0038,Logon
9836,2025-03-27 19:47:16.634263,U0038,PC0038,Logoff
9837,2025-03-27 09:05:00,U0039,PC0039,Logon
9838,2025-03-27 18:15:06.889311,U0039,PC0039,Logoff
9839,2025-03-27 08:57:00,U0040,PC0040,Logon
9840,2025-03-27 15:43:39.487386,U0040,PC0040,Logoff
9841,2025-03-27 08:14:00,U0041,PC0041,Logon
9842,2025-03-27 17:34:04.222080,U0041,PC0041,Logoff
9843,2025-03-27 08:06:00,U0042,PC0042,Logon
9844,2025-03-27 14:50:55.117744,U0042,PC0042,Logoff
9845,2025-03-27 08:55:00,U0043,PC0043,Logon
9846,2025-03-27 16:40:41.020086,U0043,PC0043,Logoff
9847,2025-03-27 09:57:00,U0044,PC0044,Logon
9848,2025-03-27 18:12:03.423675,U0044,PC0044,Logoff
9849,2025-03-27 08:49:00,U0045,PC0045,Logon
9850,2025-03-27 17:30:08.363013,U0045,PC0045,Logoff
9851,2025-03-27 08:37:00,U0046,PC0046,Logon
9852,2025-03-27 16:27:37.405188,U0046,PC0046,Logoff
9853,2025-03-27 09:45:00,U0047,PC0047,Logon
9854,2025-03-27 17:06:29.442946,U0047,PC0047,Logoff
9855,2025-03-27 08:02:00,U0048,PC0048,Logon
9856,2025-03-27 16:37:30.004979,U0048,PC0048,Logoff
9857,2025-03-27 08:39:00,U0049,PC0049,Logon
9858,2025-03-27 16:15:54.748715,U0049,PC0049,Logoff
9859,2025-03-27 09:25:00,U0050,PC0050,Logon
9860,2025-03-27 19:28:14.732789,U0050,PC0050,Logoff
9861,2025-03-27 09:24:00,U0051,PC0051,Logon
9862,2025-03-27 17:52:21.503147,U0051,PC0051,Logoff
9863,2025-03-27 09:47:00,U0052,PC0052,Logon
9864,2025-03-27 16:42:36.515013,U0052,PC0052,Logoff
9865,2025-03-27 09:17:00,U0053,PC0053,Logon
9866,2025-03-27 17:15:12.840642,U0053,PC0053,Logoff
9867,2025-03-27 09:57:00,U0054,PC0054,Logon
9868,2025-03-27 18:03:59.428989,U0054,PC0054,Logoff
9869,2025-03-27 09:52:00,U0055,PC0055,Logon
9870,2025-03-27 17:33:18.718098,U0055,PC0055,Logoff
9871,2025-03-27 09:57:00,U0056,PC0056,Logon
9872,2025-03-27 16:43:19.817162,U0056,PC0056,Logoff
9873,2025-03-27 08:10:00,U0057,PC0057,Logon
9874,2025-03-27 17:33:27.000773,U0057,PC0057,Logoff
9875,2025-03-27 09:17:00,U0058,PC0058,Logon
9876,2025-03-27 17:15:44.684265,U0058,PC0058,Logoff
9877,2025-03-27 09:16:00,U0059,PC0059,Logon
9878,2025-03-27 15:54:20.994078,U0059,PC0059,Logoff
9879,2025-03-27 08:53:00,U0060,PC0060,Logon
9880,2025-03-27 18:35:45.761081,U0060,PC0060,Logoff
9881,2025-03-27 09:37:00,U0061,LAB015,Logon
9882,2025-03-27 17:22:26.701069,U0061,LAB015,Logoff
9883,2025-03-27 08:50:00,U0062,PC0062,Logon
9884,2025-03-27 17:16:51.706559,U0062,PC0062,Logoff
9885,2025-03-27 09:21:00,U0063,LAB014,Logon
9886,2025-03-27 16:15:19.820301,U0063,LAB014,Logoff
9887,2025-03-27 08:56:00,U0064,PC0064,Logon
9888,2025-03-27 16:35:52.143005,U0064,PC0064,Logoff
9889,2025-03-27 09:54:00,U0065,PC0065,Logon
9890,2025-03-27 16:46:50.699128,U0065,PC0065,Logoff
9891,2025-03-27 09:50:00,U0066,PC0066,Logon
9892,2025-03-27 18:44:56.965614,U0066,PC0066,Logoff
9893,2025-03-27 08:23:00,U0067,PC0067,Logon
9894,2025-03-27 16:10:00.892638,U0067,PC0067,Logoff
9895,2025-03-27 08:23:00,U0068,PC0068,Logon
9896,2025-03-27 15:36:18.089209,U0068,PC0068,Logoff
9897,2025-03-27 08:23:00,U0069,PC0069,Logon
9898,2025-03-27 16:06:47.026676,U0069,PC0069,Logoff
9899,2025-03-27 09:49:00,U0070,PC0070,Logon
9900,2025-03-27 18:45:47.825910,U0070,PC0070,Logoff
9901,2025-03-27 09:19:00,U0071,PC0071,Logon
9902,2025-03-27 17:41:11.732207,U0071,PC0071,Logoff
9903,2025-03-27 08:35:00,U0072,PC0072,Logon
9904,2025-03-27 16:32:30.632024,U0072,PC0072,Logoff
9905,2025-03-27 09:35:00,U0073,PC0073,Logon
9906,2025-03-27 16:19:30.247334,U0073,PC0073,Logoff
9907,2025-03-27 09:56:00,U0074,PC0074,Logon
9908,2025-03-27 20:15:21.393211,U0074,PC0074,Logoff
9909,2025-03-27 09:17:00,U0075,PC0075,Logon
9910,2025-03-27 18:41:50.504888,U0075,PC0075,Logoff
9911,2025-03-27 09:21:00,U0076,PC0076,Logon
9912,2025-03-27 18:19:04.555016,U0076,PC0076,Logoff
9913,2025-03-27 08:39:00,U0077,PC0077,Logon
9914,2025-03-27 17:26:45.109724,U0077,PC0077,Logoff
9915,2025-03-27 09:08:00,U0078,PC0078,Logon
9916,2025-03-27 17:25:23.680227,U0078,PC0078,Logoff
9917,2025-03-27 09:37:00,U0079,PC0079,Logon
9918,2025-03-27 17:04:40.374584,U0079,PC0079,Logoff
9919,2025-03-27 08:19:00,U0080,PC0080,Logon
9920,2025-03-27 16:24:43.663349,U0080,PC0080,Logoff
9921,2025-03-28 08:31:00,U0001,PC0001,Logon
9922,2025-03-28 22:44:36.954998,U0001,PC0001,Logoff
9923,2025-03-28 08:24:00,U0002,PC0002,Logon
9924,2025-03-28 17:26:49.036324,U0002,PC0002,Logoff
9925,2025-03-28 09:23:00,U0003,PC0003,Logon
9926,2025-03-28 16:51:44.785546,U0003,PC0003,Logoff
9927,2025-03-28 08:33:00,U0004,PC0004,Logon
9928,2025-03-28 16:18:55.515493,U0004,PC0004,Logoff
9929,2025-03-28 09:41:00,U0005,PC0005,Logon
9930,2025-03-28 18:13:51.860323,U0005,PC0005,Logoff
9931,2025-03-28 08:25:00,U0006,PC0006,Logon
9932,2025-03-28 15:34:14.257179,U0006,PC0006,Logoff
9933,2025-03-28 09:57:00,U0007,PC0007,Logon
9934,2025-03-28 17:13:39.549343,U0007,PC0007,Logoff
9935,2025-03-28 09:21:00,U0008,PC0008,Logon
9936,2025-03-28 17:28:25.516713,U0008,PC0008,Logoff
9937,2025-03-28 09:02:00,U0009,PC0009,Logon
9938,2025-03-28 17:53:29.773549,U0009,PC0009,Logoff
9939,2025-03-28 08:17:00,U0010,PC0010,Logon
9940,2025-03-28 14:22:19.826429,U0010,PC0010,Logoff
9941,2025-03-28 08:06:00,U0011,PC0011,Logon
9942,2025-03-28 17:54:05.502268,U0011,PC0011,Logoff
9943,2025-03-28 10:47:00,U0012,PC0012,Logon
9944,2025-03-28 20:36:52.237688,U0012,PC0012,Logoff
9945,2025-03-28 08:19:00,U0013,PC0013,Logon
9946,2025-03-28 14:32:04.385705,U0013,PC0013,Logoff
9947,2025-03-28 07:00:00,U0014,PC0014,Logon
9948,2025-03-28 14:23:09.462618,U0014,PC0014,Logoff
9949,2025-03-28 08:54:00,U0015,PC0015,Logon
9950,2025-03-28 18:12:02.251444,U0015,PC0015,Logoff
9951,2025-03-28 09:12:00,U0016,PC0016,Logon
9952,2025-03-28 17:25:38.658284,U0016,PC0016,Logoff
9953,2025-03-28 08:24:00,U0017,PC0017,Logon
9954,2025-03-28 15:26:21.193590,U0017,PC0017,Logoff
9955,2025-03-28 09:30:00,U0018,PC0018,Logon
9956,2025-03-28 18:11:49.383524,U0018,PC0018,Logoff
9957,2025-03-28 09:55:00,U0019,PC0019,Logon
9958,2025-03-28 16:52:55.447345,U0019,PC0019,Logoff
9959,2025-03-28 09:23:00,U0020,PC0020,Logon
9960,2025-03-28 17:48:33.279482,U0020,PC0020,Logoff
9961,2025-03-28 08:41:00,U0021,PC0021,Logon
9962,2025-03-28 15:53:56.444507,U0021,PC0021,Logoff
9963,2025-03-28 09:28:00,U0022,PC0022,Logon
9964,2025-03-28 17:13:55.772873,U0022,PC0022,Logoff
9965,2025-03-28 09:22:00,U0023,LAB017,Logon
9966,2025-03-28 17:52:04.065394,U0023,LAB017,Logoff
9967,2025-03-28 08:08:00,U0024,PC0024,Logon
9968,2025-03-28 16:07:23.259839,U0024,PC0024,Logoff
9969,2025-03-28 09:41:00,U0025,PC0025,Logon
9970,2025-03-28 16:57:17.794872,U0025,PC0025,Logoff
9971,2025-03-28 08:24:00,U0026,PC0026,Logon
9972,2025-03-28 17:06:05.003618,U0026,PC0026,Logoff
9973,2025-03-28 09:11:00,U0027,PC0027,Logon
9974,2025-03-28 17:47:13.613290,U0027,PC0027,Logoff
9975,2025-03-28 09:58:00,U0028,PC0028,Logon
9976,2025-03-28 17:25:29.616350,U0028,PC0028,Logoff
9977,2025-03-28 09:38:00,U0029,PC0029,Logon
9978,2025-03-28 16:43:56.683973,U0029,PC0029,Logoff
9979,2025-03-28 08:03:00,U0030,PC0030,Logon
9980,2025-03-28 14:17:24.148024,U0030,PC0030,Logoff
9981,2025-03-28 08:00:00,U0031,PC0031,Logon
9982,2025-03-28 15:29:46.599587,U0031,PC0031,Logoff
9983,2025-03-28 09:36:00,U0032,PC0032,Logon
9984,2025-03-28 17:50:38.007390,U0032,PC0032,Logoff
9985,2025-03-28 08:13:00,U0033,PC0033,Logon
9986,2025-03-28 15:49:26.185542,U0033,PC0033,Logoff
9987,2025-03-28 08:04:00,U0034,PC0034,Logon
9988,2025-03-28 14:17:26.463911,U0034,PC0034,Logoff
9989,2025-03-28 08:29:00,U0035,PC0035,Logon
9990,2025-03-28 15:42:45.070930,U0035,PC0035,Logoff
9991,2025-03-28 09:33:00,U0036,PC0036,Logon
9992,2025-03-28 17:44:29.222577,U0036,PC0036,Logoff
9993,2025-03-28 09:02:00,U0037,PC0037,Logon
9994,2025-03-28 15:32:04.912210,U0037,PC0037,Logoff
9995,2025-03-28 09:31:00,U0038,PC0038,Logon
9996,2025-03-28 18:49:03.967427,U0038,PC0038,Logoff
9997,2025-03-28 08:52:00,U0039,PC0039,Logon
9998,2025-03-28 16:09:40.859794,U0039,PC0039,Logoff
9999,2025-03-28 09:45:00,U0040,PC0040,Logon
10000,2025-03-28 18:23:39.798433,U0040,PC0040,Logoff
10001,2025-03-28 08:16:00,U0041,LAB001,Logon
10002,2025-03-28 15:57:40.201933,U0041,LAB001,Logoff
10003,2025-03-28 08:01:00,U0042,PC0042,Logon
10004,2025-03-28 16:07:37.504969,U0042,PC0042,Logoff
10005,2025-03-28 09:37:00,U0043,PC0043,Logon
10006,2025-03-28 16:50:44.248234,U0043,PC0043,Logoff
10007,2025-03-28 09:01:00,U0044,PC0044,Logon
10008,2025-03-28 16:14:05.980540,U0044,PC0044,Logoff
10009,2025-03-28 08:17:00,U0045,PC0045,Logon
10010,2025-03-28 17:06:06.940626,U0045,PC0045,Logoff
10011,2025-03-28 09:29:00,U0046,PC0046,Logon
10012,2025-03-28 18:20:05.075772,U0046,PC0046,Logoff
10013,2025-03-28 08:06:00,U0047,PC0047,Logon
10014,2025-03-28 15:38:02.576479,U0047,PC0047,Logoff
10015,2025-03-28 09:57:00,U0048,PC0048,Logon
10016,2025-03-28 17:59:29.550626,U0048,PC0048,Logoff
10017,2025-03-28 08:46:00,U0049,PC0049,Logon
10018,2025-03-28 17:13:29.944581,U0049,PC0049,Logoff
10019,2025-03-28 08:00:00,U0050,PC0050,Logon
10020,2025-03-28 17:47:40.289454,U0050,PC0050,Logoff
10021,2025-03-28 09:59:00,U0051,PC0051,Logon
10022,2025-03-28 18:35:14.750735,U0051,PC0051,Logoff
10023,2025-03-28 09:25:00,U0052,PC0052,Logon
10024,2025-03-28 17:28:53.248860,U0052,PC0052,Logoff
10025,2025-03-28 09:01:00,U0053,PC0053,Logon
10026,2025-03-28 18:29:39.793063,U0053,PC0053,Logoff
10027,2025-03-28 09:06:00,U0054,LAB010,Logon
10028,2025-03-28 16:50:41.326183,U0054,LAB010,Logoff
10029,2025-03-28 08:44:00,U0055,PC0055,Logon
10030,2025-03-28 16:39:00.719307,U0055,PC0055,Logoff
10031,2025-03-28 09:30:00,U0056,PC0056,Logon
10032,2025-03-28 18:26:44.280339,U0056,PC0056,Logoff
10033,2025-03-28 09:35:00,U0057,PC0057,Logon
10034,2025-03-28 17:02:31.323258,U0057,PC0057,Logoff
10035,2025-03-28 08:41:00,U0058,PC0058,Logon
10036,2025-03-28 16:11:17.225647,U0058,PC0058,Logoff
10037,2025-03-28 08:41:00,U0059,PC0059,Logon
10038,2025-03-28 16:22:13.455718,U0059,PC0059,Logoff
10039,2025-03-28 09:50:00,U0060,PC0060,Logon
10040,2025-03-28 19:49:08.435080,U0060,PC0060,Logoff
10041,2025-03-28 09:17:00,U0061,PC0061,Logon
10042,2025-03-28 17:03:59.765559,U0061,PC0061,Logoff
10043,2025-03-28 08:11:00,U0062,LAB007,Logon
10044,2025-03-28 16:18:27.785161,U0062,LAB007,Logoff
10045,2025-03-28 08:53:00,U0063,PC0063,Logon
10046,2025-03-28 17:00:12.714811,U0063,PC0063,Logoff
10047,2025-03-28 09:55:00,U0064,PC0064,Logon
10048,2025-03-28 18:07:34.869829,U0064,PC0064,Logoff
10049,2025-03-28 09:07:00,U0065,PC0065,Logon
10050,2025-03-28 17:33:01.491394,U0065,PC0065,Logoff
10051,2025-03-28 08:14:00,U0066,PC0066,Logon
10052,2025-03-28 16:52:12.732570,U0066,PC0066,Logoff
10053,2025-03-28 08:52:00,U0067,PC0067,Logon
10054,2025-03-28 15:46:14.979013,U0067,PC0067,Logoff
10055,2025-03-28 08:23:00,U0068,PC0068,Logon
10056,2025-03-28 16:49:00.749798,U0068,PC0068,Logoff
10057,2025-03-28 08:00:00,U0069,PC0069,Logon
10058,2025-03-28 14:19:04.912378,U0069,PC0069,Logoff
10059,2025-03-28 09:17:00,U0070,PC0070,Logon
10060,2025-03-28 15:50:37.410729,U0070,PC0070,Logoff
10061,2025-03-28 09:12:00,U0071,PC0071,Logon
10062,2025-03-28 17:26:18.596132,U0071,PC0071,Logoff
10063,2025-03-28 09:33:00,U0072,PC0072,Logon
10064,2025-03-28 19:19:54.065231,U0072,PC0072,Logoff
10065,2025-03-28 08:56:00,U0073,PC0073,Logon
10066,2025-03-28 16:52:51.094118,U0073,PC0073,Logoff
10067,2025-03-28 08:14:00,U0074,PC0074,Logon
10068,2025-03-28 16:40:01.498869,U0074,PC0074,Logoff
10069,2025-03-28 09:37:00,U0075,PC0075,Logon
10070,2025-03-28 17:15:50.833526,U0075,PC0075,Logoff
10071,2025-03-28 08:19:00,U0076,PC0076,Logon
10072,2025-03-28 15:12:00.776921,U0076,PC0076,Logoff
10073,2025-03-28 09:37:00,U0077,LAB014,Logon
10074,2025-03-28 18:04:33.135054,U0077,LAB014,Logoff
10075,2025-03-28 09:57:00,U0078,PC0078,Logon
10076,2025-03-28 17:38:22.573909,U0078,PC0078,Logoff
10077,2025-03-28 08:51:00,U0079,PC0079,Logon
10078,2025-03-28 15:46:18.065760,U0079,PC0079,Logoff
10079,2025-03-28 09:31:00,U0080,PC0080,Logon
10080,2025-03-28 16:28:36.744392,U0080,PC0080,Logoff
10081,2025-03-31 09:40:00,U0001,PC0001,Logon
10082,2025-03-31 16:21:32.486708,U0001,PC0001,Logoff
10083,2025-03-31 09:29:00,U0002,PC0002,Logon
10084,2025-03-31 19:03:00.676946,U0002,PC0002,Logoff
10085,2025-03-31 09:53:00,U0003,PC0003,Logon
10086,2025-03-31 18:03:32.425365,U0003,PC0003,Logoff
10087,2025-03-31 08:11:00,U0004,PC0004,Logon
10088,2025-03-31 14:48:05.630921,U0004,PC0004,Logoff
10089,2025-03-31 09:39:00,U0005,PC0005,Logon
10090,2025-03-31 19:09:22.130067,U0005,PC0005,Logoff
10091,2025-03-31 08:32:00,U0006,PC0006,Logon
10092,2025-03-31 15:23:39.378573,U0006,PC0006,Logoff
10093,2025-03-31 07:45:00,U0007,PC0007,Logon
10094,2025-03-31 14:46:09.246563,U0007,PC0007,Logoff
10095,2025-03-31 08:10:00,U0008,PC0008,Logon
10096,2025-03-31 17:45:56.843667,U0008,PC0008,Logoff
10097,2025-03-31 09:15:00,U0009,PC0009,Logon
10098,2025-03-31 17:33:18.307457,U0009,PC0009,Logoff
10099,2025-03-31 08:13:00,U0010,PC0010,Logon
10100,2025-03-31 15:38:00.603418,U0010,PC0010,Logoff
10101,2025-03-31 09:52:00,U0011,PC0011,Logon
10102,2025-03-31 18:04:02.658747,U0011,PC0011,Logoff
10103,2025-03-31 07:39:00,U0012,PC0012,Logon
10104,2025-03-31 14:58:35.257268,U0012,PC0012,Logoff
10105,2025-03-31 08:37:00,U0013,PC0013,Logon
10106,2025-03-31 16:04:13.449567,U0013,PC0013,Logoff
10107,2025-03-31 09:48:00,U0014,PC0014,Logon
10108,2025-03-31 17:41:33.198426,U0014,PC0014,Logoff
10109,2025-03-31 08:14:00,U0015,PC0015,Logon
10110,2025-03-31 17:32:48.503381,U0015,PC0015,Logoff
10111,2025-03-31 08:50:00,U0016,PC0016,Logon
10112,2025-03-31 18:41:51.118293,U0016,PC0016,Logoff
10113,2025-03-31 08:06:00,U0017,PC0017,Logon
10114,2025-03-31 16:11:21.113508,U0017,PC0017,Logoff
10115,2025-03-31 08:31:00,U0018,PC0018,Logon
10116,2025-03-31 16:38:24.308881,U0018,PC0018,Logoff
10117,2025-03-31 09:25:00,U0019,PC0019,Logon
10118,2025-03-31 17:51:01.806864,U0019,PC0019,Logoff
10119,2025-03-31 08:42:00,U0020,PC0020,Logon
10120,2025-03-31 15:34:37.507161,U0020,PC0020,Logoff
10121,2025-03-31 10:29:00,U0021,PC0021,Logon
10122,2025-03-31 17:59:57.656377,U0021,PC0021,Logoff
10123,2025-03-31 09:02:00,U0022,PC0022,Logon
10124,2025-03-31 15:25:32.491282,U0022,PC0022,Logoff
10125,2025-03-31 08:42:00,U0023,PC0023,Logon
10126,2025-03-31 16:34:22.082218,U0023,PC0023,Logoff
10127,2025-03-31 09:04:00,U0024,PC0024,Logon
10128,2025-03-31 14:20:39.165092,U0024,PC0024,Logoff
10129,2025-03-31 09:16:00,U0025,PC0025,Logon
10130,2025-03-31 16:07:00.930761,U0025,PC0025,Logoff
10131,2025-03-31 09:08:00,U0026,PC0026,Logon
10132,2025-03-31 16:05:49.214891,U0026,PC0026,Logoff
10133,2025-03-31 08:57:00,U0027,PC0027,Logon
10134,2025-03-31 16:40:34.940603,U0027,PC0027,Logoff
10135,2025-03-31 08:23:00,U0028,PC0028,Logon
10136,2025-03-31 15:54:28.075992,U0028,PC0028,Logoff
10137,2025-03-31 08:50:00,U0029,PC0029,Logon
10138,2025-03-31 15:00:00.586374,U0029,PC0029,Logoff
10139,2025-03-31 09:37:00,U0030,PC0030,Logon
10140,2025-03-31 16:19:14.224706,U0030,PC0030,Logoff
10141,2025-03-31 08:51:00,U0031,LAB017,Logon
10142,2025-03-31 17:36:10.407893,U0031,LAB017,Logoff
10143,2025-03-31 08:21:00,U0032,PC0032,Logon
10144,2025-03-31 15:31:29.402761,U0032,PC0032,Logoff
10145,2025-03-31 09:00:00,U0033,PC0033,Logon
10146,2025-03-31 18:07:04.561762,U0033,PC0033,Logoff
10147,2025-03-31 08:03:00,U0034,PC0034,Logon
10148,2025-03-31 15:53:59.467805,U0034,PC0034,Logoff
10149,2025-03-31 08:52:00,U0035,PC0035,Logon
10150,2025-03-31 16:28:24.476387,U0035,PC0035,Logoff
10151,2025-03-31 09:28:00,U0036,PC0036,Logon
10152,2025-03-31 16:36:43.351290,U0036,PC0036,Logoff
10153,2025-03-31 08:34:00,U0037,PC0037,Logon
10154,2025-03-31 15:09:30.383634,U0037,PC0037,Logoff
10155,2025-03-31 09:21:00,U0038,PC0038,Logon
10156,2025-03-31 18:24:20.499296,U0038,PC0038,Logoff
10157,2025-03-31 08:26:00,U0039,PC0039,Logon
10158,2025-03-31 15:48:38.381640,U0039,PC0039,Logoff
10159,2025-03-31 09:17:00,U0040,PC0040,Logon
10160,2025-03-31 18:29:43.526590,U0040,PC0040,Logoff
10161,2025-03-31 08:21:00,U0041,PC0041,Logon
10162,2025-03-31 16:10:52.374945,U0041,PC0041,Logoff
10163,2025-03-31 09:54:00,U0042,PC0042,Logon
10164,2025-03-31 17:47:52.596994,U0042,PC0042,Logoff
10165,2025-03-31 07:06:00,U0043,PC0043,Logon
10166,2025-03-31 15:36:03.924034,U0043,PC0043,Logoff
10167,2025-03-31 09:34:00,U0044,PC0044,Logon
10168,2025-03-31 17:40:59.982304,U0044,PC0044,Logoff
10169,2025-03-31 08:41:00,U0045,PC0045,Logon
10170,2025-03-31 16:10:12.741913,U0045,PC0045,Logoff
10171,2025-03-31 09:22:00,U0046,PC0046,Logon
10172,2025-03-31 18:16:35.865147,U0046,PC0046,Logoff
10173,2025-03-31 09:48:00,U0047,PC0047,Logon
10174,2025-03-31 18:09:23.085301,U0047,PC0047,Logoff
10175,2025-03-31 08:15:00,U0048,PC0048,Logon
10176,2025-03-31 16:02:57.943750,U0048,PC0048,Logoff
10177,2025-03-31 08:16:00,U0049,PC0049,Logon
10178,2025-03-31 16:48:58.467538,U0049,PC0049,Logoff
10179,2025-03-31 09:24:00,U0050,PC0050,Logon
10180,2025-03-31 18:31:06.017292,U0050,PC0050,Logoff
10181,2025-03-31 08:13:00,U0051,PC0051,Logon
10182,2025-03-31 16:26:26.381888,U0051,PC0051,Logoff
10183,2025-03-31 09:26:00,U0052,PC0052,Logon
10184,2025-03-31 18:03:07.897189,U0052,PC0052,Logoff
10185,2025-03-31 08:42:00,U0053,PC0053,Logon
10186,2025-03-31 19:36:50.793177,U0053,PC0053,Logoff
10187,2025-03-31 08:48:00,U0054,PC0054,Logon
10188,2025-03-31 15:43:00.521592,U0054,PC0054,Logoff
10189,2025-03-31 23:55:00,U0055,PC0055,Logon
10190,2025-04-01 10:02:00.490998,U0055,PC0055,Logoff
10191,2025-03-31 08:59:00,U0056,PC0056,Logon
10192,2025-03-31 16:43:03.017884,U0056,PC0056,Logoff
10193,2025-03-31 09:46:00,U0057,PC0057,Logon
10194,2025-03-31 17:44:55.696242,U0057,PC0057,Logoff
10195,2025-03-31 08:50:00,U0058,PC0058,Logon
10196,2025-03-31 17:23:56.278447,U0058,PC0058,Logoff
10197,2025-03-31 09:21:00,U0059,PC0059,Logon
10198,2025-03-31 18:22:49.579628,U0059,PC0059,Logoff
10199,2025-03-31 09:15:00,U0060,PC0060,Logon
10200,2025-03-31 17:33:25.211016,U0060,PC0060,Logoff
10201,2025-03-31 09:43:00,U0061,PC0061,Logon
10202,2025-03-31 17:55:50.799536,U0061,PC0061,Logoff
10203,2025-03-31 09:55:00,U0062,PC0062,Logon
10204,2025-03-31 17:58:18.614296,U0062,PC0062,Logoff
10205,2025-03-31 08:18:00,U0063,PC0063,Logon
10206,2025-03-31 17:29:47.857635,U0063,PC0063,Logoff
10207,2025-03-31 09:44:00,U0064,PC0064,Logon
10208,2025-03-31 16:13:32.809399,U0064,PC0064,Logoff
10209,2025-03-31 09:56:00,U0065,PC0065,Logon
10210,2025-03-31 17:14:40.700040,U0065,PC0065,Logoff
10211,2025-03-31 08:53:00,U0066,PC0066,Logon
10212,2025-03-31 17:17:09.058355,U0066,PC0066,Logoff
10213,2025-03-31 09:33:00,U0067,PC0067,Logon
10214,2025-03-31 17:26:16.344803,U0067,PC0067,Logoff
10215,2025-03-31 08:55:00,U0068,PC0068,Logon
10216,2025-03-31 15:57:05.835910,U0068,PC0068,Logoff
10217,2025-03-31 09:04:00,U0069,PC0069,Logon
10218,2025-03-31 14:19:34.464881,U0069,PC0069,Logoff
10219,2025-03-31 09:43:00,U0070,PC0070,Logon
10220,2025-03-31 18:14:16.427966,U0070,PC0070,Logoff
10221,2025-03-31 09:39:00,U0071,PC0071,Logon
10222,2025-03-31 17:27:05.150927,U0071,PC0071,Logoff
10223,2025-03-31 07:35:00,U0072,PC0072,Logon
10224,2025-03-31 16:00:49.305509,U0072,PC0072,Logoff
10225,2025-03-31 09:29:00,U0073,PC0073,Logon
10226,2025-03-31 18:24:28.998500,U0073,PC0073,Logoff
10227,2025-03-31 08:50:00,U0074,PC0074,Logon
10228,2025-03-31 16:55:12.339872,U0074,PC0074,Logoff
10229,2025-03-31 08:48:00,U0075,PC0075,Logon
10230,2025-03-31 15:58:50.640729,U0075,PC0075,Logoff
10231,2025-03-31 09:14:00,U0076,PC0076,Logon
10232,2025-03-31 16:02:08.883679,U0076,PC0076,Logoff
10233,2025-03-31 08:23:00,U0077,PC0077,Logon
10234,2025-03-31 15:16:45.507719,U0077,PC0077,Logoff
10235,2025-03-31 08:43:00,U0078,PC0078,Logon
10236,2025-03-31 16:51:47.091451,U0078,PC0078,Logoff
10237,2025-03-31 09:10:00,U0079,PC0079,Logon
10238,2025-03-31 16:58:54.443678,U0079,PC0079,Logoff
10239,2025-03-31 08:25:00,U0080,LAB020,Logon
10240,2025-03-31 17:15:23.800343,U0080,LAB020,Logoff
